[?2026h[?25l[1Gpulling manifest ⠋ [K[?25h[?2026l[?2026h[?25l[1Gpulling manifest ⠙ [K[?25h[?2026l[?2026h[?25l[1Gpulling manifest ⠹ [K[?25h[?2026l[?2026h[?25l[1Gpulling manifest ⠸ [K[?25h[?2026l[?2026h[?25l[1Gpulling manifest ⠼ [K[?25h[?2026l[?2026h[?25l[1Gpulling manifest ⠴ [K[?25h[?2026l[?2026h[?25l[1Gpulling manifest ⠦ [K[?25h[?2026l[?2026h[?25l[1Gpulling manifest ⠧ [K[?25h[?2026l[?2026h[?25l[1Gpulling manifest ⠇ [K[?25h[?2026l[?2026h[?25l[1Gpulling manifest ⠏ [K[?25h[?2026l[?2026h[?25l[1Gpulling manifest ⠋ [K[?25h[?2026l[?2026h[?25l[1Gpulling manifest ⠙ [K[?25h[?2026l[?2026h[?25l[1Gpulling manifest ⠹ [K[?25h[?2026l[?2026h[?25l[1Gpulling manifest ⠸ [K[?25h[?2026l[?2026h[?25l[1Gpulling manifest [K
pulling 2bada8a74506:  69% ▕████████████      ▏ 3.2 GB/4.7 GB                  [K[?25h[?2026l[?2026h[?25l[A[1Gpulling manifest [K
pulling 2bada8a74506:  69% ▕████████████      ▏ 3.2 GB/4.7 GB                  [K[?25h[?2026l[?2026h[?25l[A[1Gpulling manifest [K
pulling 2bada8a74506:  69% ▕████████████      ▏ 3.2 GB/4.7 GB                  [K[?25h[?2026l[?2026h[?25l[A[1Gpulling manifest [K
pulling 2bada8a74506:  69% ▕████████████      ▏ 3.2 GB/4.7 GB                  [K[?25h[?2026l[?2026h[?25l[A[1Gpulling manifest [K
pulling 2bada8a74506:  69% ▕████████████      ▏ 3.2 GB/4.7 GB                  [K[?25h[?2026l[?2026h[?25l[A[1Gpulling manifest [K
pulling 2bada8a74506:  69% ▕████████████      ▏ 3.2 GB/4.7 GB                  [K[?25h[?2026l[?2026h[?25l[A[1Gpulling manifest [K
pulling 2bada8a74506:  69% ▕████████████      ▏ 3.2 GB/4.7 GB                  [K[?25h[?2026l[?2026h[?25l[A[1Gpulling manifest [K
pulling 2bada8a74506:  69% ▕████████████      ▏ 3.2 GB/4.7 GB                  [K[?25h[?2026l[?2026h[?25l[A[1Gpulling manifest [K
pulling 2bada8a74506:  69% ▕████████████      ▏ 3.2 GB/4.7 GB                  [K[?25h[?2026l[?2026h[?25l[A[1Gpulling manifest [K
pulling 2bada8a74506:  69% ▕████████████      ▏ 3.2 GB/4.7 GB                  [K[?25h[?2026l[?2026h[?25l[A[1Gpulling manifest [K
pulling 2bada8a74506:  69% ▕████████████      ▏ 3.2 GB/4.7 GB  4.4 MB/s   5m32s[K[?25h[?2026l[?2026h[?25l[A[1Gpulling manifest [K
pulling 2bada8a74506:  69% ▕████████████      ▏ 3.2 GB/4.7 GB  4.4 MB/s   5m32s[K[?25h[?2026l[?2026h[?25l[A[1Gpulling manifest [K
pulling 2bada8a74506:  69% ▕████████████      ▏ 3.2 GB/4.7 GB  4.4 MB/s   5m32s[K[?25h[?2026l[?2026h[?25l[A[1Gpulling manifest [K
pulling 2bada8a74506:  69% ▕████████████      ▏ 3.2 GB/4.7 GB  4.4 MB/s   5m32s[K[?25h[?2026l[?2026h[?25l[A[1Gpulling manifest [K
pulling 2bada8a74506:  69% ▕████████████      ▏ 3.2 GB/4.7 GB  4.4 MB/s   5m32s[K[?25h[?2026l[?2026h[?25l[A[1Gpulling manifest [K
pulling 2bada8a74506:  69% ▕████████████      ▏ 3.2 GB/4.7 GB  4.4 MB/s   5m32s[K[?25h[?2026l[?2026h[?25l[A[1Gpulling manifest [K
pulling 2bada8a74506:  69% ▕████████████      ▏ 3.2 GB/4.7 GB  4.4 MB/s   5m32s[K[?25h[?2026l[?2026h[?25l[A[1Gpulling manifest [K
pulling 2bada8a74506:  69% ▕████████████      ▏ 3.2 GB/4.7 GB  4.4 MB/s   5m32s[K[?25h[?2026l[?2026h[?25l[A[1Gpulling manifest [K
pulling 2bada8a74506:  69% ▕████████████      ▏ 3.2 GB/4.7 GB  4.4 MB/s   5m32s[K[?25h[?2026l[?2026h[?25l[A[1Gpulling manifest [K
pulling 2bada8a74506:  69% ▕████████████      ▏ 3.2 GB/4.7 GB  4.4 MB/s   5m31s[K[?25h[?2026l[?2026h[?25l[A[1Gpulling manifest [K
pulling 2bada8a74506:  69% ▕████████████      ▏ 3.2 GB/4.7 GB  4.5 MB/s   5m25s[K[?25h[?2026l[?2026h[?25l[A[1Gpulling manifest [K
pulling 2bada8a74506:  69% ▕████████████      ▏ 3.2 GB/4.7 GB  4.5 MB/s   5m25s[K[?25h[?2026l[?2026h[?25l[A[1Gpulling manifest [K
pulling 2bada8a74506:  69% ▕████████████      ▏ 3.2 GB/4.7 GB  4.5 MB/s   5m25s[K[?25h[?2026l[?2026h[?25l[A[1Gpulling manifest [K
pulling 2bada8a74506:  69% ▕████████████      ▏ 3.2 GB/4.7 GB  4.5 MB/s   5m25s[K[?25h[?2026l[?2026h[?25l[A[1Gpulling manifest [K
pulling 2bada8a74506:  69% ▕████████████      ▏ 3.2 GB/4.7 GB  4.5 MB/s   5m25s[K[?25h[?2026l[?2026h[?25l[A[1Gpulling manifest [K
pulling 2bada8a74506:  69% ▕████████████      ▏ 3.2 GB/4.7 GB  4.5 MB/s   5m25s[K[?25h[?2026l[?2026h[?25l[A[1Gpulling manifest [K
pulling 2bada8a74506:  69% ▕████████████      ▏ 3.2 GB/4.7 GB  4.5 MB/s   5m25s[K[?25h[?2026l[?2026h[?25l[A[1Gpulling manifest [K
pulling 2bada8a74506:  69% ▕████████████      ▏ 3.2 GB/4.7 GB  4.5 MB/s   5m25s[K[?25h[?2026l[?2026h[?25l[A[1Gpulling manifest [K
pulling 2bada8a74506:  69% ▕████████████      ▏ 3.2 GB/4.7 GB  4.5 MB/s   5m25s[K[?25h[?2026l[?2026h[?25l[A[1Gpulling manifest [K
pulling 2bada8a74506:  69% ▕████████████      ▏ 3.2 GB/4.7 GB  4.5 MB/s   5m24s[K[?25h[?2026l[?2026h[?25l[A[1Gpulling manifest [K
pulling 2bada8a74506:  69% ▕████████████      ▏ 3.2 GB/4.7 GB  4.5 MB/s   5m24s[K[?25h[?2026l[?2026h[?25l[A[1Gpulling manifest [K
pulling 2bada8a74506:  69% ▕████████████      ▏ 3.2 GB/4.7 GB  4.4 MB/s   5m31s[K[?25h[?2026l[?2026h[?25l[A[1Gpulling manifest [K
pulling 2bada8a74506:  69% ▕████████████      ▏ 3.2 GB/4.7 GB  4.4 MB/s   5m31s[K[?25h[?2026l[?2026h[?25l[A[1Gpulling manifest [K
pulling 2bada8a74506:  69% ▕████████████      ▏ 3.2 GB/4.7 GB  4.4 MB/s   5m31s[K[?25h[?2026l[?2026h[?25l[A[1Gpulling manifest [K
pulling 2bada8a74506:  69% ▕████████████      ▏ 3.2 GB/4.7 GB  4.4 MB/s   5m30s[K[?25h[?2026l[?2026h[?25l[A[1Gpulling manifest [K
pulling 2bada8a74506:  69% ▕████████████      ▏ 3.2 GB/4.7 GB  4.4 MB/s   5m30s[K[?25h[?2026l[?2026h[?25l[A[1Gpulling manifest [K
pulling 2bada8a74506:  69% ▕████████████      ▏ 3.2 GB/4.7 GB  4.4 MB/s   5m30s[K[?25h[?2026l[?2026h[?25l[A[1Gpulling manifest [K
pulling 2bada8a74506:  69% ▕████████████      ▏ 3.2 GB/4.7 GB  4.4 MB/s   5m30s[K[?25h[?2026l[?2026h[?25l[A[1Gpulling manifest [K
pulling 2bada8a74506:  69% ▕████████████      ▏ 3.2 GB/4.7 GB  4.4 MB/s   5m30s[K[?25h[?2026l[?2026h[?25l[A[1Gpulling manifest [K
pulling 2bada8a74506:  69% ▕████████████      ▏ 3.2 GB/4.7 GB  4.4 MB/s   5m30s[K[?25h[?2026l[?2026h[?25l[A[1Gpulling manifest [K
pulling 2bada8a74506:  69% ▕████████████      ▏ 3.2 GB/4.7 GB  4.4 MB/s   5m30s[K[?25h[?2026l[?2026h[?25l[A[1Gpulling manifest [K
pulling 2bada8a74506:  69% ▕████████████      ▏ 3.2 GB/4.7 GB  4.3 MB/s   5m33s[K[?25h[?2026l[?2026h[?25l[A[1Gpulling manifest [K
pulling 2bada8a74506:  69% ▕████████████      ▏ 3.2 GB/4.7 GB  4.3 MB/s   5m33s[K[?25h[?2026l[?2026h[?25l[A[1Gpulling manifest [K
pulling 2bada8a74506:  69% ▕████████████      ▏ 3.2 GB/4.7 GB  4.3 MB/s   5m33s[K[?25h[?2026l[?2026h[?25l[A[1Gpulling manifest [K
pulling 2bada8a74506:  69% ▕████████████      ▏ 3.2 GB/4.7 GB  4.3 MB/s   5m32s[K[?25h[?2026l[?2026h[?25l[A[1Gpulling manifest [K
pulling 2bada8a74506:  69% ▕████████████      ▏ 3.2 GB/4.7 GB  4.3 MB/s   5m32s[K[?25h[?2026l[?2026h[?25l[A[1Gpulling manifest [K
pulling 2bada8a74506:  69% ▕████████████      ▏ 3.2 GB/4.7 GB  4.3 MB/s   5m32s[K[?25h[?2026l[?2026h[?25l[A[1Gpulling manifest [K
pulling 2bada8a74506:  69% ▕████████████      ▏ 3.2 GB/4.7 GB  4.3 MB/s   5m32s[K[?25h[?2026l[?2026h[?25l[A[1Gpulling manifest [K
pulling 2bada8a74506:  69% ▕████████████      ▏ 3.2 GB/4.7 GB  4.3 MB/s   5m32s[K[?25h[?2026l[?2026h[?25l[A[1Gpulling manifest [K
pulling 2bada8a74506:  69% ▕████████████      ▏ 3.2 GB/4.7 GB  4.3 MB/s   5m32s[K[?25h[?2026l[?2026h[?25l[A[1Gpulling manifest [K
pulling 2bada8a74506:  69% ▕████████████      ▏ 3.2 GB/4.7 GB  4.3 MB/s   5m32s[K[?25h[?2026l[?2026h[?25l[A[1Gpulling manifest [K
pulling 2bada8a74506:  69% ▕████████████      ▏ 3.2 GB/4.7 GB  4.3 MB/s   5m33s[K[?25h[?2026l[?2026h[?25l[A[1Gpulling manifest [K
pulling 2bada8a74506:  69% ▕████████████      ▏ 3.2 GB/4.7 GB  4.3 MB/s   5m32s[K[?25h[?2026l[?2026h[?25l[A[1Gpulling manifest [K
pulling 2bada8a74506:  69% ▕████████████      ▏ 3.2 GB/4.7 GB  4.3 MB/s   5m32s[K[?25h[?2026l[?2026h[?25l[A[1Gpulling manifest [K
pulling 2bada8a74506:  69% ▕████████████      ▏ 3.2 GB/4.7 GB  4.3 MB/s   5m32s[K[?25h[?2026l[?2026h[?25l[A[1Gpulling manifest [K
pulling 2bada8a74506:  69% ▕████████████      ▏ 3.2 GB/4.7 GB  4.3 MB/s   5m32s[K[?25h[?2026l[?2026h[?25l[A[1Gpulling manifest [K
pulling 2bada8a74506:  69% ▕████████████      ▏ 3.2 GB/4.7 GB  4.3 MB/s   5m32s[K[?25h[?2026l[?2026h[?25l[A[1Gpulling manifest [K
pulling 2bada8a74506:  69% ▕████████████      ▏ 3.2 GB/4.7 GB  4.3 MB/s   5m32s[K[?25h[?2026l[?2026h[?25l[A[1Gpulling manifest [K
pulling 2bada8a74506:  69% ▕████████████      ▏ 3.2 GB/4.7 GB  4.3 MB/s   5m32s[K[?25h[?2026l[?2026h[?25l[A[1Gpulling manifest [K
pulling 2bada8a74506:  69% ▕████████████      ▏ 3.2 GB/4.7 GB  4.3 MB/s   5m32s[K[?25h[?2026l[?2026h[?25l[A[1Gpulling manifest [K
pulling 2bada8a74506:  69% ▕████████████      ▏ 3.2 GB/4.7 GB  4.3 MB/s   5m32s[K[?25h[?2026l[?2026h[?25l[A[1Gpulling manifest [K
pulling 2bada8a74506:  69% ▕████████████      ▏ 3.2 GB/4.7 GB  4.4 MB/s   5m29s[K[?25h[?2026l[?2026h[?25l[A[1Gpulling manifest [K
pulling 2bada8a74506:  69% ▕████████████      ▏ 3.2 GB/4.7 GB  4.4 MB/s   5m29s[K[?25h[?2026l[?2026h[?25l[A[1Gpulling manifest [K
pulling 2bada8a74506:  69% ▕████████████      ▏ 3.2 GB/4.7 GB  4.4 MB/s   5m29s[K[?25h[?2026l[?2026h[?25l[A[1Gpulling manifest [K
pulling 2bada8a74506:  69% ▕████████████      ▏ 3.2 GB/4.7 GB  4.4 MB/s   5m29s[K[?25h[?2026l[?2026h[?25l[A[1Gpulling manifest [K
pulling 2bada8a74506:  69% ▕████████████      ▏ 3.2 GB/4.7 GB  4.4 MB/s   5m29s[K[?25h[?2026l[?2026h[?25l[A[1Gpulling manifest [K
pulling 2bada8a74506:  69% ▕████████████      ▏ 3.2 GB/4.7 GB  4.4 MB/s   5m29s[K[?25h[?2026l[?2026h[?25l[A[1Gpulling manifest [K
pulling 2bada8a74506:  69% ▕████████████      ▏ 3.2 GB/4.7 GB  4.4 MB/s   5m29s[K[?25h[?2026l[?2026h[?25l[A[1Gpulling manifest [K
pulling 2bada8a74506:  69% ▕████████████      ▏ 3.2 GB/4.7 GB  4.4 MB/s   5m29s[K[?25h[?2026l[?2026h[?25l[A[1Gpulling manifest [K
pulling 2bada8a74506:  69% ▕████████████      ▏ 3.2 GB/4.7 GB  4.4 MB/s   5m29s[K[?25h[?2026l[?2026h[?25l[A[1Gpulling manifest [K
pulling 2bada8a74506:  69% ▕████████████      ▏ 3.2 GB/4.7 GB  4.4 MB/s   5m29s[K[?25h[?2026l[?2026h[?25l[A[1Gpulling manifest [K
pulling 2bada8a74506:  69% ▕████████████      ▏ 3.2 GB/4.7 GB  4.4 MB/s   5m27s[K[?25h[?2026l[?2026h[?25l[A[1Gpulling manifest [K
pulling 2bada8a74506:  69% ▕████████████      ▏ 3.3 GB/4.7 GB  4.4 MB/s   5m27s[K[?25h[?2026l[?2026h[?25l[A[1Gpulling manifest [K
pulling 2bada8a74506:  69% ▕████████████      ▏ 3.3 GB/4.7 GB  4.4 MB/s   5m27s[K[?25h[?2026l[?2026h[?25l[A[1Gpulling manifest [K
pulling 2bada8a74506:  69% ▕████████████      ▏ 3.3 GB/4.7 GB  4.4 MB/s   5m27s[K[?25h[?2026l[?2026h[?25l[A[1Gpulling manifest [K
pulling 2bada8a74506:  69% ▕████████████      ▏ 3.3 GB/4.7 GB  4.4 MB/s   5m27s[K[?25h[?2026l[?2026h[?25l[A[1Gpulling manifest [K
pulling 2bada8a74506:  69% ▕████████████      ▏ 3.3 GB/4.7 GB  4.4 MB/s   5m27s[K[?25h[?2026l[?2026h[?25l[A[1Gpulling manifest [K
pulling 2bada8a74506:  69% ▕████████████      ▏ 3.3 GB/4.7 GB  4.4 MB/s   5m27s[K[?25h[?2026l[?2026h[?25l[A[1Gpulling manifest [K
pulling 2bada8a74506:  69% ▕████████████      ▏ 3.3 GB/4.7 GB  4.4 MB/s   5m27s[K[?25h[?2026l[?2026h[?25l[A[1Gpulling manifest [K
pulling 2bada8a74506:  69% ▕████████████      ▏ 3.3 GB/4.7 GB  4.4 MB/s   5m26s[K[?25h[?2026l[?2026h[?25l[A[1Gpulling manifest [K
pulling 2bada8a74506:  69% ▕████████████      ▏ 3.3 GB/4.7 GB  4.4 MB/s   5m26s[K[?25h[?2026l[?2026h[?25l[A[1Gpulling manifest [K
pulling 2bada8a74506:  69% ▕████████████      ▏ 3.3 GB/4.7 GB  4.4 MB/s   5m26s[K[?25h[?2026l[?2026h[?25l[A[1Gpulling manifest [K
pulling 2bada8a74506:  69% ▕████████████      ▏ 3.3 GB/4.7 GB  4.4 MB/s   5m24s[K[?25h[?2026l[?2026h[?25l[A[1Gpulling manifest [K
pulling 2bada8a74506:  70% ▕████████████      ▏ 3.3 GB/4.7 GB  4.4 MB/s   5m24s[K[?25h[?2026l[?2026h[?25l[A[1Gpulling manifest [K
pulling 2bada8a74506:  70% ▕████████████      ▏ 3.3 GB/4.7 GB  4.4 MB/s   5m24s[K[?25h[?2026l[?2026h[?25l[A[1Gpulling manifest [K
pulling 2bada8a74506:  70% ▕████████████      ▏ 3.3 GB/4.7 GB  4.4 MB/s   5m24s[K[?25h[?2026l[?2026h[?25l[A[1Gpulling manifest [K
pulling 2bada8a74506:  70% ▕████████████      ▏ 3.3 GB/4.7 GB  4.4 MB/s   5m24s[K[?25h[?2026l[?2026h[?25l[A[1Gpulling manifest [K
pulling 2bada8a74506:  70% ▕████████████      ▏ 3.3 GB/4.7 GB  4.4 MB/s   5m24s[K[?25h[?2026l[?2026h[?25l[A[1Gpulling manifest [K
pulling 2bada8a74506:  70% ▕████████████      ▏ 3.3 GB/4.7 GB  4.4 MB/s   5m24s[K[?25h[?2026l[?2026h[?25l[A[1Gpulling manifest [K
pulling 2bada8a74506:  70% ▕████████████      ▏ 3.3 GB/4.7 GB  4.4 MB/s   5m24s[K[?25h[?2026l[?2026h[?25l[A[1Gpulling manifest [K
pulling 2bada8a74506:  70% ▕████████████      ▏ 3.3 GB/4.7 GB  4.4 MB/s   5m23s[K[?25h[?2026l[?2026h[?25l[A[1Gpulling manifest [K
pulling 2bada8a74506:  70% ▕████████████      ▏ 3.3 GB/4.7 GB  4.4 MB/s   5m23s[K[?25h[?2026l[?2026h[?25l[A[1Gpulling manifest [K
pulling 2bada8a74506:  70% ▕████████████      ▏ 3.3 GB/4.7 GB  4.4 MB/s   5m23s[K[?25h[?2026l[?2026h[?25l[A[1Gpulling manifest [K
pulling 2bada8a74506:  70% ▕████████████      ▏ 3.3 GB/4.7 GB  4.4 MB/s   5m23s[K[?25h[?2026l[?2026h[?25l[A[1Gpulling manifest [K
pulling 2bada8a74506:  70% ▕████████████      ▏ 3.3 GB/4.7 GB  4.4 MB/s   5m23s[K[?25h[?2026l[?2026h[?25l[A[1Gpulling manifest [K
pulling 2bada8a74506:  70% ▕████████████      ▏ 3.3 GB/4.7 GB  4.4 MB/s   5m23s[K[?25h[?2026l[?2026h[?25l[A[1Gpulling manifest [K
pulling 2bada8a74506:  70% ▕████████████      ▏ 3.3 GB/4.7 GB  4.4 MB/s   5m23s[K[?25h[?2026l[?2026h[?25l[A[1Gpulling manifest [K
pulling 2bada8a74506:  70% ▕████████████      ▏ 3.3 GB/4.7 GB  4.4 MB/s   5m22s[K[?25h[?2026l[?2026h[?25l[A[1Gpulling manifest [K
pulling 2bada8a74506:  70% ▕████████████      ▏ 3.3 GB/4.7 GB  4.4 MB/s   5m22s[K[?25h[?2026l[?2026h[?25l[A[1Gpulling manifest [K
pulling 2bada8a74506:  70% ▕████████████      ▏ 3.3 GB/4.7 GB  4.4 MB/s   5m22s[K[?25h[?2026l[?2026h[?25l[A[1Gpulling manifest [K
pulling 2bada8a74506:  70% ▕████████████      ▏ 3.3 GB/4.7 GB  4.4 MB/s   5m22s[K[?25h[?2026l[?2026h[?25l[A[1Gpulling manifest [K
pulling 2bada8a74506:  70% ▕████████████      ▏ 3.3 GB/4.7 GB  4.4 MB/s   5m22s[K[?25h[?2026l[?2026h[?25l[A[1Gpulling manifest [K
pulling 2bada8a74506:  70% ▕████████████      ▏ 3.3 GB/4.7 GB  4.4 MB/s   5m21s[K[?25h[?2026l[?2026h[?25l[A[1Gpulling manifest [K
pulling 2bada8a74506:  70% ▕████████████      ▏ 3.3 GB/4.7 GB  4.4 MB/s   5m21s[K[?25h[?2026l[?2026h[?25l[A[1Gpulling manifest [K
pulling 2bada8a74506:  70% ▕████████████      ▏ 3.3 GB/4.7 GB  4.4 MB/s   5m21s[K[?25h[?2026l[?2026h[?25l[A[1Gpulling manifest [K
pulling 2bada8a74506:  70% ▕████████████      ▏ 3.3 GB/4.7 GB  4.4 MB/s   5m21s[K[?25h[?2026l[?2026h[?25l[A[1Gpulling manifest [K
pulling 2bada8a74506:  70% ▕████████████      ▏ 3.3 GB/4.7 GB  4.4 MB/s   5m21s[K[?25h[?2026l[?2026h[?25l[A[1Gpulling manifest [K
pulling 2bada8a74506:  70% ▕████████████      ▏ 3.3 GB/4.7 GB  4.4 MB/s   5m20s[K[?25h[?2026l[?2026h[?25l[A[1Gpulling manifest [K
pulling 2bada8a74506:  70% ▕████████████      ▏ 3.3 GB/4.7 GB  4.4 MB/s   5m20s[K[?25h[?2026l[?2026h[?25l[A[1Gpulling manifest [K
pulling 2bada8a74506:  70% ▕████████████      ▏ 3.3 GB/4.7 GB  4.4 MB/s   5m20s[K[?25h[?2026l[?2026h[?25l[A[1Gpulling manifest [K
pulling 2bada8a74506:  70% ▕████████████      ▏ 3.3 GB/4.7 GB  4.4 MB/s   5m20s[K[?25h[?2026l[?2026h[?25l[A[1Gpulling manifest [K
pulling 2bada8a74506:  70% ▕████████████      ▏ 3.3 GB/4.7 GB  4.4 MB/s   5m20s[K[?25h[?2026l[?2026h[?25l[A[1Gpulling manifest [K
pulling 2bada8a74506:  70% ▕████████████      ▏ 3.3 GB/4.7 GB  4.4 MB/s   5m19s[K[?25h[?2026l[?2026h[?25l[A[1Gpulling manifest [K
pulling 2bada8a74506:  70% ▕████████████      ▏ 3.3 GB/4.7 GB  4.4 MB/s   5m19s[K[?25h[?2026l[?2026h[?25l[A[1Gpulling manifest [K
pulling 2bada8a74506:  70% ▕████████████      ▏ 3.3 GB/4.7 GB  4.4 MB/s   5m19s[K[?25h[?2026l[?2026h[?25l[A[1Gpulling manifest [K
pulling 2bada8a74506:  70% ▕████████████      ▏ 3.3 GB/4.7 GB  4.4 MB/s   5m19s[K[?25h[?2026l[?2026h[?25l[A[1Gpulling manifest [K
pulling 2bada8a74506:  70% ▕████████████      ▏ 3.3 GB/4.7 GB  4.4 MB/s   5m19s[K[?25h[?2026l[?2026h[?25l[A[1Gpulling manifest [K
pulling 2bada8a74506:  70% ▕████████████      ▏ 3.3 GB/4.7 GB  4.4 MB/s   5m19s[K[?25h[?2026l[?2026h[?25l[A[1Gpulling manifest [K
pulling 2bada8a74506:  70% ▕████████████      ▏ 3.3 GB/4.7 GB  4.4 MB/s   5m19s[K[?25h[?2026l[?2026h[?25l[A[1Gpulling manifest [K
pulling 2bada8a74506:  70% ▕████████████      ▏ 3.3 GB/4.7 GB  4.4 MB/s   5m19s[K[?25h[?2026l[?2026h[?25l[A[1Gpulling manifest [K
pulling 2bada8a74506:  70% ▕████████████      ▏ 3.3 GB/4.7 GB  4.4 MB/s   5m19s[K[?25h[?2026l[?2026h[?25l[A[1Gpulling manifest [K
pulling 2bada8a74506:  70% ▕████████████      ▏ 3.3 GB/4.7 GB  4.4 MB/s   5m18s[K[?25h[?2026l[?2026h[?25l[A[1Gpulling manifest [K
pulling 2bada8a74506:  70% ▕████████████      ▏ 3.3 GB/4.7 GB  4.5 MB/s   5m14s[K[?25h[?2026l[?2026h[?25l[A[1Gpulling manifest [K
pulling 2bada8a74506:  70% ▕████████████      ▏ 3.3 GB/4.7 GB  4.5 MB/s   5m14s[K[?25h[?2026l[?2026h[?25l[A[1Gpulling manifest [K
pulling 2bada8a74506:  70% ▕████████████      ▏ 3.3 GB/4.7 GB  4.5 MB/s   5m14s[K[?25h[?2026l[?2026h[?25l[A[1Gpulling manifest [K
pulling 2bada8a74506:  70% ▕████████████      ▏ 3.3 GB/4.7 GB  4.5 MB/s   5m14s[K[?25h[?2026l[?2026h[?25l[A[1Gpulling manifest [K
pulling 2bada8a74506:  70% ▕████████████      ▏ 3.3 GB/4.7 GB  4.5 MB/s   5m14s[K[?25h[?2026l[?2026h[?25l[A[1Gpulling manifest [K
pulling 2bada8a74506:  70% ▕████████████      ▏ 3.3 GB/4.7 GB  4.5 MB/s   5m14s[K[?25h[?2026l[?2026h[?25l[A[1Gpulling manifest [K
pulling 2bada8a74506:  70% ▕████████████      ▏ 3.3 GB/4.7 GB  4.5 MB/s   5m14s[K[?25h[?2026l[?2026h[?25l[A[1Gpulling manifest [K
pulling 2bada8a74506:  70% ▕████████████      ▏ 3.3 GB/4.7 GB  4.5 MB/s   5m14s[K[?25h[?2026l[?2026h[?25l[A[1Gpulling manifest [K
pulling 2bada8a74506:  70% ▕████████████      ▏ 3.3 GB/4.7 GB  4.5 MB/s   5m14s[K[?25h[?2026l[?2026h[?25l[A[1Gpulling manifest [K
pulling 2bada8a74506:  70% ▕████████████      ▏ 3.3 GB/4.7 GB  4.5 MB/s   5m14s[K[?25h[?2026l[?2026h[?25l[A[1Gpulling manifest [K
pulling 2bada8a74506:  70% ▕████████████      ▏ 3.3 GB/4.7 GB  4.5 MB/s   5m13s[K[?25h[?2026l[?2026h[?25l[A[1Gpulling manifest [K
pulling 2bada8a74506:  70% ▕████████████      ▏ 3.3 GB/4.7 GB  4.5 MB/s   5m10s[K[?25h[?2026l[?2026h[?25l[A[1Gpulling manifest [K
pulling 2bada8a74506:  70% ▕████████████      ▏ 3.3 GB/4.7 GB  4.5 MB/s    5m9s[K[?25h[?2026l[?2026h[?25l[A[1Gpulling manifest [K
pulling 2bada8a74506:  70% ▕████████████      ▏ 3.3 GB/4.7 GB  4.5 MB/s    5m9s[K[?25h[?2026l[?2026h[?25l[A[1Gpulling manifest [K
pulling 2bada8a74506:  70% ▕████████████      ▏ 3.3 GB/4.7 GB  4.5 MB/s    5m9s[K[?25h[?2026l[?2026h[?25l[A[1Gpulling manifest [K
pulling 2bada8a74506:  70% ▕████████████      ▏ 3.3 GB/4.7 GB  4.5 MB/s    5m9s[K[?25h[?2026l[?2026h[?25l[A[1Gpulling manifest [K
pulling 2bada8a74506:  70% ▕████████████      ▏ 3.3 GB/4.7 GB  4.5 MB/s    5m9s[K[?25h[?2026l[?2026h[?25l[A[1Gpulling manifest [K
pulling 2bada8a74506:  70% ▕████████████      ▏ 3.3 GB/4.7 GB  4.5 MB/s    5m9s[K[?25h[?2026l[?2026h[?25l[A[1Gpulling manifest [K
pulling 2bada8a74506:  70% ▕████████████      ▏ 3.3 GB/4.7 GB  4.5 MB/s    5m9s[K[?25h[?2026l[?2026h[?25l[A[1Gpulling manifest [K
pulling 2bada8a74506:  70% ▕████████████      ▏ 3.3 GB/4.7 GB  4.5 MB/s    5m9s[K[?25h[?2026l[?2026h[?25l[A[1Gpulling manifest [K
pulling 2bada8a74506:  70% ▕████████████      ▏ 3.3 GB/4.7 GB  4.5 MB/s    5m9s[K[?25h[?2026l[?2026h[?25l[A[1Gpulling manifest [K
pulling 2bada8a74506:  70% ▕████████████      ▏ 3.3 GB/4.7 GB  4.5 MB/s    5m8s[K[?25h[?2026l[?2026h[?25l[A[1Gpulling manifest [K
pulling 2bada8a74506:  70% ▕████████████      ▏ 3.3 GB/4.7 GB  4.5 MB/s    5m8s[K[?25h[?2026l[?2026h[?25l[A[1Gpulling manifest [K
pulling 2bada8a74506:  70% ▕████████████      ▏ 3.3 GB/4.7 GB  4.5 MB/s    5m8s[K[?25h[?2026l[?2026h[?25l[A[1Gpulling manifest [K
pulling 2bada8a74506:  70% ▕████████████      ▏ 3.3 GB/4.7 GB  4.5 MB/s    5m8s[K[?25h[?2026l[?2026h[?25l[A[1Gpulling manifest [K
pulling 2bada8a74506:  70% ▕████████████      ▏ 3.3 GB/4.7 GB  4.5 MB/s    5m8s[K[?25h[?2026l[?2026h[?25l[A[1Gpulling manifest [K
pulling 2bada8a74506:  70% ▕████████████      ▏ 3.3 GB/4.7 GB  4.5 MB/s    5m8s[K[?25h[?2026l[?2026h[?25l[A[1Gpulling manifest [K
pulling 2bada8a74506:  70% ▕████████████      ▏ 3.3 GB/4.7 GB  4.5 MB/s    5m7s[K[?25h[?2026l[?2026h[?25l[A[1Gpulling manifest [K
pulling 2bada8a74506:  70% ▕████████████      ▏ 3.3 GB/4.7 GB  4.5 MB/s    5m7s[K[?25h[?2026l[?2026h[?25l[A[1Gpulling manifest [K
pulling 2bada8a74506:  70% ▕████████████      ▏ 3.3 GB/4.7 GB  4.5 MB/s    5m7s[K[?25h[?2026l[?2026h[?25l[A[1Gpulling manifest [K
pulling 2bada8a74506:  70% ▕████████████      ▏ 3.3 GB/4.7 GB  4.5 MB/s    5m7s[K[?25h[?2026l[?2026h[?25l[A[1Gpulling manifest [K
pulling 2bada8a74506:  70% ▕████████████      ▏ 3.3 GB/4.7 GB  4.5 MB/s    5m7s[K[?25h[?2026l[?2026h[?25l[A[1Gpulling manifest [K
pulling 2bada8a74506:  70% ▕████████████      ▏ 3.3 GB/4.7 GB  4.5 MB/s    5m7s[K[?25h[?2026l[?2026h[?25l[A[1Gpulling manifest [K
pulling 2bada8a74506:  70% ▕████████████      ▏ 3.3 GB/4.7 GB  4.5 MB/s    5m6s[K[?25h[?2026l[?2026h[?25l[A[1Gpulling manifest [K
pulling 2bada8a74506:  70% ▕████████████      ▏ 3.3 GB/4.7 GB  4.5 MB/s    5m6s[K[?25h[?2026l[?2026h[?25l[A[1Gpulling manifest [K
pulling 2bada8a74506:  70% ▕████████████      ▏ 3.3 GB/4.7 GB  4.5 MB/s    5m6s[K[?25h[?2026l[?2026h[?25l[A[1Gpulling manifest [K
pulling 2bada8a74506:  70% ▕████████████      ▏ 3.3 GB/4.7 GB  4.5 MB/s    5m6s[K[?25h[?2026l[?2026h[?25l[A[1Gpulling manifest [K
pulling 2bada8a74506:  70% ▕████████████      ▏ 3.3 GB/4.7 GB  4.5 MB/s    5m6s[K[?25h[?2026l[?2026h[?25l[A[1Gpulling manifest [K
pulling 2bada8a74506:  70% ▕████████████      ▏ 3.3 GB/4.7 GB  4.5 MB/s    5m6s[K[?25h[?2026l[?2026h[?25l[A[1Gpulling manifest [K
pulling 2bada8a74506:  70% ▕████████████      ▏ 3.3 GB/4.7 GB  4.5 MB/s    5m6s[K[?25h[?2026l[?2026h[?25l[A[1Gpulling manifest [K
pulling 2bada8a74506:  70% ▕████████████      ▏ 3.3 GB/4.7 GB  4.5 MB/s    5m6s[K[?25h[?2026l[?2026h[?25l[A[1Gpulling manifest [K
pulling 2bada8a74506:  70% ▕████████████      ▏ 3.3 GB/4.7 GB  4.6 MB/s    5m5s[K[?25h[?2026l[?2026h[?25l[A[1Gpulling manifest [K
pulling 2bada8a74506:  70% ▕████████████      ▏ 3.3 GB/4.7 GB  4.6 MB/s    5m4s[K[?25h[?2026l[?2026h[?25l[A[1Gpulling manifest [K
pulling 2bada8a74506:  70% ▕████████████      ▏ 3.3 GB/4.7 GB  4.6 MB/s    5m4s[K[?25h[?2026l[?2026h[?25l[A[1Gpulling manifest [K
pulling 2bada8a74506:  70% ▕████████████      ▏ 3.3 GB/4.7 GB  4.6 MB/s    5m4s[K[?25h[?2026l[?2026h[?25l[A[1Gpulling manifest [K
pulling 2bada8a74506:  70% ▕████████████      ▏ 3.3 GB/4.7 GB  4.6 MB/s    5m4s[K[?25h[?2026l[?2026h[?25l[A[1Gpulling manifest [K
pulling 2bada8a74506:  70% ▕████████████      ▏ 3.3 GB/4.7 GB  4.6 MB/s    5m4s[K[?25h[?2026l[?2026h[?25l[A[1Gpulling manifest [K
pulling 2bada8a74506:  70% ▕████████████      ▏ 3.3 GB/4.7 GB  4.6 MB/s    5m4s[K[?25h[?2026l[?2026h[?25l[A[1Gpulling manifest [K
pulling 2bada8a74506:  70% ▕████████████      ▏ 3.3 GB/4.7 GB  4.6 MB/s    5m4s[K[?25h[?2026l[?2026h[?25l[A[1Gpulling manifest [K
pulling 2bada8a74506:  70% ▕████████████      ▏ 3.3 GB/4.7 GB  4.6 MB/s    5m4s[K[?25h[?2026l[?2026h[?25l[A[1Gpulling manifest [K
pulling 2bada8a74506:  70% ▕████████████      ▏ 3.3 GB/4.7 GB  4.6 MB/s    5m4s[K[?25h[?2026l[?2026h[?25l[A[1Gpulling manifest [K
pulling 2bada8a74506:  70% ▕████████████      ▏ 3.3 GB/4.7 GB  4.6 MB/s    5m3s[K[?25h[?2026l[?2026h[?25l[A[1Gpulling manifest [K
pulling 2bada8a74506:  70% ▕████████████      ▏ 3.3 GB/4.7 GB  4.6 MB/s    5m3s[K[?25h[?2026l[?2026h[?25l[A[1Gpulling manifest [K
pulling 2bada8a74506:  70% ▕████████████      ▏ 3.3 GB/4.7 GB  4.6 MB/s    5m3s[K[?25h[?2026l[?2026h[?25l[A[1Gpulling manifest [K
pulling 2bada8a74506:  70% ▕████████████      ▏ 3.3 GB/4.7 GB  4.6 MB/s    5m3s[K[?25h[?2026l[?2026h[?25l[A[1Gpulling manifest [K
pulling 2bada8a74506:  70% ▕████████████      ▏ 3.3 GB/4.7 GB  4.6 MB/s    5m3s[K[?25h[?2026l[?2026h[?25l[A[1Gpulling manifest [K
pulling 2bada8a74506:  70% ▕████████████      ▏ 3.3 GB/4.7 GB  4.6 MB/s    5m3s[K[?25h[?2026l[?2026h[?25l[A[1Gpulling manifest [K
pulling 2bada8a74506:  70% ▕████████████      ▏ 3.3 GB/4.7 GB  4.6 MB/s    5m2s[K[?25h[?2026l[?2026h[?25l[A[1Gpulling manifest [K
pulling 2bada8a74506:  70% ▕████████████      ▏ 3.3 GB/4.7 GB  4.6 MB/s    5m2s[K[?25h[?2026l[?2026h[?25l[A[1Gpulling manifest [K
pulling 2bada8a74506:  70% ▕████████████      ▏ 3.3 GB/4.7 GB  4.6 MB/s    5m2s[K[?25h[?2026l[?2026h[?25l[A[1Gpulling manifest [K
pulling 2bada8a74506:  70% ▕████████████      ▏ 3.3 GB/4.7 GB  4.6 MB/s    5m2s[K[?25h[?2026l[?2026h[?25l[A[1Gpulling manifest [K
pulling 2bada8a74506:  70% ▕████████████      ▏ 3.3 GB/4.7 GB  4.6 MB/s    5m2s[K[?25h[?2026l[?2026h[?25l[A[1Gpulling manifest [K
pulling 2bada8a74506:  70% ▕████████████      ▏ 3.3 GB/4.7 GB  4.6 MB/s    5m1s[K[?25h[?2026l[?2026h[?25l[A[1Gpulling manifest [K
pulling 2bada8a74506:  70% ▕████████████      ▏ 3.3 GB/4.7 GB  4.6 MB/s    5m0s[K[?25h[?2026l[?2026h[?25l[A[1Gpulling manifest [K
pulling 2bada8a74506:  70% ▕████████████      ▏ 3.3 GB/4.7 GB  4.6 MB/s    5m0s[K[?25h[?2026l[?2026h[?25l[A[1Gpulling manifest [K
pulling 2bada8a74506:  71% ▕████████████      ▏ 3.3 GB/4.7 GB  4.6 MB/s    5m0s[K[?25h[?2026l[?2026h[?25l[A[1Gpulling manifest [K
pulling 2bada8a74506:  71% ▕████████████      ▏ 3.3 GB/4.7 GB  4.6 MB/s    5m0s[K[?25h[?2026l[?2026h[?25l[A[1Gpulling manifest [K
pulling 2bada8a74506:  71% ▕████████████      ▏ 3.3 GB/4.7 GB  4.6 MB/s    5m0s[K[?25h[?2026l[?2026h[?25l[A[1Gpulling manifest [K
pulling 2bada8a74506:  71% ▕████████████      ▏ 3.3 GB/4.7 GB  4.6 MB/s    5m0s[K[?25h[?2026l[?2026h[?25l[A[1Gpulling manifest [K
pulling 2bada8a74506:  71% ▕████████████      ▏ 3.3 GB/4.7 GB  4.6 MB/s    5m0s[K[?25h[?2026l[?2026h[?25l[A[1Gpulling manifest [K
pulling 2bada8a74506:  71% ▕████████████      ▏ 3.3 GB/4.7 GB  4.6 MB/s    5m0s[K[?25h[?2026l[?2026h[?25l[A[1Gpulling manifest [K
pulling 2bada8a74506:  71% ▕████████████      ▏ 3.3 GB/4.7 GB  4.6 MB/s    5m0s[K[?25h[?2026l[?2026h[?25l[A[1Gpulling manifest [K
pulling 2bada8a74506:  71% ▕████████████      ▏ 3.3 GB/4.7 GB  4.6 MB/s   4m59s[K[?25h[?2026l[?2026h[?25l[A[1Gpulling manifest [K
pulling 2bada8a74506:  71% ▕████████████      ▏ 3.3 GB/4.7 GB  4.6 MB/s   4m59s[K[?25h[?2026l[?2026h[?25l[A[1Gpulling manifest [K
pulling 2bada8a74506:  71% ▕████████████      ▏ 3.3 GB/4.7 GB  4.6 MB/s   4m59s[K[?25h[?2026l[?2026h[?25l[A[1Gpulling manifest [K
pulling 2bada8a74506:  71% ▕████████████      ▏ 3.3 GB/4.7 GB  4.6 MB/s   4m59s[K[?25h[?2026l[?2026h[?25l[A[1Gpulling manifest [K
pulling 2bada8a74506:  71% ▕████████████      ▏ 3.3 GB/4.7 GB  4.6 MB/s   4m59s[K[?25h[?2026l[?2026h[?25l[A[1Gpulling manifest [K
pulling 2bada8a74506:  71% ▕████████████      ▏ 3.3 GB/4.7 GB  4.6 MB/s   4m59s[K[?25h[?2026l[?2026h[?25l[A[1Gpulling manifest [K
pulling 2bada8a74506:  71% ▕████████████      ▏ 3.3 GB/4.7 GB  4.6 MB/s   4m58s[K[?25h[?2026l[?2026h[?25l[A[1Gpulling manifest [K
pulling 2bada8a74506:  71% ▕████████████      ▏ 3.3 GB/4.7 GB  4.6 MB/s   4m58s[K[?25h[?2026l[?2026h[?25l[A[1Gpulling manifest [K
pulling 2bada8a74506:  71% ▕████████████      ▏ 3.3 GB/4.7 GB  4.6 MB/s   4m58s[K[?25h[?2026l[?2026h[?25l[A[1Gpulling manifest [K
pulling 2bada8a74506:  71% ▕████████████      ▏ 3.3 GB/4.7 GB  4.6 MB/s   4m58s[K[?25h[?2026l[?2026h[?25l[A[1Gpulling manifest [K
pulling 2bada8a74506:  71% ▕████████████      ▏ 3.3 GB/4.7 GB  4.6 MB/s   4m58s[K[?25h[?2026l[?2026h[?25l[A[1Gpulling manifest [K
pulling 2bada8a74506:  71% ▕████████████      ▏ 3.3 GB/4.7 GB  4.6 MB/s   4m58s[K[?25h[?2026l[?2026h[?25l[A[1Gpulling manifest [K
pulling 2bada8a74506:  71% ▕████████████      ▏ 3.3 GB/4.7 GB  4.6 MB/s   4m57s[K[?25h[?2026l[?2026h[?25l[A[1Gpulling manifest [K
pulling 2bada8a74506:  71% ▕████████████      ▏ 3.3 GB/4.7 GB  4.6 MB/s   4m57s[K[?25h[?2026l[?2026h[?25l[A[1Gpulling manifest [K
pulling 2bada8a74506:  71% ▕████████████      ▏ 3.3 GB/4.7 GB  4.6 MB/s   4m57s[K[?25h[?2026l[?2026h[?25l[A[1Gpulling manifest [K
pulling 2bada8a74506:  71% ▕████████████      ▏ 3.3 GB/4.7 GB  4.6 MB/s   4m57s[K[?25h[?2026l[?2026h[?25l[A[1Gpulling manifest [K
pulling 2bada8a74506:  71% ▕████████████      ▏ 3.3 GB/4.7 GB  4.6 MB/s   4m57s[K[?25h[?2026l[?2026h[?25l[A[1Gpulling manifest [K
pulling 2bada8a74506:  71% ▕████████████      ▏ 3.3 GB/4.7 GB  4.6 MB/s   4m57s[K[?25h[?2026l[?2026h[?25l[A[1Gpulling manifest [K
pulling 2bada8a74506:  71% ▕████████████      ▏ 3.3 GB/4.7 GB  4.6 MB/s   4m57s[K[?25h[?2026l[?2026h[?25l[A[1Gpulling manifest [K
pulling 2bada8a74506:  71% ▕████████████      ▏ 3.3 GB/4.7 GB  4.6 MB/s   4m57s[K[?25h[?2026l[?2026h[?25l[A[1Gpulling manifest [K
pulling 2bada8a74506:  71% ▕████████████      ▏ 3.3 GB/4.7 GB  4.6 MB/s   4m55s[K[?25h[?2026l[?2026h[?25l[A[1Gpulling manifest [K
pulling 2bada8a74506:  71% ▕████████████      ▏ 3.3 GB/4.7 GB  4.6 MB/s   4m54s[K[?25h[?2026l[?2026h[?25l[A[1Gpulling manifest [K
pulling 2bada8a74506:  71% ▕████████████      ▏ 3.3 GB/4.7 GB  4.6 MB/s   4m54s[K[?25h[?2026l[?2026h[?25l[A[1Gpulling manifest [K
pulling 2bada8a74506:  71% ▕████████████      ▏ 3.3 GB/4.7 GB  4.6 MB/s   4m54s[K[?25h[?2026l[?2026h[?25l[A[1Gpulling manifest [K
pulling 2bada8a74506:  71% ▕████████████      ▏ 3.3 GB/4.7 GB  4.6 MB/s   4m54s[K[?25h[?2026l[?2026h[?25l[A[1Gpulling manifest [K
pulling 2bada8a74506:  71% ▕████████████      ▏ 3.3 GB/4.7 GB  4.6 MB/s   4m54s[K[?25h[?2026l[?2026h[?25l[A[1Gpulling manifest [K
pulling 2bada8a74506:  71% ▕████████████      ▏ 3.3 GB/4.7 GB  4.6 MB/s   4m54s[K[?25h[?2026l[?2026h[?25l[A[1Gpulling manifest [K
pulling 2bada8a74506:  71% ▕████████████      ▏ 3.3 GB/4.7 GB  4.6 MB/s   4m54s[K[?25h[?2026l[?2026h[?25l[A[1Gpulling manifest [K
pulling 2bada8a74506:  71% ▕████████████      ▏ 3.3 GB/4.7 GB  4.6 MB/s   4m54s[K[?25h[?2026l[?2026h[?25l[A[1Gpulling manifest [K
pulling 2bada8a74506:  71% ▕████████████      ▏ 3.3 GB/4.7 GB  4.6 MB/s   4m54s[K[?25h[?2026l[?2026h[?25l[A[1Gpulling manifest [K
pulling 2bada8a74506:  71% ▕████████████      ▏ 3.3 GB/4.7 GB  4.7 MB/s   4m52s[K[?25h[?2026l[?2026h[?25l[A[1Gpulling manifest [K
pulling 2bada8a74506:  71% ▕████████████      ▏ 3.3 GB/4.7 GB  4.7 MB/s   4m52s[K[?25h[?2026l[?2026h[?25l[A[1Gpulling manifest [K
pulling 2bada8a74506:  71% ▕████████████      ▏ 3.3 GB/4.7 GB  4.7 MB/s   4m52s[K[?25h[?2026l[?2026h[?25l[A[1Gpulling manifest [K
pulling 2bada8a74506:  71% ▕████████████      ▏ 3.3 GB/4.7 GB  4.7 MB/s   4m52s[K[?25h[?2026l[?2026h[?25l[A[1Gpulling manifest [K
pulling 2bada8a74506:  71% ▕████████████      ▏ 3.3 GB/4.7 GB  4.7 MB/s   4m51s[K[?25h[?2026l[?2026h[?25l[A[1Gpulling manifest [K
pulling 2bada8a74506:  71% ▕████████████      ▏ 3.3 GB/4.7 GB  4.7 MB/s   4m51s[K[?25h[?2026l[?2026h[?25l[A[1Gpulling manifest [K
pulling 2bada8a74506:  71% ▕████████████      ▏ 3.3 GB/4.7 GB  4.7 MB/s   4m51s[K[?25h[?2026l[?2026h[?25l[A[1Gpulling manifest [K
pulling 2bada8a74506:  71% ▕████████████      ▏ 3.3 GB/4.7 GB  4.7 MB/s   4m51s[K[?25h[?2026l[?2026h[?25l[A[1Gpulling manifest [K
pulling 2bada8a74506:  71% ▕████████████      ▏ 3.3 GB/4.7 GB  4.7 MB/s   4m51s[K[?25h[?2026l[?2026h[?25l[A[1Gpulling manifest [K
pulling 2bada8a74506:  71% ▕████████████      ▏ 3.3 GB/4.7 GB  4.7 MB/s   4m51s[K[?25h[?2026l[?2026h[?25l[A[1Gpulling manifest [K
pulling 2bada8a74506:  71% ▕████████████      ▏ 3.3 GB/4.7 GB  4.7 MB/s   4m51s[K[?25h[?2026l[?2026h[?25l[A[1Gpulling manifest [K
pulling 2bada8a74506:  71% ▕████████████      ▏ 3.3 GB/4.7 GB  4.7 MB/s   4m47s[K[?25h[?2026l[?2026h[?25l[A[1Gpulling manifest [K
pulling 2bada8a74506:  71% ▕████████████      ▏ 3.3 GB/4.7 GB  4.7 MB/s   4m47s[K[?25h[?2026l[?2026h[?25l[A[1Gpulling manifest [K
pulling 2bada8a74506:  71% ▕████████████      ▏ 3.3 GB/4.7 GB  4.7 MB/s   4m47s[K[?25h[?2026l[?2026h[?25l[A[1Gpulling manifest [K
pulling 2bada8a74506:  71% ▕████████████      ▏ 3.3 GB/4.7 GB  4.7 MB/s   4m46s[K[?25h[?2026l[?2026h[?25l[A[1Gpulling manifest [K
pulling 2bada8a74506:  71% ▕████████████      ▏ 3.3 GB/4.7 GB  4.7 MB/s   4m46s[K[?25h[?2026l[?2026h[?25l[A[1Gpulling manifest [K
pulling 2bada8a74506:  71% ▕████████████      ▏ 3.3 GB/4.7 GB  4.7 MB/s   4m46s[K[?25h[?2026l[?2026h[?25l[A[1Gpulling manifest [K
pulling 2bada8a74506:  71% ▕████████████      ▏ 3.3 GB/4.7 GB  4.7 MB/s   4m46s[K[?25h[?2026l[?2026h[?25l[A[1Gpulling manifest [K
pulling 2bada8a74506:  71% ▕████████████      ▏ 3.3 GB/4.7 GB  4.7 MB/s   4m46s[K[?25h[?2026l[?2026h[?25l[A[1Gpulling manifest [K
pulling 2bada8a74506:  71% ▕████████████      ▏ 3.3 GB/4.7 GB  4.7 MB/s   4m46s[K[?25h[?2026l[?2026h[?25l[A[1Gpulling manifest [K
pulling 2bada8a74506:  71% ▕████████████      ▏ 3.3 GB/4.7 GB  4.7 MB/s   4m46s[K[?25h[?2026l[?2026h[?25l[A[1Gpulling manifest [K
pulling 2bada8a74506:  71% ▕████████████      ▏ 3.3 GB/4.7 GB  4.8 MB/s   4m43s[K[?25h[?2026l[?2026h[?25l[A[1Gpulling manifest [K
pulling 2bada8a74506:  71% ▕████████████      ▏ 3.3 GB/4.7 GB  4.8 MB/s   4m43s[K[?25h[?2026l[?2026h[?25l[A[1Gpulling manifest [K
pulling 2bada8a74506:  71% ▕████████████      ▏ 3.3 GB/4.7 GB  4.8 MB/s   4m43s[K[?25h[?2026l[?2026h[?25l[A[1Gpulling manifest [K
pulling 2bada8a74506:  71% ▕████████████      ▏ 3.3 GB/4.7 GB  4.8 MB/s   4m43s[K[?25h[?2026l[?2026h[?25l[A[1Gpulling manifest [K
pulling 2bada8a74506:  71% ▕████████████      ▏ 3.3 GB/4.7 GB  4.8 MB/s   4m43s[K[?25h[?2026l[?2026h[?25l[A[1Gpulling manifest [K
pulling 2bada8a74506:  71% ▕████████████      ▏ 3.3 GB/4.7 GB  4.8 MB/s   4m43s[K[?25h[?2026l[?2026h[?25l[A[1Gpulling manifest [K
pulling 2bada8a74506:  71% ▕████████████      ▏ 3.3 GB/4.7 GB  4.8 MB/s   4m43s[K[?25h[?2026l[?2026h[?25l[A[1Gpulling manifest [K
pulling 2bada8a74506:  71% ▕████████████      ▏ 3.3 GB/4.7 GB  4.8 MB/s   4m43s[K[?25h[?2026l[?2026h[?25l[A[1Gpulling manifest [K
pulling 2bada8a74506:  71% ▕████████████      ▏ 3.3 GB/4.7 GB  4.8 MB/s   4m43s[K[?25h[?2026l[?2026h[?25l[A[1Gpulling manifest [K
pulling 2bada8a74506:  71% ▕████████████      ▏ 3.3 GB/4.7 GB  4.8 MB/s   4m42s[K[?25h[?2026l[?2026h[?25l[A[1Gpulling manifest [K
pulling 2bada8a74506:  71% ▕████████████      ▏ 3.3 GB/4.7 GB  4.8 MB/s   4m40s[K[?25h[?2026l[?2026h[?25l[A[1Gpulling manifest [K
pulling 2bada8a74506:  71% ▕████████████      ▏ 3.3 GB/4.7 GB  4.8 MB/s   4m40s[K[?25h[?2026l[?2026h[?25l[A[1Gpulling manifest [K
pulling 2bada8a74506:  71% ▕████████████      ▏ 3.3 GB/4.7 GB  4.8 MB/s   4m40s[K[?25h[?2026l[?2026h[?25l[A[1Gpulling manifest [K
pulling 2bada8a74506:  71% ▕████████████      ▏ 3.3 GB/4.7 GB  4.8 MB/s   4m40s[K[?25h[?2026l[?2026h[?25l[A[1Gpulling manifest [K
pulling 2bada8a74506:  71% ▕████████████      ▏ 3.3 GB/4.7 GB  4.8 MB/s   4m40s[K[?25h[?2026l[?2026h[?25l[A[1Gpulling manifest [K
pulling 2bada8a74506:  71% ▕████████████      ▏ 3.3 GB/4.7 GB  4.8 MB/s   4m40s[K[?25h[?2026l[?2026h[?25l[A[1Gpulling manifest [K
pulling 2bada8a74506:  71% ▕████████████      ▏ 3.3 GB/4.7 GB  4.8 MB/s   4m39s[K[?25h[?2026l[?2026h[?25l[A[1Gpulling manifest [K
pulling 2bada8a74506:  71% ▕████████████      ▏ 3.3 GB/4.7 GB  4.8 MB/s   4m39s[K[?25h[?2026l[?2026h[?25l[A[1Gpulling manifest [K
pulling 2bada8a74506:  71% ▕████████████      ▏ 3.3 GB/4.7 GB  4.8 MB/s   4m39s[K[?25h[?2026l[?2026h[?25l[A[1Gpulling manifest [K
pulling 2bada8a74506:  71% ▕████████████      ▏ 3.3 GB/4.7 GB  4.8 MB/s   4m39s[K[?25h[?2026l[?2026h[?25l[A[1Gpulling manifest [K
pulling 2bada8a74506:  71% ▕████████████      ▏ 3.3 GB/4.7 GB  4.8 MB/s   4m39s[K[?25h[?2026l[?2026h[?25l[A[1Gpulling manifest [K
pulling 2bada8a74506:  71% ▕████████████      ▏ 3.3 GB/4.7 GB  4.8 MB/s   4m39s[K[?25h[?2026l[?2026h[?25l[A[1Gpulling manifest [K
pulling 2bada8a74506:  71% ▕████████████      ▏ 3.3 GB/4.7 GB  4.8 MB/s   4m39s[K[?25h[?2026l[?2026h[?25l[A[1Gpulling manifest [K
pulling 2bada8a74506:  71% ▕████████████      ▏ 3.3 GB/4.7 GB  4.8 MB/s   4m38s[K[?25h[?2026l[?2026h[?25l[A[1Gpulling manifest [K
pulling 2bada8a74506:  71% ▕████████████      ▏ 3.3 GB/4.7 GB  4.8 MB/s   4m38s[K[?25h[?2026l[?2026h[?25l[A[1Gpulling manifest [K
pulling 2bada8a74506:  71% ▕████████████      ▏ 3.3 GB/4.7 GB  4.8 MB/s   4m38s[K[?25h[?2026l[?2026h[?25l[A[1Gpulling manifest [K
pulling 2bada8a74506:  71% ▕████████████      ▏ 3.3 GB/4.7 GB  4.8 MB/s   4m38s[K[?25h[?2026l[?2026h[?25l[A[1Gpulling manifest [K
pulling 2bada8a74506:  71% ▕████████████      ▏ 3.3 GB/4.7 GB  4.8 MB/s   4m38s[K[?25h[?2026l[?2026h[?25l[A[1Gpulling manifest [K
pulling 2bada8a74506:  71% ▕████████████      ▏ 3.3 GB/4.7 GB  4.8 MB/s   4m38s[K[?25h[?2026l[?2026h[?25l[A[1Gpulling manifest [K
pulling 2bada8a74506:  71% ▕████████████      ▏ 3.3 GB/4.7 GB  4.8 MB/s   4m38s[K[?25h[?2026l[?2026h[?25l[A[1Gpulling manifest [K
pulling 2bada8a74506:  71% ▕████████████      ▏ 3.3 GB/4.7 GB  4.8 MB/s   4m37s[K[?25h[?2026l[?2026h[?25l[A[1Gpulling manifest [K
pulling 2bada8a74506:  71% ▕████████████      ▏ 3.3 GB/4.7 GB  4.8 MB/s   4m37s[K[?25h[?2026l[?2026h[?25l[A[1Gpulling manifest [K
pulling 2bada8a74506:  71% ▕████████████      ▏ 3.3 GB/4.7 GB  4.8 MB/s   4m37s[K[?25h[?2026l[?2026h[?25l[A[1Gpulling manifest [K
pulling 2bada8a74506:  71% ▕████████████      ▏ 3.3 GB/4.7 GB  4.8 MB/s   4m37s[K[?25h[?2026l[?2026h[?25l[A[1Gpulling manifest [K
pulling 2bada8a74506:  71% ▕████████████      ▏ 3.3 GB/4.7 GB  4.8 MB/s   4m37s[K[?25h[?2026l[?2026h[?25l[A[1Gpulling manifest [K
pulling 2bada8a74506:  71% ▕████████████      ▏ 3.3 GB/4.7 GB  4.8 MB/s   4m37s[K[?25h[?2026l[?2026h[?25l[A[1Gpulling manifest [K
pulling 2bada8a74506:  71% ▕████████████      ▏ 3.3 GB/4.7 GB  4.8 MB/s   4m37s[K[?25h[?2026l[?2026h[?25l[A[1Gpulling manifest [K
pulling 2bada8a74506:  71% ▕████████████      ▏ 3.3 GB/4.7 GB  4.8 MB/s   4m37s[K[?25h[?2026l[?2026h[?25l[A[1Gpulling manifest [K
pulling 2bada8a74506:  71% ▕████████████      ▏ 3.3 GB/4.7 GB  4.8 MB/s   4m37s[K[?25h[?2026l[?2026h[?25l[A[1Gpulling manifest [K
pulling 2bada8a74506:  71% ▕████████████      ▏ 3.3 GB/4.7 GB  4.8 MB/s   4m37s[K[?25h[?2026l[?2026h[?25l[A[1Gpulling manifest [K
pulling 2bada8a74506:  71% ▕████████████      ▏ 3.3 GB/4.7 GB  4.8 MB/s   4m37s[K[?25h[?2026l[?2026h[?25l[A[1Gpulling manifest [K
pulling 2bada8a74506:  71% ▕████████████      ▏ 3.3 GB/4.7 GB  4.8 MB/s   4m38s[K[?25h[?2026l[?2026h[?25l[A[1Gpulling manifest [K
pulling 2bada8a74506:  72% ▕████████████      ▏ 3.3 GB/4.7 GB  4.8 MB/s   4m38s[K[?25h[?2026l[?2026h[?25l[A[1Gpulling manifest [K
pulling 2bada8a74506:  72% ▕████████████      ▏ 3.3 GB/4.7 GB  4.8 MB/s   4m38s[K[?25h[?2026l[?2026h[?25l[A[1Gpulling manifest [K
pulling 2bada8a74506:  72% ▕████████████      ▏ 3.3 GB/4.7 GB  4.8 MB/s   4m38s[K[?25h[?2026l[?2026h[?25l[A[1Gpulling manifest [K
pulling 2bada8a74506:  72% ▕████████████      ▏ 3.4 GB/4.7 GB  4.8 MB/s   4m38s[K[?25h[?2026l[?2026h[?25l[A[1Gpulling manifest [K
pulling 2bada8a74506:  72% ▕████████████      ▏ 3.4 GB/4.7 GB  4.8 MB/s   4m38s[K[?25h[?2026l[?2026h[?25l[A[1Gpulling manifest [K
pulling 2bada8a74506:  72% ▕████████████      ▏ 3.4 GB/4.7 GB  4.8 MB/s   4m37s[K[?25h[?2026l[?2026h[?25l[A[1Gpulling manifest [K
pulling 2bada8a74506:  72% ▕████████████      ▏ 3.4 GB/4.7 GB  4.8 MB/s   4m37s[K[?25h[?2026l[?2026h[?25l[A[1Gpulling manifest [K
pulling 2bada8a74506:  72% ▕████████████      ▏ 3.4 GB/4.7 GB  4.8 MB/s   4m37s[K[?25h[?2026l[?2026h[?25l[A[1Gpulling manifest [K
pulling 2bada8a74506:  72% ▕████████████      ▏ 3.4 GB/4.7 GB  4.8 MB/s   4m37s[K[?25h[?2026l[?2026h[?25l[A[1Gpulling manifest [K
pulling 2bada8a74506:  72% ▕████████████      ▏ 3.4 GB/4.7 GB  4.8 MB/s   4m37s[K[?25h[?2026l[?2026h[?25l[A[1Gpulling manifest [K
pulling 2bada8a74506:  72% ▕████████████      ▏ 3.4 GB/4.7 GB  4.8 MB/s   4m36s[K[?25h[?2026l[?2026h[?25l[A[1Gpulling manifest [K
pulling 2bada8a74506:  72% ▕████████████      ▏ 3.4 GB/4.7 GB  4.8 MB/s   4m36s[K[?25h[?2026l[?2026h[?25l[A[1Gpulling manifest [K
pulling 2bada8a74506:  72% ▕████████████      ▏ 3.4 GB/4.7 GB  4.8 MB/s   4m36s[K[?25h[?2026l[?2026h[?25l[A[1Gpulling manifest [K
pulling 2bada8a74506:  72% ▕████████████      ▏ 3.4 GB/4.7 GB  4.8 MB/s   4m36s[K[?25h[?2026l[?2026h[?25l[A[1Gpulling manifest [K
pulling 2bada8a74506:  72% ▕████████████      ▏ 3.4 GB/4.7 GB  4.8 MB/s   4m36s[K[?25h[?2026l[?2026h[?25l[A[1Gpulling manifest [K
pulling 2bada8a74506:  72% ▕████████████      ▏ 3.4 GB/4.7 GB  4.8 MB/s   4m36s[K[?25h[?2026l[?2026h[?25l[A[1Gpulling manifest [K
pulling 2bada8a74506:  72% ▕████████████      ▏ 3.4 GB/4.7 GB  4.8 MB/s   4m36s[K[?25h[?2026l[?2026h[?25l[A[1Gpulling manifest [K
pulling 2bada8a74506:  72% ▕████████████      ▏ 3.4 GB/4.7 GB  4.8 MB/s   4m36s[K[?25h[?2026l[?2026h[?25l[A[1Gpulling manifest [K
pulling 2bada8a74506:  72% ▕████████████      ▏ 3.4 GB/4.7 GB  4.8 MB/s   4m36s[K[?25h[?2026l[?2026h[?25l[A[1Gpulling manifest [K
pulling 2bada8a74506:  72% ▕████████████      ▏ 3.4 GB/4.7 GB  4.8 MB/s   4m37s[K[?25h[?2026l[?2026h[?25l[A[1Gpulling manifest [K
pulling 2bada8a74506:  72% ▕████████████      ▏ 3.4 GB/4.7 GB  4.8 MB/s   4m37s[K[?25h[?2026l[?2026h[?25l[A[1Gpulling manifest [K
pulling 2bada8a74506:  72% ▕████████████      ▏ 3.4 GB/4.7 GB  4.8 MB/s   4m37s[K[?25h[?2026l[?2026h[?25l[A[1Gpulling manifest [K
pulling 2bada8a74506:  72% ▕████████████      ▏ 3.4 GB/4.7 GB  4.8 MB/s   4m37s[K[?25h[?2026l[?2026h[?25l[A[1Gpulling manifest [K
pulling 2bada8a74506:  72% ▕████████████      ▏ 3.4 GB/4.7 GB  4.8 MB/s   4m37s[K[?25h[?2026l[?2026h[?25l[A[1Gpulling manifest [K
pulling 2bada8a74506:  72% ▕████████████      ▏ 3.4 GB/4.7 GB  4.8 MB/s   4m37s[K[?25h[?2026l[?2026h[?25l[A[1Gpulling manifest [K
pulling 2bada8a74506:  72% ▕████████████      ▏ 3.4 GB/4.7 GB  4.8 MB/s   4m37s[K[?25h[?2026l[?2026h[?25l[A[1Gpulling manifest [K
pulling 2bada8a74506:  72% ▕████████████      ▏ 3.4 GB/4.7 GB  4.8 MB/s   4m37s[K[?25h[?2026l[?2026h[?25l[A[1Gpulling manifest [K
pulling 2bada8a74506:  72% ▕████████████      ▏ 3.4 GB/4.7 GB  4.8 MB/s   4m37s[K[?25h[?2026l[?2026h[?25l[A[1Gpulling manifest [K
pulling 2bada8a74506:  72% ▕████████████      ▏ 3.4 GB/4.7 GB  4.8 MB/s   4m37s[K[?25h[?2026l[?2026h[?25l[A[1Gpulling manifest [K
pulling 2bada8a74506:  72% ▕████████████      ▏ 3.4 GB/4.7 GB  4.7 MB/s   4m39s[K[?25h[?2026l[?2026h[?25l[A[1Gpulling manifest [K
pulling 2bada8a74506:  72% ▕████████████      ▏ 3.4 GB/4.7 GB  4.7 MB/s   4m39s[K[?25h[?2026l[?2026h[?25l[A[1Gpulling manifest [K
pulling 2bada8a74506:  72% ▕████████████      ▏ 3.4 GB/4.7 GB  4.7 MB/s   4m39s[K[?25h[?2026l[?2026h[?25l[A[1Gpulling manifest [K
pulling 2bada8a74506:  72% ▕████████████      ▏ 3.4 GB/4.7 GB  4.7 MB/s   4m39s[K[?25h[?2026l[?2026h[?25l[A[1Gpulling manifest [K
pulling 2bada8a74506:  72% ▕████████████      ▏ 3.4 GB/4.7 GB  4.7 MB/s   4m39s[K[?25h[?2026l[?2026h[?25l[A[1Gpulling manifest [K
pulling 2bada8a74506:  72% ▕████████████      ▏ 3.4 GB/4.7 GB  4.7 MB/s   4m39s[K[?25h[?2026l[?2026h[?25l[A[1Gpulling manifest [K
pulling 2bada8a74506:  72% ▕████████████      ▏ 3.4 GB/4.7 GB  4.7 MB/s   4m38s[K[?25h[?2026l[?2026h[?25l[A[1Gpulling manifest [K
pulling 2bada8a74506:  72% ▕████████████      ▏ 3.4 GB/4.7 GB  4.7 MB/s   4m38s[K[?25h[?2026l[?2026h[?25l[A[1Gpulling manifest [K
pulling 2bada8a74506:  72% ▕████████████      ▏ 3.4 GB/4.7 GB  4.7 MB/s   4m38s[K[?25h[?2026l[?2026h[?25l[A[1Gpulling manifest [K
pulling 2bada8a74506:  72% ▕████████████      ▏ 3.4 GB/4.7 GB  4.7 MB/s   4m38s[K[?25h[?2026l[?2026h[?25l[A[1Gpulling manifest [K
pulling 2bada8a74506:  72% ▕████████████      ▏ 3.4 GB/4.7 GB  4.7 MB/s   4m39s[K[?25h[?2026l[?2026h[?25l[A[1Gpulling manifest [K
pulling 2bada8a74506:  72% ▕████████████      ▏ 3.4 GB/4.7 GB  4.7 MB/s   4m39s[K[?25h[?2026l[?2026h[?25l[A[1Gpulling manifest [K
pulling 2bada8a74506:  72% ▕████████████      ▏ 3.4 GB/4.7 GB  4.7 MB/s   4m39s[K[?25h[?2026l[?2026h[?25l[A[1Gpulling manifest [K
pulling 2bada8a74506:  72% ▕████████████      ▏ 3.4 GB/4.7 GB  4.7 MB/s   4m39s[K[?25h[?2026l[?2026h[?25l[A[1Gpulling manifest [K
pulling 2bada8a74506:  72% ▕████████████      ▏ 3.4 GB/4.7 GB  4.7 MB/s   4m39s[K[?25h[?2026l[?2026h[?25l[A[1Gpulling manifest [K
pulling 2bada8a74506:  72% ▕████████████      ▏ 3.4 GB/4.7 GB  4.7 MB/s   4m39s[K[?25h[?2026l[?2026h[?25l[A[1Gpulling manifest [K
pulling 2bada8a74506:  72% ▕████████████      ▏ 3.4 GB/4.7 GB  4.7 MB/s   4m39s[K[?25h[?2026l[?2026h[?25l[A[1Gpulling manifest [K
pulling 2bada8a74506:  72% ▕████████████      ▏ 3.4 GB/4.7 GB  4.7 MB/s   4m39s[K[?25h[?2026l[?2026h[?25l[A[1Gpulling manifest [K
pulling 2bada8a74506:  72% ▕████████████      ▏ 3.4 GB/4.7 GB  4.7 MB/s   4m38s[K[?25h[?2026l[?2026h[?25l[A[1Gpulling manifest [K
pulling 2bada8a74506:  72% ▕████████████      ▏ 3.4 GB/4.7 GB  4.7 MB/s   4m38s[K[?25h[?2026l[?2026h[?25l[A[1Gpulling manifest [K
pulling 2bada8a74506:  72% ▕████████████      ▏ 3.4 GB/4.7 GB  4.7 MB/s   4m38s[K[?25h[?2026l[?2026h[?25l[A[1Gpulling manifest [K
pulling 2bada8a74506:  72% ▕████████████      ▏ 3.4 GB/4.7 GB  4.6 MB/s   4m42s[K[?25h[?2026l[?2026h[?25l[A[1Gpulling manifest [K
pulling 2bada8a74506:  72% ▕████████████      ▏ 3.4 GB/4.7 GB  4.6 MB/s   4m42s[K[?25h[?2026l[?2026h[?25l[A[1Gpulling manifest [K
pulling 2bada8a74506:  72% ▕████████████      ▏ 3.4 GB/4.7 GB  4.6 MB/s   4m42s[K[?25h[?2026l[?2026h[?25l[A[1Gpulling manifest [K
pulling 2bada8a74506:  72% ▕████████████      ▏ 3.4 GB/4.7 GB  4.6 MB/s   4m41s[K[?25h[?2026l[?2026h[?25l[A[1Gpulling manifest [K
pulling 2bada8a74506:  72% ▕████████████      ▏ 3.4 GB/4.7 GB  4.6 MB/s   4m41s[K[?25h[?2026l[?2026h[?25l[A[1Gpulling manifest [K
pulling 2bada8a74506:  72% ▕████████████      ▏ 3.4 GB/4.7 GB  4.6 MB/s   4m41s[K[?25h[?2026l[?2026h[?25l[A[1Gpulling manifest [K
pulling 2bada8a74506:  72% ▕████████████      ▏ 3.4 GB/4.7 GB  4.6 MB/s   4m41s[K[?25h[?2026l[?2026h[?25l[A[1Gpulling manifest [K
pulling 2bada8a74506:  72% ▕████████████      ▏ 3.4 GB/4.7 GB  4.6 MB/s   4m41s[K[?25h[?2026l[?2026h[?25l[A[1Gpulling manifest [K
pulling 2bada8a74506:  72% ▕████████████      ▏ 3.4 GB/4.7 GB  4.6 MB/s   4m41s[K[?25h[?2026l[?2026h[?25l[A[1Gpulling manifest [K
pulling 2bada8a74506:  72% ▕████████████      ▏ 3.4 GB/4.7 GB  4.6 MB/s   4m41s[K[?25h[?2026l[?2026h[?25l[A[1Gpulling manifest [K
pulling 2bada8a74506:  72% ▕████████████      ▏ 3.4 GB/4.7 GB  4.6 MB/s   4m45s[K[?25h[?2026l[?2026h[?25l[A[1Gpulling manifest [K
pulling 2bada8a74506:  72% ▕████████████      ▏ 3.4 GB/4.7 GB  4.6 MB/s   4m45s[K[?25h[?2026l[?2026h[?25l[A[1Gpulling manifest [K
pulling 2bada8a74506:  72% ▕████████████      ▏ 3.4 GB/4.7 GB  4.6 MB/s   4m45s[K[?25h[?2026l[?2026h[?25l[A[1Gpulling manifest [K
pulling 2bada8a74506:  72% ▕████████████      ▏ 3.4 GB/4.7 GB  4.6 MB/s   4m45s[K[?25h[?2026l[?2026h[?25l[A[1Gpulling manifest [K
pulling 2bada8a74506:  72% ▕████████████      ▏ 3.4 GB/4.7 GB  4.6 MB/s   4m45s[K[?25h[?2026l[?2026h[?25l[A[1Gpulling manifest [K
pulling 2bada8a74506:  72% ▕████████████      ▏ 3.4 GB/4.7 GB  4.6 MB/s   4m45s[K[?25h[?2026l[?2026h[?25l[A[1Gpulling manifest [K
pulling 2bada8a74506:  72% ▕████████████      ▏ 3.4 GB/4.7 GB  4.6 MB/s   4m45s[K[?25h[?2026l[?2026h[?25l[A[1Gpulling manifest [K
pulling 2bada8a74506:  72% ▕████████████      ▏ 3.4 GB/4.7 GB  4.6 MB/s   4m45s[K[?25h[?2026l[?2026h[?25l[A[1Gpulling manifest [K
pulling 2bada8a74506:  72% ▕████████████      ▏ 3.4 GB/4.7 GB  4.6 MB/s   4m45s[K[?25h[?2026l[?2026h[?25l[A[1Gpulling manifest [K
pulling 2bada8a74506:  72% ▕████████████      ▏ 3.4 GB/4.7 GB  4.6 MB/s   4m44s[K[?25h[?2026l[?2026h[?25l[A[1Gpulling manifest [K
pulling 2bada8a74506:  72% ▕████████████      ▏ 3.4 GB/4.7 GB  4.5 MB/s   4m47s[K[?25h[?2026l[?2026h[?25l[A[1Gpulling manifest [K
pulling 2bada8a74506:  72% ▕████████████      ▏ 3.4 GB/4.7 GB  4.5 MB/s   4m47s[K[?25h[?2026l[?2026h[?25l[A[1Gpulling manifest [K
pulling 2bada8a74506:  72% ▕████████████      ▏ 3.4 GB/4.7 GB  4.5 MB/s   4m46s[K[?25h[?2026l[?2026h[?25l[A[1Gpulling manifest [K
pulling 2bada8a74506:  72% ▕████████████      ▏ 3.4 GB/4.7 GB  4.5 MB/s   4m46s[K[?25h[?2026l[?2026h[?25l[A[1Gpulling manifest [K
pulling 2bada8a74506:  72% ▕████████████      ▏ 3.4 GB/4.7 GB  4.5 MB/s   4m46s[K[?25h[?2026l[?2026h[?25l[A[1Gpulling manifest [K
pulling 2bada8a74506:  72% ▕████████████      ▏ 3.4 GB/4.7 GB  4.5 MB/s   4m46s[K[?25h[?2026l[?2026h[?25l[A[1Gpulling manifest [K
pulling 2bada8a74506:  72% ▕████████████      ▏ 3.4 GB/4.7 GB  4.5 MB/s   4m46s[K[?25h[?2026l[?2026h[?25l[A[1Gpulling manifest [K
pulling 2bada8a74506:  72% ▕█████████████     ▏ 3.4 GB/4.7 GB  4.5 MB/s   4m46s[K[?25h[?2026l[?2026h[?25l[A[1Gpulling manifest [K
pulling 2bada8a74506:  72% ▕█████████████     ▏ 3.4 GB/4.7 GB  4.5 MB/s   4m46s[K[?25h[?2026l[?2026h[?25l[A[1Gpulling manifest [K
pulling 2bada8a74506:  72% ▕█████████████     ▏ 3.4 GB/4.7 GB  4.5 MB/s   4m46s[K[?25h[?2026l[?2026h[?25l[A[1Gpulling manifest [K
pulling 2bada8a74506:  72% ▕█████████████     ▏ 3.4 GB/4.7 GB  4.5 MB/s   4m51s[K[?25h[?2026l[?2026h[?25l[A[1Gpulling manifest [K
pulling 2bada8a74506:  72% ▕█████████████     ▏ 3.4 GB/4.7 GB  4.5 MB/s   4m51s[K[?25h[?2026l[?2026h[?25l[A[1Gpulling manifest [K
pulling 2bada8a74506:  72% ▕█████████████     ▏ 3.4 GB/4.7 GB  4.5 MB/s   4m51s[K[?25h[?2026l[?2026h[?25l[A[1Gpulling manifest [K
pulling 2bada8a74506:  72% ▕█████████████     ▏ 3.4 GB/4.7 GB  4.5 MB/s   4m51s[K[?25h[?2026l[?2026h[?25l[A[1Gpulling manifest [K
pulling 2bada8a74506:  72% ▕█████████████     ▏ 3.4 GB/4.7 GB  4.5 MB/s   4m51s[K[?25h[?2026l[?2026h[?25l[A[1Gpulling manifest [K
pulling 2bada8a74506:  72% ▕█████████████     ▏ 3.4 GB/4.7 GB  4.5 MB/s   4m51s[K[?25h[?2026l[?2026h[?25l[A[1Gpulling manifest [K
pulling 2bada8a74506:  72% ▕█████████████     ▏ 3.4 GB/4.7 GB  4.5 MB/s   4m51s[K[?25h[?2026l[?2026h[?25l[A[1Gpulling manifest [K
pulling 2bada8a74506:  72% ▕█████████████     ▏ 3.4 GB/4.7 GB  4.5 MB/s   4m50s[K[?25h[?2026l[?2026h[?25l[A[1Gpulling manifest [K
pulling 2bada8a74506:  72% ▕█████████████     ▏ 3.4 GB/4.7 GB  4.5 MB/s   4m50s[K[?25h[?2026l[?2026h[?25l[A[1Gpulling manifest [K
pulling 2bada8a74506:  72% ▕█████████████     ▏ 3.4 GB/4.7 GB  4.5 MB/s   4m50s[K[?25h[?2026l[?2026h[?25l[A[1Gpulling manifest [K
pulling 2bada8a74506:  72% ▕█████████████     ▏ 3.4 GB/4.7 GB  4.4 MB/s   4m51s[K[?25h[?2026l[?2026h[?25l[A[1Gpulling manifest [K
pulling 2bada8a74506:  72% ▕█████████████     ▏ 3.4 GB/4.7 GB  4.4 MB/s   4m51s[K[?25h[?2026l[?2026h[?25l[A[1Gpulling manifest [K
pulling 2bada8a74506:  72% ▕█████████████     ▏ 3.4 GB/4.7 GB  4.4 MB/s   4m51s[K[?25h[?2026l[?2026h[?25l[A[1Gpulling manifest [K
pulling 2bada8a74506:  72% ▕█████████████     ▏ 3.4 GB/4.7 GB  4.4 MB/s   4m51s[K[?25h[?2026l[?2026h[?25l[A[1Gpulling manifest [K
pulling 2bada8a74506:  72% ▕█████████████     ▏ 3.4 GB/4.7 GB  4.4 MB/s   4m51s[K[?25h[?2026l[?2026h[?25l[A[1Gpulling manifest [K
pulling 2bada8a74506:  72% ▕█████████████     ▏ 3.4 GB/4.7 GB  4.4 MB/s   4m51s[K[?25h[?2026l[?2026h[?25l[A[1Gpulling manifest [K
pulling 2bada8a74506:  72% ▕█████████████     ▏ 3.4 GB/4.7 GB  4.4 MB/s   4m51s[K[?25h[?2026l[?2026h[?25l[A[1Gpulling manifest [K
pulling 2bada8a74506:  72% ▕█████████████     ▏ 3.4 GB/4.7 GB  4.4 MB/s   4m51s[K[?25h[?2026l[?2026h[?25l[A[1Gpulling manifest [K
pulling 2bada8a74506:  72% ▕█████████████     ▏ 3.4 GB/4.7 GB  4.4 MB/s   4m50s[K[?25h[?2026l[?2026h[?25l[A[1Gpulling manifest [K
pulling 2bada8a74506:  72% ▕█████████████     ▏ 3.4 GB/4.7 GB  4.4 MB/s   4m50s[K[?25h[?2026l[?2026h[?25l[A[1Gpulling manifest [K
pulling 2bada8a74506:  72% ▕█████████████     ▏ 3.4 GB/4.7 GB  4.4 MB/s   4m50s[K[?25h[?2026l[?2026h[?25l[A[1Gpulling manifest [K
pulling 2bada8a74506:  72% ▕█████████████     ▏ 3.4 GB/4.7 GB  4.4 MB/s   4m54s[K[?25h[?2026l[?2026h[?25l[A[1Gpulling manifest [K
pulling 2bada8a74506:  72% ▕█████████████     ▏ 3.4 GB/4.7 GB  4.4 MB/s   4m54s[K[?25h[?2026l[?2026h[?25l[A[1Gpulling manifest [K
pulling 2bada8a74506:  72% ▕█████████████     ▏ 3.4 GB/4.7 GB  4.4 MB/s   4m54s[K[?25h[?2026l[?2026h[?25l[A[1Gpulling manifest [K
pulling 2bada8a74506:  72% ▕█████████████     ▏ 3.4 GB/4.7 GB  4.4 MB/s   4m54s[K[?25h[?2026l[?2026h[?25l[A[1Gpulling manifest [K
pulling 2bada8a74506:  72% ▕█████████████     ▏ 3.4 GB/4.7 GB  4.4 MB/s   4m54s[K[?25h[?2026l[?2026h[?25l[A[1Gpulling manifest [K
pulling 2bada8a74506:  72% ▕█████████████     ▏ 3.4 GB/4.7 GB  4.4 MB/s   4m54s[K[?25h[?2026l[?2026h[?25l[A[1Gpulling manifest [K
pulling 2bada8a74506:  72% ▕█████████████     ▏ 3.4 GB/4.7 GB  4.4 MB/s   4m53s[K[?25h[?2026l[?2026h[?25l[A[1Gpulling manifest [K
pulling 2bada8a74506:  72% ▕█████████████     ▏ 3.4 GB/4.7 GB  4.4 MB/s   4m53s[K[?25h[?2026l[?2026h[?25l[A[1Gpulling manifest [K
pulling 2bada8a74506:  73% ▕█████████████     ▏ 3.4 GB/4.7 GB  4.4 MB/s   4m53s[K[?25h[?2026l[?2026h[?25l[A[1Gpulling manifest [K
pulling 2bada8a74506:  73% ▕█████████████     ▏ 3.4 GB/4.7 GB  4.4 MB/s   4m53s[K[?25h[?2026l[?2026h[?25l[A[1Gpulling manifest [K
pulling 2bada8a74506:  73% ▕█████████████     ▏ 3.4 GB/4.7 GB  4.3 MB/s   4m58s[K[?25h[?2026l[?2026h[?25l[A[1Gpulling manifest [K
pulling 2bada8a74506:  73% ▕█████████████     ▏ 3.4 GB/4.7 GB  4.3 MB/s   4m58s[K[?25h[?2026l[?2026h[?25l[A[1Gpulling manifest [K
pulling 2bada8a74506:  73% ▕█████████████     ▏ 3.4 GB/4.7 GB  4.3 MB/s   4m58s[K[?25h[?2026l[?2026h[?25l[A[1Gpulling manifest [K
pulling 2bada8a74506:  73% ▕█████████████     ▏ 3.4 GB/4.7 GB  4.3 MB/s   4m58s[K[?25h[?2026l[?2026h[?25l[A[1Gpulling manifest [K
pulling 2bada8a74506:  73% ▕█████████████     ▏ 3.4 GB/4.7 GB  4.3 MB/s   4m57s[K[?25h[?2026l[?2026h[?25l[A[1Gpulling manifest [K
pulling 2bada8a74506:  73% ▕█████████████     ▏ 3.4 GB/4.7 GB  4.3 MB/s   4m57s[K[?25h[?2026l[?2026h[?25l[A[1Gpulling manifest [K
pulling 2bada8a74506:  73% ▕█████████████     ▏ 3.4 GB/4.7 GB  4.3 MB/s   4m57s[K[?25h[?2026l[?2026h[?25l[A[1Gpulling manifest [K
pulling 2bada8a74506:  73% ▕█████████████     ▏ 3.4 GB/4.7 GB  4.3 MB/s   4m57s[K[?25h[?2026l[?2026h[?25l[A[1Gpulling manifest [K
pulling 2bada8a74506:  73% ▕█████████████     ▏ 3.4 GB/4.7 GB  4.3 MB/s   4m57s[K[?25h[?2026l[?2026h[?25l[A[1Gpulling manifest [K
pulling 2bada8a74506:  73% ▕█████████████     ▏ 3.4 GB/4.7 GB  4.3 MB/s   4m57s[K[?25h[?2026l[?2026h[?25l[A[1Gpulling manifest [K
pulling 2bada8a74506:  73% ▕█████████████     ▏ 3.4 GB/4.7 GB  4.3 MB/s   4m58s[K[?25h[?2026l[?2026h[?25l[A[1Gpulling manifest [K
pulling 2bada8a74506:  73% ▕█████████████     ▏ 3.4 GB/4.7 GB  4.3 MB/s   4m58s[K[?25h[?2026l[?2026h[?25l[A[1Gpulling manifest [K
pulling 2bada8a74506:  73% ▕█████████████     ▏ 3.4 GB/4.7 GB  4.3 MB/s   4m58s[K[?25h[?2026l[?2026h[?25l[A[1Gpulling manifest [K
pulling 2bada8a74506:  73% ▕█████████████     ▏ 3.4 GB/4.7 GB  4.3 MB/s   4m58s[K[?25h[?2026l[?2026h[?25l[A[1Gpulling manifest [K
pulling 2bada8a74506:  73% ▕█████████████     ▏ 3.4 GB/4.7 GB  4.3 MB/s   4m58s[K[?25h[?2026l[?2026h[?25l[A[1Gpulling manifest [K
pulling 2bada8a74506:  73% ▕█████████████     ▏ 3.4 GB/4.7 GB  4.3 MB/s   4m57s[K[?25h[?2026l[?2026h[?25l[A[1Gpulling manifest [K
pulling 2bada8a74506:  73% ▕█████████████     ▏ 3.4 GB/4.7 GB  4.3 MB/s   4m57s[K[?25h[?2026l[?2026h[?25l[A[1Gpulling manifest [K
pulling 2bada8a74506:  73% ▕█████████████     ▏ 3.4 GB/4.7 GB  4.3 MB/s   4m57s[K[?25h[?2026l[?2026h[?25l[A[1Gpulling manifest [K
pulling 2bada8a74506:  73% ▕█████████████     ▏ 3.4 GB/4.7 GB  4.3 MB/s   4m57s[K[?25h[?2026l[?2026h[?25l[A[1Gpulling manifest [K
pulling 2bada8a74506:  73% ▕█████████████     ▏ 3.4 GB/4.7 GB  4.3 MB/s   4m57s[K[?25h[?2026l[?2026h[?25l[A[1Gpulling manifest [K
pulling 2bada8a74506:  73% ▕█████████████     ▏ 3.4 GB/4.7 GB  4.3 MB/s   4m57s[K[?25h[?2026l[?2026h[?25l[A[1Gpulling manifest [K
pulling 2bada8a74506:  73% ▕█████████████     ▏ 3.4 GB/4.7 GB  4.3 MB/s   4m56s[K[?25h[?2026l[?2026h[?25l[A[1Gpulling manifest [K
pulling 2bada8a74506:  73% ▕█████████████     ▏ 3.4 GB/4.7 GB  4.3 MB/s   4m56s[K[?25h[?2026l[?2026h[?25l[A[1Gpulling manifest [K
pulling 2bada8a74506:  73% ▕█████████████     ▏ 3.4 GB/4.7 GB  4.3 MB/s   4m56s[K[?25h[?2026l[?2026h[?25l[A[1Gpulling manifest [K
pulling 2bada8a74506:  73% ▕█████████████     ▏ 3.4 GB/4.7 GB  4.3 MB/s   4m56s[K[?25h[?2026l[?2026h[?25l[A[1Gpulling manifest [K
pulling 2bada8a74506:  73% ▕█████████████     ▏ 3.4 GB/4.7 GB  4.3 MB/s   4m56s[K[?25h[?2026l[?2026h[?25l[A[1Gpulling manifest [K
pulling 2bada8a74506:  73% ▕█████████████     ▏ 3.4 GB/4.7 GB  4.3 MB/s   4m56s[K[?25h[?2026l[?2026h[?25l[A[1Gpulling manifest [K
pulling 2bada8a74506:  73% ▕█████████████     ▏ 3.4 GB/4.7 GB  4.3 MB/s   4m56s[K[?25h[?2026l[?2026h[?25l[A[1Gpulling manifest [K
pulling 2bada8a74506:  73% ▕█████████████     ▏ 3.4 GB/4.7 GB  4.3 MB/s   4m56s[K[?25h[?2026l[?2026h[?25l[A[1Gpulling manifest [K
pulling 2bada8a74506:  73% ▕█████████████     ▏ 3.4 GB/4.7 GB  4.3 MB/s   4m56s[K[?25h[?2026l[?2026h[?25l[A[1Gpulling manifest [K
pulling 2bada8a74506:  73% ▕█████████████     ▏ 3.4 GB/4.7 GB  4.3 MB/s   4m52s[K[?25h[?2026l[?2026h[?25l[A[1Gpulling manifest [K
pulling 2bada8a74506:  73% ▕█████████████     ▏ 3.4 GB/4.7 GB  4.3 MB/s   4m52s[K[?25h[?2026l[?2026h[?25l[A[1Gpulling manifest [K
pulling 2bada8a74506:  73% ▕█████████████     ▏ 3.4 GB/4.7 GB  4.3 MB/s   4m52s[K[?25h[?2026l[?2026h[?25l[A[1Gpulling manifest [K
pulling 2bada8a74506:  73% ▕█████████████     ▏ 3.4 GB/4.7 GB  4.3 MB/s   4m52s[K[?25h[?2026l[?2026h[?25l[A[1Gpulling manifest [K
pulling 2bada8a74506:  73% ▕█████████████     ▏ 3.4 GB/4.7 GB  4.3 MB/s   4m52s[K[?25h[?2026l[?2026h[?25l[A[1Gpulling manifest [K
pulling 2bada8a74506:  73% ▕█████████████     ▏ 3.4 GB/4.7 GB  4.3 MB/s   4m52s[K[?25h[?2026l[?2026h[?25l[A[1Gpulling manifest [K
pulling 2bada8a74506:  73% ▕█████████████     ▏ 3.4 GB/4.7 GB  4.3 MB/s   4m52s[K[?25h[?2026l[?2026h[?25l[A[1Gpulling manifest [K
pulling 2bada8a74506:  73% ▕█████████████     ▏ 3.4 GB/4.7 GB  4.3 MB/s   4m52s[K[?25h[?2026l[?2026h[?25l[A[1Gpulling manifest [K
pulling 2bada8a74506:  73% ▕█████████████     ▏ 3.4 GB/4.7 GB  4.3 MB/s   4m52s[K[?25h[?2026l[?2026h[?25l[A[1Gpulling manifest [K
pulling 2bada8a74506:  73% ▕█████████████     ▏ 3.4 GB/4.7 GB  4.3 MB/s   4m51s[K[?25h[?2026l[?2026h[?25l[A[1Gpulling manifest [K
pulling 2bada8a74506:  73% ▕█████████████     ▏ 3.4 GB/4.7 GB  4.3 MB/s   4m51s[K[?25h[?2026l[?2026h[?25l[A[1Gpulling manifest [K
pulling 2bada8a74506:  73% ▕█████████████     ▏ 3.4 GB/4.7 GB  4.4 MB/s   4m46s[K[?25h[?2026l[?2026h[?25l[A[1Gpulling manifest [K
pulling 2bada8a74506:  73% ▕█████████████     ▏ 3.4 GB/4.7 GB  4.4 MB/s   4m46s[K[?25h[?2026l[?2026h[?25l[A[1Gpulling manifest [K
pulling 2bada8a74506:  73% ▕█████████████     ▏ 3.4 GB/4.7 GB  4.4 MB/s   4m46s[K[?25h[?2026l[?2026h[?25l[A[1Gpulling manifest [K
pulling 2bada8a74506:  73% ▕█████████████     ▏ 3.4 GB/4.7 GB  4.4 MB/s   4m46s[K[?25h[?2026l[?2026h[?25l[A[1Gpulling manifest [K
pulling 2bada8a74506:  73% ▕█████████████     ▏ 3.4 GB/4.7 GB  4.4 MB/s   4m46s[K[?25h[?2026l[?2026h[?25l[A[1Gpulling manifest [K
pulling 2bada8a74506:  73% ▕█████████████     ▏ 3.4 GB/4.7 GB  4.4 MB/s   4m46s[K[?25h[?2026l[?2026h[?25l[A[1Gpulling manifest [K
pulling 2bada8a74506:  73% ▕█████████████     ▏ 3.4 GB/4.7 GB  4.4 MB/s   4m45s[K[?25h[?2026l[?2026h[?25l[A[1Gpulling manifest [K
pulling 2bada8a74506:  73% ▕█████████████     ▏ 3.4 GB/4.7 GB  4.4 MB/s   4m45s[K[?25h[?2026l[?2026h[?25l[A[1Gpulling manifest [K
pulling 2bada8a74506:  73% ▕█████████████     ▏ 3.4 GB/4.7 GB  4.4 MB/s   4m45s[K[?25h[?2026l[?2026h[?25l[A[1Gpulling manifest [K
pulling 2bada8a74506:  73% ▕█████████████     ▏ 3.4 GB/4.7 GB  4.4 MB/s   4m45s[K[?25h[?2026l[?2026h[?25l[A[1Gpulling manifest [K
pulling 2bada8a74506:  73% ▕█████████████     ▏ 3.4 GB/4.7 GB  4.5 MB/s   4m41s[K[?25h[?2026l[?2026h[?25l[A[1Gpulling manifest [K
pulling 2bada8a74506:  73% ▕█████████████     ▏ 3.4 GB/4.7 GB  4.5 MB/s   4m41s[K[?25h[?2026l[?2026h[?25l[A[1Gpulling manifest [K
pulling 2bada8a74506:  73% ▕█████████████     ▏ 3.4 GB/4.7 GB  4.5 MB/s   4m41s[K[?25h[?2026l[?2026h[?25l[A[1Gpulling manifest [K
pulling 2bada8a74506:  73% ▕█████████████     ▏ 3.4 GB/4.7 GB  4.5 MB/s   4m41s[K[?25h[?2026l[?2026h[?25l[A[1Gpulling manifest [K
pulling 2bada8a74506:  73% ▕█████████████     ▏ 3.4 GB/4.7 GB  4.5 MB/s   4m41s[K[?25h[?2026l[?2026h[?25l[A[1Gpulling manifest [K
pulling 2bada8a74506:  73% ▕█████████████     ▏ 3.4 GB/4.7 GB  4.5 MB/s   4m41s[K[?25h[?2026l[?2026h[?25l[A[1Gpulling manifest [K
pulling 2bada8a74506:  73% ▕█████████████     ▏ 3.4 GB/4.7 GB  4.5 MB/s   4m41s[K[?25h[?2026l[?2026h[?25l[A[1Gpulling manifest [K
pulling 2bada8a74506:  73% ▕█████████████     ▏ 3.4 GB/4.7 GB  4.5 MB/s   4m41s[K[?25h[?2026l[?2026h[?25l[A[1Gpulling manifest [K
pulling 2bada8a74506:  73% ▕█████████████     ▏ 3.4 GB/4.7 GB  4.5 MB/s   4m41s[K[?25h[?2026l[?2026h[?25l[A[1Gpulling manifest [K
pulling 2bada8a74506:  73% ▕█████████████     ▏ 3.4 GB/4.7 GB  4.5 MB/s   4m40s[K[?25h[?2026l[?2026h[?25l[A[1Gpulling manifest [K
pulling 2bada8a74506:  73% ▕█████████████     ▏ 3.4 GB/4.7 GB  4.6 MB/s   4m33s[K[?25h[?2026l[?2026h[?25l[A[1Gpulling manifest [K
pulling 2bada8a74506:  73% ▕█████████████     ▏ 3.4 GB/4.7 GB  4.6 MB/s   4m33s[K[?25h[?2026l[?2026h[?25l[A[1Gpulling manifest [K
pulling 2bada8a74506:  73% ▕█████████████     ▏ 3.4 GB/4.7 GB  4.6 MB/s   4m33s[K[?25h[?2026l[?2026h[?25l[A[1Gpulling manifest [K
pulling 2bada8a74506:  73% ▕█████████████     ▏ 3.4 GB/4.7 GB  4.6 MB/s   4m33s[K[?25h[?2026l[?2026h[?25l[A[1Gpulling manifest [K
pulling 2bada8a74506:  73% ▕█████████████     ▏ 3.4 GB/4.7 GB  4.6 MB/s   4m32s[K[?25h[?2026l[?2026h[?25l[A[1Gpulling manifest [K
pulling 2bada8a74506:  73% ▕█████████████     ▏ 3.4 GB/4.7 GB  4.6 MB/s   4m32s[K[?25h[?2026l[?2026h[?25l[A[1Gpulling manifest [K
pulling 2bada8a74506:  73% ▕█████████████     ▏ 3.4 GB/4.7 GB  4.6 MB/s   4m32s[K[?25h[?2026l[?2026h[?25l[A[1Gpulling manifest [K
pulling 2bada8a74506:  73% ▕█████████████     ▏ 3.4 GB/4.7 GB  4.6 MB/s   4m32s[K[?25h[?2026l[?2026h[?25l[A[1Gpulling manifest [K
pulling 2bada8a74506:  73% ▕█████████████     ▏ 3.4 GB/4.7 GB  4.6 MB/s   4m32s[K[?25h[?2026l[?2026h[?25l[A[1Gpulling manifest [K
pulling 2bada8a74506:  73% ▕█████████████     ▏ 3.4 GB/4.7 GB  4.6 MB/s   4m32s[K[?25h[?2026l[?2026h[?25l[A[1Gpulling manifest [K
pulling 2bada8a74506:  73% ▕█████████████     ▏ 3.4 GB/4.7 GB  4.7 MB/s   4m27s[K[?25h[?2026l[?2026h[?25l[A[1Gpulling manifest [K
pulling 2bada8a74506:  73% ▕█████████████     ▏ 3.4 GB/4.7 GB  4.7 MB/s   4m27s[K[?25h[?2026l[?2026h[?25l[A[1Gpulling manifest [K
pulling 2bada8a74506:  73% ▕█████████████     ▏ 3.4 GB/4.7 GB  4.7 MB/s   4m27s[K[?25h[?2026l[?2026h[?25l[A[1Gpulling manifest [K
pulling 2bada8a74506:  73% ▕█████████████     ▏ 3.4 GB/4.7 GB  4.7 MB/s   4m27s[K[?25h[?2026l[?2026h[?25l[A[1Gpulling manifest [K
pulling 2bada8a74506:  73% ▕█████████████     ▏ 3.4 GB/4.7 GB  4.7 MB/s   4m27s[K[?25h[?2026l[?2026h[?25l[A[1Gpulling manifest [K
pulling 2bada8a74506:  73% ▕█████████████     ▏ 3.4 GB/4.7 GB  4.7 MB/s   4m27s[K[?25h[?2026l[?2026h[?25l[A[1Gpulling manifest [K
pulling 2bada8a74506:  73% ▕█████████████     ▏ 3.4 GB/4.7 GB  4.7 MB/s   4m26s[K[?25h[?2026l[?2026h[?25l[A[1Gpulling manifest [K
pulling 2bada8a74506:  73% ▕█████████████     ▏ 3.4 GB/4.7 GB  4.7 MB/s   4m26s[K[?25h[?2026l[?2026h[?25l[A[1Gpulling manifest [K
pulling 2bada8a74506:  73% ▕█████████████     ▏ 3.4 GB/4.7 GB  4.7 MB/s   4m26s[K[?25h[?2026l[?2026h[?25l[A[1Gpulling manifest [K
pulling 2bada8a74506:  73% ▕█████████████     ▏ 3.4 GB/4.7 GB  4.7 MB/s   4m26s[K[?25h[?2026l[?2026h[?25l[A[1Gpulling manifest [K
pulling 2bada8a74506:  73% ▕█████████████     ▏ 3.4 GB/4.7 GB  4.8 MB/s   4m22s[K[?25h[?2026l[?2026h[?25l[A[1Gpulling manifest [K
pulling 2bada8a74506:  73% ▕█████████████     ▏ 3.4 GB/4.7 GB  4.8 MB/s   4m22s[K[?25h[?2026l[?2026h[?25l[A[1Gpulling manifest [K
pulling 2bada8a74506:  73% ▕█████████████     ▏ 3.4 GB/4.7 GB  4.8 MB/s   4m22s[K[?25h[?2026l[?2026h[?25l[A[1Gpulling manifest [K
pulling 2bada8a74506:  73% ▕█████████████     ▏ 3.4 GB/4.7 GB  4.8 MB/s   4m22s[K[?25h[?2026l[?2026h[?25l[A[1Gpulling manifest [K
pulling 2bada8a74506:  73% ▕█████████████     ▏ 3.4 GB/4.7 GB  4.8 MB/s   4m22s[K[?25h[?2026l[?2026h[?25l[A[1Gpulling manifest [K
pulling 2bada8a74506:  73% ▕█████████████     ▏ 3.4 GB/4.7 GB  4.8 MB/s   4m22s[K[?25h[?2026l[?2026h[?25l[A[1Gpulling manifest [K
pulling 2bada8a74506:  73% ▕█████████████     ▏ 3.4 GB/4.7 GB  4.8 MB/s   4m21s[K[?25h[?2026l[?2026h[?25l[A[1Gpulling manifest [K
pulling 2bada8a74506:  73% ▕█████████████     ▏ 3.4 GB/4.7 GB  4.8 MB/s   4m21s[K[?25h[?2026l[?2026h[?25l[A[1Gpulling manifest [K
pulling 2bada8a74506:  73% ▕█████████████     ▏ 3.4 GB/4.7 GB  4.8 MB/s   4m21s[K[?25h[?2026l[?2026h[?25l[A[1Gpulling manifest [K
pulling 2bada8a74506:  73% ▕█████████████     ▏ 3.4 GB/4.7 GB  4.8 MB/s   4m21s[K[?25h[?2026l[?2026h[?25l[A[1Gpulling manifest [K
pulling 2bada8a74506:  73% ▕█████████████     ▏ 3.4 GB/4.7 GB  4.8 MB/s   4m21s[K[?25h[?2026l[?2026h[?25l[A[1Gpulling manifest [K
pulling 2bada8a74506:  73% ▕█████████████     ▏ 3.4 GB/4.7 GB  4.9 MB/s   4m15s[K[?25h[?2026l[?2026h[?25l[A[1Gpulling manifest [K
pulling 2bada8a74506:  73% ▕█████████████     ▏ 3.4 GB/4.7 GB  4.9 MB/s   4m15s[K[?25h[?2026l[?2026h[?25l[A[1Gpulling manifest [K
pulling 2bada8a74506:  73% ▕█████████████     ▏ 3.4 GB/4.7 GB  4.9 MB/s   4m15s[K[?25h[?2026l[?2026h[?25l[A[1Gpulling manifest [K
pulling 2bada8a74506:  73% ▕█████████████     ▏ 3.4 GB/4.7 GB  4.9 MB/s   4m15s[K[?25h[?2026l[?2026h[?25l[A[1Gpulling manifest [K
pulling 2bada8a74506:  74% ▕█████████████     ▏ 3.4 GB/4.7 GB  4.9 MB/s   4m15s[K[?25h[?2026l[?2026h[?25l[A[1Gpulling manifest [K
pulling 2bada8a74506:  74% ▕█████████████     ▏ 3.4 GB/4.7 GB  4.9 MB/s   4m15s[K[?25h[?2026l[?2026h[?25l[A[1Gpulling manifest [K
pulling 2bada8a74506:  74% ▕█████████████     ▏ 3.4 GB/4.7 GB  4.9 MB/s   4m15s[K[?25h[?2026l[?2026h[?25l[A[1Gpulling manifest [K
pulling 2bada8a74506:  74% ▕█████████████     ▏ 3.4 GB/4.7 GB  4.9 MB/s   4m15s[K[?25h[?2026l[?2026h[?25l[A[1Gpulling manifest [K
pulling 2bada8a74506:  74% ▕█████████████     ▏ 3.4 GB/4.7 GB  4.9 MB/s   4m15s[K[?25h[?2026l[?2026h[?25l[A[1Gpulling manifest [K
pulling 2bada8a74506:  74% ▕█████████████     ▏ 3.4 GB/4.7 GB  4.9 MB/s   4m15s[K[?25h[?2026l[?2026h[?25l[A[1Gpulling manifest [K
pulling 2bada8a74506:  74% ▕█████████████     ▏ 3.4 GB/4.7 GB  4.9 MB/s   4m13s[K[?25h[?2026l[?2026h[?25l[A[1Gpulling manifest [K
pulling 2bada8a74506:  74% ▕█████████████     ▏ 3.4 GB/4.7 GB  4.9 MB/s   4m13s[K[?25h[?2026l[?2026h[?25l[A[1Gpulling manifest [K
pulling 2bada8a74506:  74% ▕█████████████     ▏ 3.4 GB/4.7 GB  4.9 MB/s   4m13s[K[?25h[?2026l[?2026h[?25l[A[1Gpulling manifest [K
pulling 2bada8a74506:  74% ▕█████████████     ▏ 3.4 GB/4.7 GB  4.9 MB/s   4m13s[K[?25h[?2026l[?2026h[?25l[A[1Gpulling manifest [K
pulling 2bada8a74506:  74% ▕█████████████     ▏ 3.4 GB/4.7 GB  4.9 MB/s   4m13s[K[?25h[?2026l[?2026h[?25l[A[1Gpulling manifest [K
pulling 2bada8a74506:  74% ▕█████████████     ▏ 3.4 GB/4.7 GB  4.9 MB/s   4m13s[K[?25h[?2026l[?2026h[?25l[A[1Gpulling manifest [K
pulling 2bada8a74506:  74% ▕█████████████     ▏ 3.4 GB/4.7 GB  4.9 MB/s   4m13s[K[?25h[?2026l[?2026h[?25l[A[1Gpulling manifest [K
pulling 2bada8a74506:  74% ▕█████████████     ▏ 3.4 GB/4.7 GB  4.9 MB/s   4m12s[K[?25h[?2026l[?2026h[?25l[A[1Gpulling manifest [K
pulling 2bada8a74506:  74% ▕█████████████     ▏ 3.4 GB/4.7 GB  4.9 MB/s   4m12s[K[?25h[?2026l[?2026h[?25l[A[1Gpulling manifest [K
pulling 2bada8a74506:  74% ▕█████████████     ▏ 3.4 GB/4.7 GB  4.9 MB/s   4m12s[K[?25h[?2026l[?2026h[?25l[A[1Gpulling manifest [K
pulling 2bada8a74506:  74% ▕█████████████     ▏ 3.4 GB/4.7 GB  4.8 MB/s   4m14s[K[?25h[?2026l[?2026h[?25l[A[1Gpulling manifest [K
pulling 2bada8a74506:  74% ▕█████████████     ▏ 3.4 GB/4.7 GB  4.8 MB/s   4m14s[K[?25h[?2026l[?2026h[?25l[A[1Gpulling manifest [K
pulling 2bada8a74506:  74% ▕█████████████     ▏ 3.5 GB/4.7 GB  4.8 MB/s   4m14s[K[?25h[?2026l[?2026h[?25l[A[1Gpulling manifest [K
pulling 2bada8a74506:  74% ▕█████████████     ▏ 3.5 GB/4.7 GB  4.8 MB/s   4m14s[K[?25h[?2026l[?2026h[?25l[A[1Gpulling manifest [K
pulling 2bada8a74506:  74% ▕█████████████     ▏ 3.5 GB/4.7 GB  4.8 MB/s   4m14s[K[?25h[?2026l[?2026h[?25l[A[1Gpulling manifest [K
pulling 2bada8a74506:  74% ▕█████████████     ▏ 3.5 GB/4.7 GB  4.8 MB/s   4m13s[K[?25h[?2026l[?2026h[?25l[A[1Gpulling manifest [K
pulling 2bada8a74506:  74% ▕█████████████     ▏ 3.5 GB/4.7 GB  4.8 MB/s   4m13s[K[?25h[?2026l[?2026h[?25l[A[1Gpulling manifest [K
pulling 2bada8a74506:  74% ▕█████████████     ▏ 3.5 GB/4.7 GB  4.8 MB/s   4m13s[K[?25h[?2026l[?2026h[?25l[A[1Gpulling manifest [K
pulling 2bada8a74506:  74% ▕█████████████     ▏ 3.5 GB/4.7 GB  4.8 MB/s   4m13s[K[?25h[?2026l[?2026h[?25l[A[1Gpulling manifest [K
pulling 2bada8a74506:  74% ▕█████████████     ▏ 3.5 GB/4.7 GB  4.8 MB/s   4m13s[K[?25h[?2026l[?2026h[?25l[A[1Gpulling manifest [K
pulling 2bada8a74506:  74% ▕█████████████     ▏ 3.5 GB/4.7 GB  4.8 MB/s   4m14s[K[?25h[?2026l[?2026h[?25l[A[1Gpulling manifest [K
pulling 2bada8a74506:  74% ▕█████████████     ▏ 3.5 GB/4.7 GB  4.8 MB/s   4m14s[K[?25h[?2026l[?2026h[?25l[A[1Gpulling manifest [K
pulling 2bada8a74506:  74% ▕█████████████     ▏ 3.5 GB/4.7 GB  4.8 MB/s   4m14s[K[?25h[?2026l[?2026h[?25l[A[1Gpulling manifest [K
pulling 2bada8a74506:  74% ▕█████████████     ▏ 3.5 GB/4.7 GB  4.8 MB/s   4m13s[K[?25h[?2026l[?2026h[?25l[A[1Gpulling manifest [K
pulling 2bada8a74506:  74% ▕█████████████     ▏ 3.5 GB/4.7 GB  4.8 MB/s   4m13s[K[?25h[?2026l[?2026h[?25l[A[1Gpulling manifest [K
pulling 2bada8a74506:  74% ▕█████████████     ▏ 3.5 GB/4.7 GB  4.8 MB/s   4m13s[K[?25h[?2026l[?2026h[?25l[A[1Gpulling manifest [K
pulling 2bada8a74506:  74% ▕█████████████     ▏ 3.5 GB/4.7 GB  4.8 MB/s   4m13s[K[?25h[?2026l[?2026h[?25l[A[1Gpulling manifest [K
pulling 2bada8a74506:  74% ▕█████████████     ▏ 3.5 GB/4.7 GB  4.8 MB/s   4m13s[K[?25h[?2026l[?2026h[?25l[A[1Gpulling manifest [K
pulling 2bada8a74506:  74% ▕█████████████     ▏ 3.5 GB/4.7 GB  4.8 MB/s   4m13s[K[?25h[?2026l[?2026h[?25l[A[1Gpulling manifest [K
pulling 2bada8a74506:  74% ▕█████████████     ▏ 3.5 GB/4.7 GB  4.8 MB/s   4m13s[K[?25h[?2026l[?2026h[?25l[A[1Gpulling manifest [K
pulling 2bada8a74506:  74% ▕█████████████     ▏ 3.5 GB/4.7 GB  4.8 MB/s   4m13s[K[?25h[?2026l[?2026h[?25l[A[1Gpulling manifest [K
pulling 2bada8a74506:  74% ▕█████████████     ▏ 3.5 GB/4.7 GB  4.8 MB/s   4m13s[K[?25h[?2026l[?2026h[?25l[A[1Gpulling manifest [K
pulling 2bada8a74506:  74% ▕█████████████     ▏ 3.5 GB/4.7 GB  4.8 MB/s   4m13s[K[?25h[?2026l[?2026h[?25l[A[1Gpulling manifest [K
pulling 2bada8a74506:  74% ▕█████████████     ▏ 3.5 GB/4.7 GB  4.8 MB/s   4m13s[K[?25h[?2026l[?2026h[?25l[A[1Gpulling manifest [K
pulling 2bada8a74506:  74% ▕█████████████     ▏ 3.5 GB/4.7 GB  4.8 MB/s   4m13s[K[?25h[?2026l[?2026h[?25l[A[1Gpulling manifest [K
pulling 2bada8a74506:  74% ▕█████████████     ▏ 3.5 GB/4.7 GB  4.8 MB/s   4m13s[K[?25h[?2026l[?2026h[?25l[A[1Gpulling manifest [K
pulling 2bada8a74506:  74% ▕█████████████     ▏ 3.5 GB/4.7 GB  4.8 MB/s   4m13s[K[?25h[?2026l[?2026h[?25l[A[1Gpulling manifest [K
pulling 2bada8a74506:  74% ▕█████████████     ▏ 3.5 GB/4.7 GB  4.8 MB/s   4m13s[K[?25h[?2026l[?2026h[?25l[A[1Gpulling manifest [K
pulling 2bada8a74506:  74% ▕█████████████     ▏ 3.5 GB/4.7 GB  4.8 MB/s   4m13s[K[?25h[?2026l[?2026h[?25l[A[1Gpulling manifest [K
pulling 2bada8a74506:  74% ▕█████████████     ▏ 3.5 GB/4.7 GB  4.8 MB/s   4m12s[K[?25h[?2026l[?2026h[?25l[A[1Gpulling manifest [K
pulling 2bada8a74506:  74% ▕█████████████     ▏ 3.5 GB/4.7 GB  4.8 MB/s   4m12s[K[?25h[?2026l[?2026h[?25l[A[1Gpulling manifest [K
pulling 2bada8a74506:  74% ▕█████████████     ▏ 3.5 GB/4.7 GB  4.8 MB/s   4m13s[K[?25h[?2026l[?2026h[?25l[A[1Gpulling manifest [K
pulling 2bada8a74506:  74% ▕█████████████     ▏ 3.5 GB/4.7 GB  4.8 MB/s   4m13s[K[?25h[?2026l[?2026h[?25l[A[1Gpulling manifest [K
pulling 2bada8a74506:  74% ▕█████████████     ▏ 3.5 GB/4.7 GB  4.8 MB/s   4m13s[K[?25h[?2026l[?2026h[?25l[A[1Gpulling manifest [K
pulling 2bada8a74506:  74% ▕█████████████     ▏ 3.5 GB/4.7 GB  4.8 MB/s   4m13s[K[?25h[?2026l[?2026h[?25l[A[1Gpulling manifest [K
pulling 2bada8a74506:  74% ▕█████████████     ▏ 3.5 GB/4.7 GB  4.8 MB/s   4m13s[K[?25h[?2026l[?2026h[?25l[A[1Gpulling manifest [K
pulling 2bada8a74506:  74% ▕█████████████     ▏ 3.5 GB/4.7 GB  4.8 MB/s   4m13s[K[?25h[?2026l[?2026h[?25l[A[1Gpulling manifest [K
pulling 2bada8a74506:  74% ▕█████████████     ▏ 3.5 GB/4.7 GB  4.8 MB/s   4m12s[K[?25h[?2026l[?2026h[?25l[A[1Gpulling manifest [K
pulling 2bada8a74506:  74% ▕█████████████     ▏ 3.5 GB/4.7 GB  4.8 MB/s   4m12s[K[?25h[?2026l[?2026h[?25l[A[1Gpulling manifest [K
pulling 2bada8a74506:  74% ▕█████████████     ▏ 3.5 GB/4.7 GB  4.8 MB/s   4m12s[K[?25h[?2026l[?2026h[?25l[A[1Gpulling manifest [K
pulling 2bada8a74506:  74% ▕█████████████     ▏ 3.5 GB/4.7 GB  4.8 MB/s   4m12s[K[?25h[?2026l[?2026h[?25l[A[1Gpulling manifest [K
pulling 2bada8a74506:  74% ▕█████████████     ▏ 3.5 GB/4.7 GB  4.7 MB/s   4m19s[K[?25h[?2026l[?2026h[?25l[A[1Gpulling manifest [K
pulling 2bada8a74506:  74% ▕█████████████     ▏ 3.5 GB/4.7 GB  4.7 MB/s   4m19s[K[?25h[?2026l[?2026h[?25l[A[1Gpulling manifest [K
pulling 2bada8a74506:  74% ▕█████████████     ▏ 3.5 GB/4.7 GB  4.7 MB/s   4m18s[K[?25h[?2026l[?2026h[?25l[A[1Gpulling manifest [K
pulling 2bada8a74506:  74% ▕█████████████     ▏ 3.5 GB/4.7 GB  4.7 MB/s   4m18s[K[?25h[?2026l[?2026h[?25l[A[1Gpulling manifest [K
pulling 2bada8a74506:  74% ▕█████████████     ▏ 3.5 GB/4.7 GB  4.7 MB/s   4m18s[K[?25h[?2026l[?2026h[?25l[A[1Gpulling manifest [K
pulling 2bada8a74506:  74% ▕█████████████     ▏ 3.5 GB/4.7 GB  4.7 MB/s   4m18s[K[?25h[?2026l[?2026h[?25l[A[1Gpulling manifest [K
pulling 2bada8a74506:  74% ▕█████████████     ▏ 3.5 GB/4.7 GB  4.7 MB/s   4m18s[K[?25h[?2026l[?2026h[?25l[A[1Gpulling manifest [K
pulling 2bada8a74506:  74% ▕█████████████     ▏ 3.5 GB/4.7 GB  4.7 MB/s   4m18s[K[?25h[?2026l[?2026h[?25l[A[1Gpulling manifest [K
pulling 2bada8a74506:  74% ▕█████████████     ▏ 3.5 GB/4.7 GB  4.7 MB/s   4m18s[K[?25h[?2026l[?2026h[?25l[A[1Gpulling manifest [K
pulling 2bada8a74506:  74% ▕█████████████     ▏ 3.5 GB/4.7 GB  4.7 MB/s   4m18s[K[?25h[?2026l[?2026h[?25l[A[1Gpulling manifest [K
pulling 2bada8a74506:  74% ▕█████████████     ▏ 3.5 GB/4.7 GB  4.7 MB/s   4m19s[K[?25h[?2026l[?2026h[?25l[A[1Gpulling manifest [K
pulling 2bada8a74506:  74% ▕█████████████     ▏ 3.5 GB/4.7 GB  4.7 MB/s   4m18s[K[?25h[?2026l[?2026h[?25l[A[1Gpulling manifest [K
pulling 2bada8a74506:  74% ▕█████████████     ▏ 3.5 GB/4.7 GB  4.7 MB/s   4m18s[K[?25h[?2026l[?2026h[?25l[A[1Gpulling manifest [K
pulling 2bada8a74506:  74% ▕█████████████     ▏ 3.5 GB/4.7 GB  4.7 MB/s   4m18s[K[?25h[?2026l[?2026h[?25l[A[1Gpulling manifest [K
pulling 2bada8a74506:  74% ▕█████████████     ▏ 3.5 GB/4.7 GB  4.7 MB/s   4m18s[K[?25h[?2026l[?2026h[?25l[A[1Gpulling manifest [K
pulling 2bada8a74506:  74% ▕█████████████     ▏ 3.5 GB/4.7 GB  4.7 MB/s   4m18s[K[?25h[?2026l[?2026h[?25l[A[1Gpulling manifest [K
pulling 2bada8a74506:  74% ▕█████████████     ▏ 3.5 GB/4.7 GB  4.7 MB/s   4m18s[K[?25h[?2026l[?2026h[?25l[A[1Gpulling manifest [K
pulling 2bada8a74506:  74% ▕█████████████     ▏ 3.5 GB/4.7 GB  4.7 MB/s   4m18s[K[?25h[?2026l[?2026h[?25l[A[1Gpulling manifest [K
pulling 2bada8a74506:  74% ▕█████████████     ▏ 3.5 GB/4.7 GB  4.7 MB/s   4m18s[K[?25h[?2026l[?2026h[?25l[A[1Gpulling manifest [K
pulling 2bada8a74506:  74% ▕█████████████     ▏ 3.5 GB/4.7 GB  4.7 MB/s   4m18s[K[?25h[?2026l[?2026h[?25l[A[1Gpulling manifest [K
pulling 2bada8a74506:  74% ▕█████████████     ▏ 3.5 GB/4.7 GB  4.7 MB/s   4m17s[K[?25h[?2026l[?2026h[?25l[A[1Gpulling manifest [K
pulling 2bada8a74506:  74% ▕█████████████     ▏ 3.5 GB/4.7 GB  4.7 MB/s   4m17s[K[?25h[?2026l[?2026h[?25l[A[1Gpulling manifest [K
pulling 2bada8a74506:  74% ▕█████████████     ▏ 3.5 GB/4.7 GB  4.7 MB/s   4m17s[K[?25h[?2026l[?2026h[?25l[A[1Gpulling manifest [K
pulling 2bada8a74506:  74% ▕█████████████     ▏ 3.5 GB/4.7 GB  4.7 MB/s   4m17s[K[?25h[?2026l[?2026h[?25l[A[1Gpulling manifest [K
pulling 2bada8a74506:  74% ▕█████████████     ▏ 3.5 GB/4.7 GB  4.7 MB/s   4m17s[K[?25h[?2026l[?2026h[?25l[A[1Gpulling manifest [K
pulling 2bada8a74506:  74% ▕█████████████     ▏ 3.5 GB/4.7 GB  4.7 MB/s   4m17s[K[?25h[?2026l[?2026h[?25l[A[1Gpulling manifest [K
pulling 2bada8a74506:  74% ▕█████████████     ▏ 3.5 GB/4.7 GB  4.7 MB/s   4m17s[K[?25h[?2026l[?2026h[?25l[A[1Gpulling manifest [K
pulling 2bada8a74506:  74% ▕█████████████     ▏ 3.5 GB/4.7 GB  4.7 MB/s   4m17s[K[?25h[?2026l[?2026h[?25l[A[1Gpulling manifest [K
pulling 2bada8a74506:  74% ▕█████████████     ▏ 3.5 GB/4.7 GB  4.7 MB/s   4m17s[K[?25h[?2026l[?2026h[?25l[A[1Gpulling manifest [K
pulling 2bada8a74506:  74% ▕█████████████     ▏ 3.5 GB/4.7 GB  4.7 MB/s   4m17s[K[?25h[?2026l[?2026h[?25l[A[1Gpulling manifest [K
pulling 2bada8a74506:  74% ▕█████████████     ▏ 3.5 GB/4.7 GB  4.7 MB/s   4m17s[K[?25h[?2026l[?2026h[?25l[A[1Gpulling manifest [K
pulling 2bada8a74506:  74% ▕█████████████     ▏ 3.5 GB/4.7 GB  4.7 MB/s   4m17s[K[?25h[?2026l[?2026h[?25l[A[1Gpulling manifest [K
pulling 2bada8a74506:  74% ▕█████████████     ▏ 3.5 GB/4.7 GB  4.7 MB/s   4m17s[K[?25h[?2026l[?2026h[?25l[A[1Gpulling manifest [K
pulling 2bada8a74506:  74% ▕█████████████     ▏ 3.5 GB/4.7 GB  4.7 MB/s   4m17s[K[?25h[?2026l[?2026h[?25l[A[1Gpulling manifest [K
pulling 2bada8a74506:  74% ▕█████████████     ▏ 3.5 GB/4.7 GB  4.7 MB/s   4m17s[K[?25h[?2026l[?2026h[?25l[A[1Gpulling manifest [K
pulling 2bada8a74506:  74% ▕█████████████     ▏ 3.5 GB/4.7 GB  4.7 MB/s   4m17s[K[?25h[?2026l[?2026h[?25l[A[1Gpulling manifest [K
pulling 2bada8a74506:  74% ▕█████████████     ▏ 3.5 GB/4.7 GB  4.7 MB/s   4m17s[K[?25h[?2026l[?2026h[?25l[A[1Gpulling manifest [K
pulling 2bada8a74506:  74% ▕█████████████     ▏ 3.5 GB/4.7 GB  4.7 MB/s   4m17s[K[?25h[?2026l[?2026h[?25l[A[1Gpulling manifest [K
pulling 2bada8a74506:  74% ▕█████████████     ▏ 3.5 GB/4.7 GB  4.7 MB/s   4m16s[K[?25h[?2026l[?2026h[?25l[A[1Gpulling manifest [K
pulling 2bada8a74506:  74% ▕█████████████     ▏ 3.5 GB/4.7 GB  4.7 MB/s   4m16s[K[?25h[?2026l[?2026h[?25l[A[1Gpulling manifest [K
pulling 2bada8a74506:  74% ▕█████████████     ▏ 3.5 GB/4.7 GB  4.7 MB/s   4m16s[K[?25h[?2026l[?2026h[?25l[A[1Gpulling manifest [K
pulling 2bada8a74506:  74% ▕█████████████     ▏ 3.5 GB/4.7 GB  4.7 MB/s   4m15s[K[?25h[?2026l[?2026h[?25l[A[1Gpulling manifest [K
pulling 2bada8a74506:  74% ▕█████████████     ▏ 3.5 GB/4.7 GB  4.7 MB/s   4m15s[K[?25h[?2026l[?2026h[?25l[A[1Gpulling manifest [K
pulling 2bada8a74506:  74% ▕█████████████     ▏ 3.5 GB/4.7 GB  4.7 MB/s   4m15s[K[?25h[?2026l[?2026h[?25l[A[1Gpulling manifest [K
pulling 2bada8a74506:  74% ▕█████████████     ▏ 3.5 GB/4.7 GB  4.7 MB/s   4m14s[K[?25h[?2026l[?2026h[?25l[A[1Gpulling manifest [K
pulling 2bada8a74506:  75% ▕█████████████     ▏ 3.5 GB/4.7 GB  4.7 MB/s   4m14s[K[?25h[?2026l[?2026h[?25l[A[1Gpulling manifest [K
pulling 2bada8a74506:  75% ▕█████████████     ▏ 3.5 GB/4.7 GB  4.7 MB/s   4m14s[K[?25h[?2026l[?2026h[?25l[A[1Gpulling manifest [K
pulling 2bada8a74506:  75% ▕█████████████     ▏ 3.5 GB/4.7 GB  4.7 MB/s   4m14s[K[?25h[?2026l[?2026h[?25l[A[1Gpulling manifest [K
pulling 2bada8a74506:  75% ▕█████████████     ▏ 3.5 GB/4.7 GB  4.7 MB/s   4m14s[K[?25h[?2026l[?2026h[?25l[A[1Gpulling manifest [K
pulling 2bada8a74506:  75% ▕█████████████     ▏ 3.5 GB/4.7 GB  4.7 MB/s   4m14s[K[?25h[?2026l[?2026h[?25l[A[1Gpulling manifest [K
pulling 2bada8a74506:  75% ▕█████████████     ▏ 3.5 GB/4.7 GB  4.7 MB/s   4m14s[K[?25h[?2026l[?2026h[?25l[A[1Gpulling manifest [K
pulling 2bada8a74506:  75% ▕█████████████     ▏ 3.5 GB/4.7 GB  4.7 MB/s   4m11s[K[?25h[?2026l[?2026h[?25l[A[1Gpulling manifest [K
pulling 2bada8a74506:  75% ▕█████████████     ▏ 3.5 GB/4.7 GB  4.7 MB/s   4m11s[K[?25h[?2026l[?2026h[?25l[A[1Gpulling manifest [K
pulling 2bada8a74506:  75% ▕█████████████     ▏ 3.5 GB/4.7 GB  4.7 MB/s   4m11s[K[?25h[?2026l[?2026h[?25l[A[1Gpulling manifest [K
pulling 2bada8a74506:  75% ▕█████████████     ▏ 3.5 GB/4.7 GB  4.7 MB/s   4m11s[K[?25h[?2026l[?2026h[?25l[A[1Gpulling manifest [K
pulling 2bada8a74506:  75% ▕█████████████     ▏ 3.5 GB/4.7 GB  4.7 MB/s   4m11s[K[?25h[?2026l[?2026h[?25l[A[1Gpulling manifest [K
pulling 2bada8a74506:  75% ▕█████████████     ▏ 3.5 GB/4.7 GB  4.7 MB/s   4m11s[K[?25h[?2026l[?2026h[?25l[A[1Gpulling manifest [K
pulling 2bada8a74506:  75% ▕█████████████     ▏ 3.5 GB/4.7 GB  4.7 MB/s   4m11s[K[?25h[?2026l[?2026h[?25l[A[1Gpulling manifest [K
pulling 2bada8a74506:  75% ▕█████████████     ▏ 3.5 GB/4.7 GB  4.7 MB/s   4m11s[K[?25h[?2026l[?2026h[?25l[A[1Gpulling manifest [K
pulling 2bada8a74506:  75% ▕█████████████     ▏ 3.5 GB/4.7 GB  4.7 MB/s   4m10s[K[?25h[?2026l[?2026h[?25l[A[1Gpulling manifest [K
pulling 2bada8a74506:  75% ▕█████████████     ▏ 3.5 GB/4.7 GB  4.7 MB/s   4m10s[K[?25h[?2026l[?2026h[?25l[A[1Gpulling manifest [K
pulling 2bada8a74506:  75% ▕█████████████     ▏ 3.5 GB/4.7 GB  4.7 MB/s   4m10s[K[?25h[?2026l[?2026h[?25l[A[1Gpulling manifest [K
pulling 2bada8a74506:  75% ▕█████████████     ▏ 3.5 GB/4.7 GB  4.7 MB/s   4m10s[K[?25h[?2026l[?2026h[?25l[A[1Gpulling manifest [K
pulling 2bada8a74506:  75% ▕█████████████     ▏ 3.5 GB/4.7 GB  4.7 MB/s   4m10s[K[?25h[?2026l[?2026h[?25l[A[1Gpulling manifest [K
pulling 2bada8a74506:  75% ▕█████████████     ▏ 3.5 GB/4.7 GB  4.7 MB/s   4m10s[K[?25h[?2026l[?2026h[?25l[A[1Gpulling manifest [K
pulling 2bada8a74506:  75% ▕█████████████     ▏ 3.5 GB/4.7 GB  4.7 MB/s    4m9s[K[?25h[?2026l[?2026h[?25l[A[1Gpulling manifest [K
pulling 2bada8a74506:  75% ▕█████████████     ▏ 3.5 GB/4.7 GB  4.7 MB/s    4m9s[K[?25h[?2026l[?2026h[?25l[A[1Gpulling manifest [K
pulling 2bada8a74506:  75% ▕█████████████     ▏ 3.5 GB/4.7 GB  4.7 MB/s    4m9s[K[?25h[?2026l[?2026h[?25l[A[1Gpulling manifest [K
pulling 2bada8a74506:  75% ▕█████████████     ▏ 3.5 GB/4.7 GB  4.7 MB/s    4m9s[K[?25h[?2026l[?2026h[?25l[A[1Gpulling manifest [K
pulling 2bada8a74506:  75% ▕█████████████     ▏ 3.5 GB/4.7 GB  4.7 MB/s    4m9s[K[?25h[?2026l[?2026h[?25l[A[1Gpulling manifest [K
pulling 2bada8a74506:  75% ▕█████████████     ▏ 3.5 GB/4.7 GB  4.7 MB/s    4m9s[K[?25h[?2026l[?2026h[?25l[A[1Gpulling manifest [K
pulling 2bada8a74506:  75% ▕█████████████     ▏ 3.5 GB/4.7 GB  4.7 MB/s    4m9s[K[?25h[?2026l[?2026h[?25l[A[1Gpulling manifest [K
pulling 2bada8a74506:  75% ▕█████████████     ▏ 3.5 GB/4.7 GB  4.7 MB/s    4m9s[K[?25h[?2026l[?2026h[?25l[A[1Gpulling manifest [K
pulling 2bada8a74506:  75% ▕█████████████     ▏ 3.5 GB/4.7 GB  4.7 MB/s    4m9s[K[?25h[?2026l[?2026h[?25l[A[1Gpulling manifest [K
pulling 2bada8a74506:  75% ▕█████████████     ▏ 3.5 GB/4.7 GB  4.7 MB/s    4m9s[K[?25h[?2026l[?2026h[?25l[A[1Gpulling manifest [K
pulling 2bada8a74506:  75% ▕█████████████     ▏ 3.5 GB/4.7 GB  4.7 MB/s    4m9s[K[?25h[?2026l[?2026h[?25l[A[1Gpulling manifest [K
pulling 2bada8a74506:  75% ▕█████████████     ▏ 3.5 GB/4.7 GB  4.7 MB/s    4m8s[K[?25h[?2026l[?2026h[?25l[A[1Gpulling manifest [K
pulling 2bada8a74506:  75% ▕█████████████     ▏ 3.5 GB/4.7 GB  4.7 MB/s    4m8s[K[?25h[?2026l[?2026h[?25l[A[1Gpulling manifest [K
pulling 2bada8a74506:  75% ▕█████████████     ▏ 3.5 GB/4.7 GB  4.7 MB/s    4m8s[K[?25h[?2026l[?2026h[?25l[A[1Gpulling manifest [K
pulling 2bada8a74506:  75% ▕█████████████     ▏ 3.5 GB/4.7 GB  4.7 MB/s    4m8s[K[?25h[?2026l[?2026h[?25l[A[1Gpulling manifest [K
pulling 2bada8a74506:  75% ▕█████████████     ▏ 3.5 GB/4.7 GB  4.7 MB/s    4m8s[K[?25h[?2026l[?2026h[?25l[A[1Gpulling manifest [K
pulling 2bada8a74506:  75% ▕█████████████     ▏ 3.5 GB/4.7 GB  4.7 MB/s    4m7s[K[?25h[?2026l[?2026h[?25l[A[1Gpulling manifest [K
pulling 2bada8a74506:  75% ▕█████████████     ▏ 3.5 GB/4.7 GB  4.7 MB/s    4m7s[K[?25h[?2026l[?2026h[?25l[A[1Gpulling manifest [K
pulling 2bada8a74506:  75% ▕█████████████     ▏ 3.5 GB/4.7 GB  4.7 MB/s    4m7s[K[?25h[?2026l[?2026h[?25l[A[1Gpulling manifest [K
pulling 2bada8a74506:  75% ▕█████████████     ▏ 3.5 GB/4.7 GB  4.7 MB/s    4m7s[K[?25h[?2026l[?2026h[?25l[A[1Gpulling manifest [K
pulling 2bada8a74506:  75% ▕█████████████     ▏ 3.5 GB/4.7 GB  4.7 MB/s    4m7s[K[?25h[?2026l[?2026h[?25l[A[1Gpulling manifest [K
pulling 2bada8a74506:  75% ▕█████████████     ▏ 3.5 GB/4.7 GB  4.7 MB/s    4m7s[K[?25h[?2026l[?2026h[?25l[A[1Gpulling manifest [K
pulling 2bada8a74506:  75% ▕█████████████     ▏ 3.5 GB/4.7 GB  4.7 MB/s    4m7s[K[?25h[?2026l[?2026h[?25l[A[1Gpulling manifest [K
pulling 2bada8a74506:  75% ▕█████████████     ▏ 3.5 GB/4.7 GB  4.7 MB/s    4m7s[K[?25h[?2026l[?2026h[?25l[A[1Gpulling manifest [K
pulling 2bada8a74506:  75% ▕█████████████     ▏ 3.5 GB/4.7 GB  4.7 MB/s    4m7s[K[?25h[?2026l[?2026h[?25l[A[1Gpulling manifest [K
pulling 2bada8a74506:  75% ▕█████████████     ▏ 3.5 GB/4.7 GB  4.7 MB/s    4m6s[K[?25h[?2026l[?2026h[?25l[A[1Gpulling manifest [K
pulling 2bada8a74506:  75% ▕█████████████     ▏ 3.5 GB/4.7 GB  4.7 MB/s    4m6s[K[?25h[?2026l[?2026h[?25l[A[1Gpulling manifest [K
pulling 2bada8a74506:  75% ▕█████████████     ▏ 3.5 GB/4.7 GB  4.8 MB/s    4m1s[K[?25h[?2026l[?2026h[?25l[A[1Gpulling manifest [K
pulling 2bada8a74506:  75% ▕█████████████     ▏ 3.5 GB/4.7 GB  4.8 MB/s    4m1s[K[?25h[?2026l[?2026h[?25l[A[1Gpulling manifest [K
pulling 2bada8a74506:  75% ▕█████████████     ▏ 3.5 GB/4.7 GB  4.8 MB/s    4m1s[K[?25h[?2026l[?2026h[?25l[A[1Gpulling manifest [K
pulling 2bada8a74506:  75% ▕█████████████     ▏ 3.5 GB/4.7 GB  4.8 MB/s    4m1s[K[?25h[?2026l[?2026h[?25l[A[1Gpulling manifest [K
pulling 2bada8a74506:  75% ▕█████████████     ▏ 3.5 GB/4.7 GB  4.8 MB/s    4m1s[K[?25h[?2026l[?2026h[?25l[A[1Gpulling manifest [K
pulling 2bada8a74506:  75% ▕█████████████     ▏ 3.5 GB/4.7 GB  4.8 MB/s    4m1s[K[?25h[?2026l[?2026h[?25l[A[1Gpulling manifest [K
pulling 2bada8a74506:  75% ▕█████████████     ▏ 3.5 GB/4.7 GB  4.8 MB/s    4m1s[K[?25h[?2026l[?2026h[?25l[A[1Gpulling manifest [K
pulling 2bada8a74506:  75% ▕█████████████     ▏ 3.5 GB/4.7 GB  4.8 MB/s    4m1s[K[?25h[?2026l[?2026h[?25l[A[1Gpulling manifest [K
pulling 2bada8a74506:  75% ▕█████████████     ▏ 3.5 GB/4.7 GB  4.8 MB/s    4m1s[K[?25h[?2026l[?2026h[?25l[A[1Gpulling manifest [K
pulling 2bada8a74506:  75% ▕█████████████     ▏ 3.5 GB/4.7 GB  4.8 MB/s    4m1s[K[?25h[?2026l[?2026h[?25l[A[1Gpulling manifest [K
pulling 2bada8a74506:  75% ▕█████████████     ▏ 3.5 GB/4.7 GB  4.8 MB/s    4m5s[K[?25h[?2026l[?2026h[?25l[A[1Gpulling manifest [K
pulling 2bada8a74506:  75% ▕█████████████     ▏ 3.5 GB/4.7 GB  4.8 MB/s    4m5s[K[?25h[?2026l[?2026h[?25l[A[1Gpulling manifest [K
pulling 2bada8a74506:  75% ▕█████████████     ▏ 3.5 GB/4.7 GB  4.8 MB/s    4m5s[K[?25h[?2026l[?2026h[?25l[A[1Gpulling manifest [K
pulling 2bada8a74506:  75% ▕█████████████     ▏ 3.5 GB/4.7 GB  4.8 MB/s    4m5s[K[?25h[?2026l[?2026h[?25l[A[1Gpulling manifest [K
pulling 2bada8a74506:  75% ▕█████████████     ▏ 3.5 GB/4.7 GB  4.8 MB/s    4m5s[K[?25h[?2026l[?2026h[?25l[A[1Gpulling manifest [K
pulling 2bada8a74506:  75% ▕█████████████     ▏ 3.5 GB/4.7 GB  4.8 MB/s    4m5s[K[?25h[?2026l[?2026h[?25l[A[1Gpulling manifest [K
pulling 2bada8a74506:  75% ▕█████████████     ▏ 3.5 GB/4.7 GB  4.8 MB/s    4m5s[K[?25h[?2026l[?2026h[?25l[A[1Gpulling manifest [K
pulling 2bada8a74506:  75% ▕█████████████     ▏ 3.5 GB/4.7 GB  4.8 MB/s    4m5s[K[?25h[?2026l[?2026h[?25l[A[1Gpulling manifest [K
pulling 2bada8a74506:  75% ▕█████████████     ▏ 3.5 GB/4.7 GB  4.8 MB/s    4m5s[K[?25h[?2026l[?2026h[?25l[A[1Gpulling manifest [K
pulling 2bada8a74506:  75% ▕█████████████     ▏ 3.5 GB/4.7 GB  4.8 MB/s    4m4s[K[?25h[?2026l[?2026h[?25l[A[1Gpulling manifest [K
pulling 2bada8a74506:  75% ▕█████████████     ▏ 3.5 GB/4.7 GB  4.7 MB/s   4m10s[K[?25h[?2026l[?2026h[?25l[A[1Gpulling manifest [K
pulling 2bada8a74506:  75% ▕█████████████     ▏ 3.5 GB/4.7 GB  4.7 MB/s    4m9s[K[?25h[?2026l[?2026h[?25l[A[1Gpulling manifest [K
pulling 2bada8a74506:  75% ▕█████████████     ▏ 3.5 GB/4.7 GB  4.7 MB/s    4m9s[K[?25h[?2026l[?2026h[?25l[A[1Gpulling manifest [K
pulling 2bada8a74506:  75% ▕█████████████     ▏ 3.5 GB/4.7 GB  4.7 MB/s    4m9s[K[?25h[?2026l[?2026h[?25l[A[1Gpulling manifest [K
pulling 2bada8a74506:  75% ▕█████████████     ▏ 3.5 GB/4.7 GB  4.7 MB/s    4m9s[K[?25h[?2026l[?2026h[?25l[A[1Gpulling manifest [K
pulling 2bada8a74506:  75% ▕█████████████     ▏ 3.5 GB/4.7 GB  4.7 MB/s    4m9s[K[?25h[?2026l[?2026h[?25l[A[1Gpulling manifest [K
pulling 2bada8a74506:  75% ▕█████████████     ▏ 3.5 GB/4.7 GB  4.7 MB/s    4m9s[K[?25h[?2026l[?2026h[?25l[A[1Gpulling manifest [K
pulling 2bada8a74506:  75% ▕█████████████     ▏ 3.5 GB/4.7 GB  4.7 MB/s    4m9s[K[?25h[?2026l[?2026h[?25l[A[1Gpulling manifest [K
pulling 2bada8a74506:  75% ▕█████████████     ▏ 3.5 GB/4.7 GB  4.7 MB/s    4m9s[K[?25h[?2026l[?2026h[?25l[A[1Gpulling manifest [K
pulling 2bada8a74506:  75% ▕█████████████     ▏ 3.5 GB/4.7 GB  4.7 MB/s    4m9s[K[?25h[?2026l[?2026h[?25l[A[1Gpulling manifest [K
pulling 2bada8a74506:  75% ▕█████████████     ▏ 3.5 GB/4.7 GB  4.6 MB/s   4m12s[K[?25h[?2026l[?2026h[?25l[A[1Gpulling manifest [K
pulling 2bada8a74506:  75% ▕█████████████     ▏ 3.5 GB/4.7 GB  4.6 MB/s   4m12s[K[?25h[?2026l[?2026h[?25l[A[1Gpulling manifest [K
pulling 2bada8a74506:  75% ▕█████████████     ▏ 3.5 GB/4.7 GB  4.6 MB/s   4m12s[K[?25h[?2026l[?2026h[?25l[A[1Gpulling manifest [K
pulling 2bada8a74506:  75% ▕█████████████     ▏ 3.5 GB/4.7 GB  4.6 MB/s   4m12s[K[?25h[?2026l[?2026h[?25l[A[1Gpulling manifest [K
pulling 2bada8a74506:  75% ▕█████████████     ▏ 3.5 GB/4.7 GB  4.6 MB/s   4m11s[K[?25h[?2026l[?2026h[?25l[A[1Gpulling manifest [K
pulling 2bada8a74506:  75% ▕█████████████     ▏ 3.5 GB/4.7 GB  4.6 MB/s   4m11s[K[?25h[?2026l[?2026h[?25l[A[1Gpulling manifest [K
pulling 2bada8a74506:  75% ▕█████████████     ▏ 3.5 GB/4.7 GB  4.6 MB/s   4m11s[K[?25h[?2026l[?2026h[?25l[A[1Gpulling manifest [K
pulling 2bada8a74506:  75% ▕█████████████     ▏ 3.5 GB/4.7 GB  4.6 MB/s   4m11s[K[?25h[?2026l[?2026h[?25l[A[1Gpulling manifest [K
pulling 2bada8a74506:  75% ▕█████████████     ▏ 3.5 GB/4.7 GB  4.6 MB/s   4m11s[K[?25h[?2026l[?2026h[?25l[A[1Gpulling manifest [K
pulling 2bada8a74506:  75% ▕█████████████     ▏ 3.5 GB/4.7 GB  4.6 MB/s   4m11s[K[?25h[?2026l[?2026h[?25l[A[1Gpulling manifest [K
pulling 2bada8a74506:  75% ▕█████████████     ▏ 3.5 GB/4.7 GB  4.5 MB/s   4m16s[K[?25h[?2026l[?2026h[?25l[A[1Gpulling manifest [K
pulling 2bada8a74506:  75% ▕█████████████     ▏ 3.5 GB/4.7 GB  4.5 MB/s   4m16s[K[?25h[?2026l[?2026h[?25l[A[1Gpulling manifest [K
pulling 2bada8a74506:  75% ▕█████████████     ▏ 3.5 GB/4.7 GB  4.5 MB/s   4m16s[K[?25h[?2026l[?2026h[?25l[A[1Gpulling manifest [K
pulling 2bada8a74506:  75% ▕█████████████     ▏ 3.5 GB/4.7 GB  4.5 MB/s   4m16s[K[?25h[?2026l[?2026h[?25l[A[1Gpulling manifest [K
pulling 2bada8a74506:  75% ▕█████████████     ▏ 3.5 GB/4.7 GB  4.5 MB/s   4m16s[K[?25h[?2026l[?2026h[?25l[A[1Gpulling manifest [K
pulling 2bada8a74506:  75% ▕█████████████     ▏ 3.5 GB/4.7 GB  4.5 MB/s   4m16s[K[?25h[?2026l[?2026h[?25l[A[1Gpulling manifest [K
pulling 2bada8a74506:  75% ▕█████████████     ▏ 3.5 GB/4.7 GB  4.5 MB/s   4m15s[K[?25h[?2026l[?2026h[?25l[A[1Gpulling manifest [K
pulling 2bada8a74506:  75% ▕█████████████     ▏ 3.5 GB/4.7 GB  4.5 MB/s   4m15s[K[?25h[?2026l[?2026h[?25l[A[1Gpulling manifest [K
pulling 2bada8a74506:  75% ▕█████████████     ▏ 3.5 GB/4.7 GB  4.5 MB/s   4m15s[K[?25h[?2026l[?2026h[?25l[A[1Gpulling manifest [K
pulling 2bada8a74506:  75% ▕█████████████     ▏ 3.5 GB/4.7 GB  4.5 MB/s   4m15s[K[?25h[?2026l[?2026h[?25l[A[1Gpulling manifest [K
pulling 2bada8a74506:  75% ▕█████████████     ▏ 3.5 GB/4.7 GB  4.5 MB/s   4m15s[K[?25h[?2026l[?2026h[?25l[A[1Gpulling manifest [K
pulling 2bada8a74506:  75% ▕█████████████     ▏ 3.5 GB/4.7 GB  4.4 MB/s   4m19s[K[?25h[?2026l[?2026h[?25l[A[1Gpulling manifest [K
pulling 2bada8a74506:  75% ▕█████████████     ▏ 3.5 GB/4.7 GB  4.4 MB/s   4m19s[K[?25h[?2026l[?2026h[?25l[A[1Gpulling manifest [K
pulling 2bada8a74506:  75% ▕█████████████     ▏ 3.5 GB/4.7 GB  4.4 MB/s   4m19s[K[?25h[?2026l[?2026h[?25l[A[1Gpulling manifest [K
pulling 2bada8a74506:  75% ▕█████████████     ▏ 3.5 GB/4.7 GB  4.4 MB/s   4m19s[K[?25h[?2026l[?2026h[?25l[A[1Gpulling manifest [K
pulling 2bada8a74506:  75% ▕█████████████     ▏ 3.5 GB/4.7 GB  4.4 MB/s   4m19s[K[?25h[?2026l[?2026h[?25l[A[1Gpulling manifest [K
pulling 2bada8a74506:  75% ▕█████████████     ▏ 3.5 GB/4.7 GB  4.4 MB/s   4m19s[K[?25h[?2026l[?2026h[?25l[A[1Gpulling manifest [K
pulling 2bada8a74506:  75% ▕█████████████     ▏ 3.5 GB/4.7 GB  4.4 MB/s   4m19s[K[?25h[?2026l[?2026h[?25l[A[1Gpulling manifest [K
pulling 2bada8a74506:  75% ▕█████████████     ▏ 3.5 GB/4.7 GB  4.4 MB/s   4m18s[K[?25h[?2026l[?2026h[?25l[A[1Gpulling manifest [K
pulling 2bada8a74506:  75% ▕█████████████     ▏ 3.5 GB/4.7 GB  4.4 MB/s   4m18s[K[?25h[?2026l[?2026h[?25l[A[1Gpulling manifest [K
pulling 2bada8a74506:  76% ▕█████████████     ▏ 3.5 GB/4.7 GB  4.4 MB/s   4m18s[K[?25h[?2026l[?2026h[?25l[A[1Gpulling manifest [K
pulling 2bada8a74506:  76% ▕█████████████     ▏ 3.5 GB/4.7 GB  4.4 MB/s   4m19s[K[?25h[?2026l[?2026h[?25l[A[1Gpulling manifest [K
pulling 2bada8a74506:  76% ▕█████████████     ▏ 3.5 GB/4.7 GB  4.4 MB/s   4m19s[K[?25h[?2026l[?2026h[?25l[A[1Gpulling manifest [K
pulling 2bada8a74506:  76% ▕█████████████     ▏ 3.5 GB/4.7 GB  4.4 MB/s   4m19s[K[?25h[?2026l[?2026h[?25l[A[1Gpulling manifest [K
pulling 2bada8a74506:  76% ▕█████████████     ▏ 3.5 GB/4.7 GB  4.4 MB/s   4m19s[K[?25h[?2026l[?2026h[?25l[A[1Gpulling manifest [K
pulling 2bada8a74506:  76% ▕█████████████     ▏ 3.5 GB/4.7 GB  4.4 MB/s   4m19s[K[?25h[?2026l[?2026h[?25l[A[1Gpulling manifest [K
pulling 2bada8a74506:  76% ▕█████████████     ▏ 3.5 GB/4.7 GB  4.4 MB/s   4m19s[K[?25h[?2026l[?2026h[?25l[A[1Gpulling manifest [K
pulling 2bada8a74506:  76% ▕█████████████     ▏ 3.5 GB/4.7 GB  4.4 MB/s   4m19s[K[?25h[?2026l[?2026h[?25l[A[1Gpulling manifest [K
pulling 2bada8a74506:  76% ▕█████████████     ▏ 3.5 GB/4.7 GB  4.4 MB/s   4m19s[K[?25h[?2026l[?2026h[?25l[A[1Gpulling manifest [K
pulling 2bada8a74506:  76% ▕█████████████     ▏ 3.5 GB/4.7 GB  4.4 MB/s   4m18s[K[?25h[?2026l[?2026h[?25l[A[1Gpulling manifest [K
pulling 2bada8a74506:  76% ▕█████████████     ▏ 3.5 GB/4.7 GB  4.4 MB/s   4m18s[K[?25h[?2026l[?2026h[?25l[A[1Gpulling manifest [K
pulling 2bada8a74506:  76% ▕█████████████     ▏ 3.5 GB/4.7 GB  4.4 MB/s   4m22s[K[?25h[?2026l[?2026h[?25l[A[1Gpulling manifest [K
pulling 2bada8a74506:  76% ▕█████████████     ▏ 3.5 GB/4.7 GB  4.4 MB/s   4m21s[K[?25h[?2026l[?2026h[?25l[A[1Gpulling manifest [K
pulling 2bada8a74506:  76% ▕█████████████     ▏ 3.5 GB/4.7 GB  4.4 MB/s   4m21s[K[?25h[?2026l[?2026h[?25l[A[1Gpulling manifest [K
pulling 2bada8a74506:  76% ▕█████████████     ▏ 3.5 GB/4.7 GB  4.4 MB/s   4m21s[K[?25h[?2026l[?2026h[?25l[A[1Gpulling manifest [K
pulling 2bada8a74506:  76% ▕█████████████     ▏ 3.5 GB/4.7 GB  4.4 MB/s   4m21s[K[?25h[?2026l[?2026h[?25l[A[1Gpulling manifest [K
pulling 2bada8a74506:  76% ▕█████████████     ▏ 3.5 GB/4.7 GB  4.4 MB/s   4m21s[K[?25h[?2026l[?2026h[?25l[A[1Gpulling manifest [K
pulling 2bada8a74506:  76% ▕█████████████     ▏ 3.5 GB/4.7 GB  4.4 MB/s   4m21s[K[?25h[?2026l[?2026h[?25l[A[1Gpulling manifest [K
pulling 2bada8a74506:  76% ▕█████████████     ▏ 3.5 GB/4.7 GB  4.4 MB/s   4m21s[K[?25h[?2026l[?2026h[?25l[A[1Gpulling manifest [K
pulling 2bada8a74506:  76% ▕█████████████     ▏ 3.5 GB/4.7 GB  4.4 MB/s   4m21s[K[?25h[?2026l[?2026h[?25l[A[1Gpulling manifest [K
pulling 2bada8a74506:  76% ▕█████████████     ▏ 3.5 GB/4.7 GB  4.4 MB/s   4m21s[K[?25h[?2026l[?2026h[?25l[A[1Gpulling manifest [K
pulling 2bada8a74506:  76% ▕█████████████     ▏ 3.5 GB/4.7 GB  4.3 MB/s   4m25s[K[?25h[?2026l[?2026h[?25l[A[1Gpulling manifest [K
pulling 2bada8a74506:  76% ▕█████████████     ▏ 3.5 GB/4.7 GB  4.3 MB/s   4m25s[K[?25h[?2026l[?2026h[?25l[A[1Gpulling manifest [K
pulling 2bada8a74506:  76% ▕█████████████     ▏ 3.5 GB/4.7 GB  4.3 MB/s   4m25s[K[?25h[?2026l[?2026h[?25l[A[1Gpulling manifest [K
pulling 2bada8a74506:  76% ▕█████████████     ▏ 3.5 GB/4.7 GB  4.3 MB/s   4m25s[K[?25h[?2026l[?2026h[?25l[A[1Gpulling manifest [K
pulling 2bada8a74506:  76% ▕█████████████     ▏ 3.5 GB/4.7 GB  4.3 MB/s   4m25s[K[?25h[?2026l[?2026h[?25l[A[1Gpulling manifest [K
pulling 2bada8a74506:  76% ▕█████████████     ▏ 3.5 GB/4.7 GB  4.3 MB/s   4m25s[K[?25h[?2026l[?2026h[?25l[A[1Gpulling manifest [K
pulling 2bada8a74506:  76% ▕█████████████     ▏ 3.5 GB/4.7 GB  4.3 MB/s   4m25s[K[?25h[?2026l[?2026h[?25l[A[1Gpulling manifest [K
pulling 2bada8a74506:  76% ▕█████████████     ▏ 3.5 GB/4.7 GB  4.3 MB/s   4m25s[K[?25h[?2026l[?2026h[?25l[A[1Gpulling manifest [K
pulling 2bada8a74506:  76% ▕█████████████     ▏ 3.5 GB/4.7 GB  4.3 MB/s   4m25s[K[?25h[?2026l[?2026h[?25l[A[1Gpulling manifest [K
pulling 2bada8a74506:  76% ▕█████████████     ▏ 3.5 GB/4.7 GB  4.3 MB/s   4m24s[K[?25h[?2026l[?2026h[?25l[A[1Gpulling manifest [K
pulling 2bada8a74506:  76% ▕█████████████     ▏ 3.5 GB/4.7 GB  4.2 MB/s   4m32s[K[?25h[?2026l[?2026h[?25l[A[1Gpulling manifest [K
pulling 2bada8a74506:  76% ▕█████████████     ▏ 3.5 GB/4.7 GB  4.2 MB/s   4m32s[K[?25h[?2026l[?2026h[?25l[A[1Gpulling manifest [K
pulling 2bada8a74506:  76% ▕█████████████     ▏ 3.5 GB/4.7 GB  4.2 MB/s   4m32s[K[?25h[?2026l[?2026h[?25l[A[1Gpulling manifest [K
pulling 2bada8a74506:  76% ▕█████████████     ▏ 3.5 GB/4.7 GB  4.2 MB/s   4m32s[K[?25h[?2026l[?2026h[?25l[A[1Gpulling manifest [K
pulling 2bada8a74506:  76% ▕█████████████     ▏ 3.5 GB/4.7 GB  4.2 MB/s   4m32s[K[?25h[?2026l[?2026h[?25l[A[1Gpulling manifest [K
pulling 2bada8a74506:  76% ▕█████████████     ▏ 3.6 GB/4.7 GB  4.2 MB/s   4m32s[K[?25h[?2026l[?2026h[?25l[A[1Gpulling manifest [K
pulling 2bada8a74506:  76% ▕█████████████     ▏ 3.6 GB/4.7 GB  4.2 MB/s   4m32s[K[?25h[?2026l[?2026h[?25l[A[1Gpulling manifest [K
pulling 2bada8a74506:  76% ▕█████████████     ▏ 3.6 GB/4.7 GB  4.2 MB/s   4m32s[K[?25h[?2026l[?2026h[?25l[A[1Gpulling manifest [K
pulling 2bada8a74506:  76% ▕█████████████     ▏ 3.6 GB/4.7 GB  4.2 MB/s   4m32s[K[?25h[?2026l[?2026h[?25l[A[1Gpulling manifest [K
pulling 2bada8a74506:  76% ▕█████████████     ▏ 3.6 GB/4.7 GB  4.2 MB/s   4m32s[K[?25h[?2026l[?2026h[?25l[A[1Gpulling manifest [K
pulling 2bada8a74506:  76% ▕█████████████     ▏ 3.6 GB/4.7 GB  4.2 MB/s   4m31s[K[?25h[?2026l[?2026h[?25l[A[1Gpulling manifest [K
pulling 2bada8a74506:  76% ▕█████████████     ▏ 3.6 GB/4.7 GB  4.2 MB/s   4m29s[K[?25h[?2026l[?2026h[?25l[A[1Gpulling manifest [K
pulling 2bada8a74506:  76% ▕█████████████     ▏ 3.6 GB/4.7 GB  4.2 MB/s   4m29s[K[?25h[?2026l[?2026h[?25l[A[1Gpulling manifest [K
pulling 2bada8a74506:  76% ▕█████████████     ▏ 3.6 GB/4.7 GB  4.2 MB/s   4m29s[K[?25h[?2026l[?2026h[?25l[A[1Gpulling manifest [K
pulling 2bada8a74506:  76% ▕█████████████     ▏ 3.6 GB/4.7 GB  4.2 MB/s   4m29s[K[?25h[?2026l[?2026h[?25l[A[1Gpulling manifest [K
pulling 2bada8a74506:  76% ▕█████████████     ▏ 3.6 GB/4.7 GB  4.2 MB/s   4m29s[K[?25h[?2026l[?2026h[?25l[A[1Gpulling manifest [K
pulling 2bada8a74506:  76% ▕█████████████     ▏ 3.6 GB/4.7 GB  4.2 MB/s   4m29s[K[?25h[?2026l[?2026h[?25l[A[1Gpulling manifest [K
pulling 2bada8a74506:  76% ▕█████████████     ▏ 3.6 GB/4.7 GB  4.2 MB/s   4m29s[K[?25h[?2026l[?2026h[?25l[A[1Gpulling manifest [K
pulling 2bada8a74506:  76% ▕█████████████     ▏ 3.6 GB/4.7 GB  4.2 MB/s   4m29s[K[?25h[?2026l[?2026h[?25l[A[1Gpulling manifest [K
pulling 2bada8a74506:  76% ▕█████████████     ▏ 3.6 GB/4.7 GB  4.2 MB/s   4m29s[K[?25h[?2026l[?2026h[?25l[A[1Gpulling manifest [K
pulling 2bada8a74506:  76% ▕█████████████     ▏ 3.6 GB/4.7 GB  4.2 MB/s   4m28s[K[?25h[?2026l[?2026h[?25l[A[1Gpulling manifest [K
pulling 2bada8a74506:  76% ▕█████████████     ▏ 3.6 GB/4.7 GB  4.2 MB/s   4m28s[K[?25h[?2026l[?2026h[?25l[A[1Gpulling manifest [K
pulling 2bada8a74506:  76% ▕█████████████     ▏ 3.6 GB/4.7 GB  4.2 MB/s   4m28s[K[?25h[?2026l[?2026h[?25l[A[1Gpulling manifest [K
pulling 2bada8a74506:  76% ▕█████████████     ▏ 3.6 GB/4.7 GB  4.2 MB/s   4m28s[K[?25h[?2026l[?2026h[?25l[A[1Gpulling manifest [K
pulling 2bada8a74506:  76% ▕█████████████     ▏ 3.6 GB/4.7 GB  4.2 MB/s   4m28s[K[?25h[?2026l[?2026h[?25l[A[1Gpulling manifest [K
pulling 2bada8a74506:  76% ▕█████████████     ▏ 3.6 GB/4.7 GB  4.2 MB/s   4m28s[K[?25h[?2026l[?2026h[?25l[A[1Gpulling manifest [K
pulling 2bada8a74506:  76% ▕█████████████     ▏ 3.6 GB/4.7 GB  4.2 MB/s   4m28s[K[?25h[?2026l[?2026h[?25l[A[1Gpulling manifest [K
pulling 2bada8a74506:  76% ▕█████████████     ▏ 3.6 GB/4.7 GB  4.2 MB/s   4m27s[K[?25h[?2026l[?2026h[?25l[A[1Gpulling manifest [K
pulling 2bada8a74506:  76% ▕█████████████     ▏ 3.6 GB/4.7 GB  4.2 MB/s   4m27s[K[?25h[?2026l[?2026h[?25l[A[1Gpulling manifest [K
pulling 2bada8a74506:  76% ▕█████████████     ▏ 3.6 GB/4.7 GB  4.2 MB/s   4m27s[K[?25h[?2026l[?2026h[?25l[A[1Gpulling manifest [K
pulling 2bada8a74506:  76% ▕█████████████     ▏ 3.6 GB/4.7 GB  4.2 MB/s   4m27s[K[?25h[?2026l[?2026h[?25l[A[1Gpulling manifest [K
pulling 2bada8a74506:  76% ▕█████████████     ▏ 3.6 GB/4.7 GB  4.2 MB/s   4m29s[K[?25h[?2026l[?2026h[?25l[A[1Gpulling manifest [K
pulling 2bada8a74506:  76% ▕█████████████     ▏ 3.6 GB/4.7 GB  4.2 MB/s   4m29s[K[?25h[?2026l[?2026h[?25l[A[1Gpulling manifest [K
pulling 2bada8a74506:  76% ▕█████████████     ▏ 3.6 GB/4.7 GB  4.2 MB/s   4m29s[K[?25h[?2026l[?2026h[?25l[A[1Gpulling manifest [K
pulling 2bada8a74506:  76% ▕█████████████     ▏ 3.6 GB/4.7 GB  4.2 MB/s   4m29s[K[?25h[?2026l[?2026h[?25l[A[1Gpulling manifest [K
pulling 2bada8a74506:  76% ▕█████████████     ▏ 3.6 GB/4.7 GB  4.2 MB/s   4m29s[K[?25h[?2026l[?2026h[?25l[A[1Gpulling manifest [K
pulling 2bada8a74506:  76% ▕█████████████     ▏ 3.6 GB/4.7 GB  4.2 MB/s   4m28s[K[?25h[?2026l[?2026h[?25l[A[1Gpulling manifest [K
pulling 2bada8a74506:  76% ▕█████████████     ▏ 3.6 GB/4.7 GB  4.2 MB/s   4m28s[K[?25h[?2026l[?2026h[?25l[A[1Gpulling manifest [K
pulling 2bada8a74506:  76% ▕█████████████     ▏ 3.6 GB/4.7 GB  4.2 MB/s   4m28s[K[?25h[?2026l[?2026h[?25l[A[1Gpulling manifest [K
pulling 2bada8a74506:  76% ▕█████████████     ▏ 3.6 GB/4.7 GB  4.2 MB/s   4m28s[K[?25h[?2026l[?2026h[?25l[A[1Gpulling manifest [K
pulling 2bada8a74506:  76% ▕█████████████     ▏ 3.6 GB/4.7 GB  4.2 MB/s   4m28s[K[?25h[?2026l[?2026h[?25l[A[1Gpulling manifest [K
pulling 2bada8a74506:  76% ▕█████████████     ▏ 3.6 GB/4.7 GB  4.2 MB/s   4m27s[K[?25h[?2026l[?2026h[?25l[A[1Gpulling manifest [K
pulling 2bada8a74506:  76% ▕█████████████     ▏ 3.6 GB/4.7 GB  4.2 MB/s   4m26s[K[?25h[?2026l[?2026h[?25l[A[1Gpulling manifest [K
pulling 2bada8a74506:  76% ▕█████████████     ▏ 3.6 GB/4.7 GB  4.2 MB/s   4m26s[K[?25h[?2026l[?2026h[?25l[A[1Gpulling manifest [K
pulling 2bada8a74506:  76% ▕█████████████     ▏ 3.6 GB/4.7 GB  4.2 MB/s   4m26s[K[?25h[?2026l[?2026h[?25l[A[1Gpulling manifest [K
pulling 2bada8a74506:  76% ▕█████████████     ▏ 3.6 GB/4.7 GB  4.2 MB/s   4m26s[K[?25h[?2026l[?2026h[?25l[A[1Gpulling manifest [K
pulling 2bada8a74506:  76% ▕█████████████     ▏ 3.6 GB/4.7 GB  4.2 MB/s   4m26s[K[?25h[?2026l[?2026h[?25l[A[1Gpulling manifest [K
pulling 2bada8a74506:  76% ▕█████████████     ▏ 3.6 GB/4.7 GB  4.2 MB/s   4m26s[K[?25h[?2026l[?2026h[?25l[A[1Gpulling manifest [K
pulling 2bada8a74506:  76% ▕█████████████     ▏ 3.6 GB/4.7 GB  4.2 MB/s   4m26s[K[?25h[?2026l[?2026h[?25l[A[1Gpulling manifest [K
pulling 2bada8a74506:  76% ▕█████████████     ▏ 3.6 GB/4.7 GB  4.2 MB/s   4m26s[K[?25h[?2026l[?2026h[?25l[A[1Gpulling manifest [K
pulling 2bada8a74506:  76% ▕█████████████     ▏ 3.6 GB/4.7 GB  4.2 MB/s   4m26s[K[?25h[?2026l[?2026h[?25l[A[1Gpulling manifest [K
pulling 2bada8a74506:  76% ▕█████████████     ▏ 3.6 GB/4.7 GB  4.2 MB/s   4m26s[K[?25h[?2026l[?2026h[?25l[A[1Gpulling manifest [K
pulling 2bada8a74506:  76% ▕█████████████     ▏ 3.6 GB/4.7 GB  4.2 MB/s   4m26s[K[?25h[?2026l[?2026h[?25l[A[1Gpulling manifest [K
pulling 2bada8a74506:  76% ▕█████████████     ▏ 3.6 GB/4.7 GB  4.2 MB/s   4m26s[K[?25h[?2026l[?2026h[?25l[A[1Gpulling manifest [K
pulling 2bada8a74506:  76% ▕█████████████     ▏ 3.6 GB/4.7 GB  4.2 MB/s   4m26s[K[?25h[?2026l[?2026h[?25l[A[1Gpulling manifest [K
pulling 2bada8a74506:  76% ▕█████████████     ▏ 3.6 GB/4.7 GB  4.2 MB/s   4m26s[K[?25h[?2026l[?2026h[?25l[A[1Gpulling manifest [K
pulling 2bada8a74506:  76% ▕█████████████     ▏ 3.6 GB/4.7 GB  4.2 MB/s   4m25s[K[?25h[?2026l[?2026h[?25l[A[1Gpulling manifest [K
pulling 2bada8a74506:  76% ▕█████████████     ▏ 3.6 GB/4.7 GB  4.2 MB/s   4m25s[K[?25h[?2026l[?2026h[?25l[A[1Gpulling manifest [K
pulling 2bada8a74506:  76% ▕█████████████     ▏ 3.6 GB/4.7 GB  4.2 MB/s   4m25s[K[?25h[?2026l[?2026h[?25l[A[1Gpulling manifest [K
pulling 2bada8a74506:  76% ▕█████████████     ▏ 3.6 GB/4.7 GB  4.2 MB/s   4m25s[K[?25h[?2026l[?2026h[?25l[A[1Gpulling manifest [K
pulling 2bada8a74506:  76% ▕█████████████     ▏ 3.6 GB/4.7 GB  4.2 MB/s   4m25s[K[?25h[?2026l[?2026h[?25l[A[1Gpulling manifest [K
pulling 2bada8a74506:  76% ▕█████████████     ▏ 3.6 GB/4.7 GB  4.2 MB/s   4m25s[K[?25h[?2026l[?2026h[?25l[A[1Gpulling manifest [K
pulling 2bada8a74506:  76% ▕█████████████     ▏ 3.6 GB/4.7 GB  4.1 MB/s   4m29s[K[?25h[?2026l[?2026h[?25l[A[1Gpulling manifest [K
pulling 2bada8a74506:  76% ▕█████████████     ▏ 3.6 GB/4.7 GB  4.1 MB/s   4m28s[K[?25h[?2026l[?2026h[?25l[A[1Gpulling manifest [K
pulling 2bada8a74506:  76% ▕█████████████     ▏ 3.6 GB/4.7 GB  4.1 MB/s   4m28s[K[?25h[?2026l[?2026h[?25l[A[1Gpulling manifest [K
pulling 2bada8a74506:  76% ▕█████████████     ▏ 3.6 GB/4.7 GB  4.1 MB/s   4m28s[K[?25h[?2026l[?2026h[?25l[A[1Gpulling manifest [K
pulling 2bada8a74506:  76% ▕█████████████     ▏ 3.6 GB/4.7 GB  4.1 MB/s   4m28s[K[?25h[?2026l[?2026h[?25l[A[1Gpulling manifest [K
pulling 2bada8a74506:  76% ▕█████████████     ▏ 3.6 GB/4.7 GB  4.1 MB/s   4m28s[K[?25h[?2026l[?2026h[?25l[A[1Gpulling manifest [K
pulling 2bada8a74506:  76% ▕█████████████     ▏ 3.6 GB/4.7 GB  4.1 MB/s   4m28s[K[?25h[?2026l[?2026h[?25l[A[1Gpulling manifest [K
pulling 2bada8a74506:  76% ▕█████████████     ▏ 3.6 GB/4.7 GB  4.1 MB/s   4m28s[K[?25h[?2026l[?2026h[?25l[A[1Gpulling manifest [K
pulling 2bada8a74506:  76% ▕█████████████     ▏ 3.6 GB/4.7 GB  4.1 MB/s   4m28s[K[?25h[?2026l[?2026h[?25l[A[1Gpulling manifest [K
pulling 2bada8a74506:  76% ▕█████████████     ▏ 3.6 GB/4.7 GB  4.1 MB/s   4m28s[K[?25h[?2026l[?2026h[?25l[A[1Gpulling manifest [K
pulling 2bada8a74506:  76% ▕█████████████     ▏ 3.6 GB/4.7 GB  4.1 MB/s   4m27s[K[?25h[?2026l[?2026h[?25l[A[1Gpulling manifest [K
pulling 2bada8a74506:  76% ▕█████████████     ▏ 3.6 GB/4.7 GB  4.1 MB/s   4m26s[K[?25h[?2026l[?2026h[?25l[A[1Gpulling manifest [K
pulling 2bada8a74506:  76% ▕█████████████     ▏ 3.6 GB/4.7 GB  4.1 MB/s   4m26s[K[?25h[?2026l[?2026h[?25l[A[1Gpulling manifest [K
pulling 2bada8a74506:  76% ▕█████████████     ▏ 3.6 GB/4.7 GB  4.1 MB/s   4m26s[K[?25h[?2026l[?2026h[?25l[A[1Gpulling manifest [K
pulling 2bada8a74506:  76% ▕█████████████     ▏ 3.6 GB/4.7 GB  4.1 MB/s   4m26s[K[?25h[?2026l[?2026h[?25l[A[1Gpulling manifest [K
pulling 2bada8a74506:  76% ▕█████████████     ▏ 3.6 GB/4.7 GB  4.1 MB/s   4m26s[K[?25h[?2026l[?2026h[?25l[A[1Gpulling manifest [K
pulling 2bada8a74506:  76% ▕█████████████     ▏ 3.6 GB/4.7 GB  4.1 MB/s   4m26s[K[?25h[?2026l[?2026h[?25l[A[1Gpulling manifest [K
pulling 2bada8a74506:  76% ▕█████████████     ▏ 3.6 GB/4.7 GB  4.1 MB/s   4m26s[K[?25h[?2026l[?2026h[?25l[A[1Gpulling manifest [K
pulling 2bada8a74506:  76% ▕█████████████     ▏ 3.6 GB/4.7 GB  4.1 MB/s   4m26s[K[?25h[?2026l[?2026h[?25l[A[1Gpulling manifest [K
pulling 2bada8a74506:  76% ▕█████████████     ▏ 3.6 GB/4.7 GB  4.1 MB/s   4m25s[K[?25h[?2026l[?2026h[?25l[A[1Gpulling manifest [K
pulling 2bada8a74506:  77% ▕█████████████     ▏ 3.6 GB/4.7 GB  4.2 MB/s   4m21s[K[?25h[?2026l[?2026h[?25l[A[1Gpulling manifest [K
pulling 2bada8a74506:  77% ▕█████████████     ▏ 3.6 GB/4.7 GB  4.2 MB/s   4m21s[K[?25h[?2026l[?2026h[?25l[A[1Gpulling manifest [K
pulling 2bada8a74506:  77% ▕█████████████     ▏ 3.6 GB/4.7 GB  4.2 MB/s   4m21s[K[?25h[?2026l[?2026h[?25l[A[1Gpulling manifest [K
pulling 2bada8a74506:  77% ▕█████████████     ▏ 3.6 GB/4.7 GB  4.2 MB/s   4m20s[K[?25h[?2026l[?2026h[?25l[A[1Gpulling manifest [K
pulling 2bada8a74506:  77% ▕█████████████     ▏ 3.6 GB/4.7 GB  4.2 MB/s   4m20s[K[?25h[?2026l[?2026h[?25l[A[1Gpulling manifest [K
pulling 2bada8a74506:  77% ▕█████████████     ▏ 3.6 GB/4.7 GB  4.2 MB/s   4m20s[K[?25h[?2026l[?2026h[?25l[A[1Gpulling manifest [K
pulling 2bada8a74506:  77% ▕█████████████     ▏ 3.6 GB/4.7 GB  4.2 MB/s   4m20s[K[?25h[?2026l[?2026h[?25l[A[1Gpulling manifest [K
pulling 2bada8a74506:  77% ▕█████████████     ▏ 3.6 GB/4.7 GB  4.2 MB/s   4m20s[K[?25h[?2026l[?2026h[?25l[A[1Gpulling manifest [K
pulling 2bada8a74506:  77% ▕█████████████     ▏ 3.6 GB/4.7 GB  4.2 MB/s   4m20s[K[?25h[?2026l[?2026h[?25l[A[1Gpulling manifest [K
pulling 2bada8a74506:  77% ▕█████████████     ▏ 3.6 GB/4.7 GB  4.2 MB/s   4m20s[K[?25h[?2026l[?2026h[?25l[A[1Gpulling manifest [K
pulling 2bada8a74506:  77% ▕█████████████     ▏ 3.6 GB/4.7 GB  4.3 MB/s   4m13s[K[?25h[?2026l[?2026h[?25l[A[1Gpulling manifest [K
pulling 2bada8a74506:  77% ▕█████████████     ▏ 3.6 GB/4.7 GB  4.3 MB/s   4m13s[K[?25h[?2026l[?2026h[?25l[A[1Gpulling manifest [K
pulling 2bada8a74506:  77% ▕█████████████     ▏ 3.6 GB/4.7 GB  4.3 MB/s   4m13s[K[?25h[?2026l[?2026h[?25l[A[1Gpulling manifest [K
pulling 2bada8a74506:  77% ▕█████████████     ▏ 3.6 GB/4.7 GB  4.3 MB/s   4m13s[K[?25h[?2026l[?2026h[?25l[A[1Gpulling manifest [K
pulling 2bada8a74506:  77% ▕█████████████     ▏ 3.6 GB/4.7 GB  4.3 MB/s   4m12s[K[?25h[?2026l[?2026h[?25l[A[1Gpulling manifest [K
pulling 2bada8a74506:  77% ▕█████████████     ▏ 3.6 GB/4.7 GB  4.3 MB/s   4m12s[K[?25h[?2026l[?2026h[?25l[A[1Gpulling manifest [K
pulling 2bada8a74506:  77% ▕█████████████     ▏ 3.6 GB/4.7 GB  4.3 MB/s   4m12s[K[?25h[?2026l[?2026h[?25l[A[1Gpulling manifest [K
pulling 2bada8a74506:  77% ▕█████████████     ▏ 3.6 GB/4.7 GB  4.3 MB/s   4m12s[K[?25h[?2026l[?2026h[?25l[A[1Gpulling manifest [K
pulling 2bada8a74506:  77% ▕█████████████     ▏ 3.6 GB/4.7 GB  4.3 MB/s   4m12s[K[?25h[?2026l[?2026h[?25l[A[1Gpulling manifest [K
pulling 2bada8a74506:  77% ▕█████████████     ▏ 3.6 GB/4.7 GB  4.3 MB/s   4m12s[K[?25h[?2026l[?2026h[?25l[A[1Gpulling manifest [K
pulling 2bada8a74506:  77% ▕█████████████     ▏ 3.6 GB/4.7 GB  4.3 MB/s   4m11s[K[?25h[?2026l[?2026h[?25l[A[1Gpulling manifest [K
pulling 2bada8a74506:  77% ▕█████████████     ▏ 3.6 GB/4.7 GB  4.3 MB/s   4m11s[K[?25h[?2026l[?2026h[?25l[A[1Gpulling manifest [K
pulling 2bada8a74506:  77% ▕█████████████     ▏ 3.6 GB/4.7 GB  4.3 MB/s   4m11s[K[?25h[?2026l[?2026h[?25l[A[1Gpulling manifest [K
pulling 2bada8a74506:  77% ▕█████████████     ▏ 3.6 GB/4.7 GB  4.3 MB/s   4m11s[K[?25h[?2026l[?2026h[?25l[A[1Gpulling manifest [K
pulling 2bada8a74506:  77% ▕█████████████     ▏ 3.6 GB/4.7 GB  4.3 MB/s   4m10s[K[?25h[?2026l[?2026h[?25l[A[1Gpulling manifest [K
pulling 2bada8a74506:  77% ▕█████████████     ▏ 3.6 GB/4.7 GB  4.3 MB/s   4m10s[K[?25h[?2026l[?2026h[?25l[A[1Gpulling manifest [K
pulling 2bada8a74506:  77% ▕█████████████     ▏ 3.6 GB/4.7 GB  4.3 MB/s   4m10s[K[?25h[?2026l[?2026h[?25l[A[1Gpulling manifest [K
pulling 2bada8a74506:  77% ▕█████████████     ▏ 3.6 GB/4.7 GB  4.3 MB/s   4m10s[K[?25h[?2026l[?2026h[?25l[A[1Gpulling manifest [K
pulling 2bada8a74506:  77% ▕█████████████     ▏ 3.6 GB/4.7 GB  4.3 MB/s   4m10s[K[?25h[?2026l[?2026h[?25l[A[1Gpulling manifest [K
pulling 2bada8a74506:  77% ▕█████████████     ▏ 3.6 GB/4.7 GB  4.3 MB/s   4m10s[K[?25h[?2026l[?2026h[?25l[A[1Gpulling manifest [K
pulling 2bada8a74506:  77% ▕█████████████     ▏ 3.6 GB/4.7 GB  4.3 MB/s   4m10s[K[?25h[?2026l[?2026h[?25l[A[1Gpulling manifest [K
pulling 2bada8a74506:  77% ▕█████████████     ▏ 3.6 GB/4.7 GB  4.4 MB/s    4m7s[K[?25h[?2026l[?2026h[?25l[A[1Gpulling manifest [K
pulling 2bada8a74506:  77% ▕█████████████     ▏ 3.6 GB/4.7 GB  4.4 MB/s    4m6s[K[?25h[?2026l[?2026h[?25l[A[1Gpulling manifest [K
pulling 2bada8a74506:  77% ▕█████████████     ▏ 3.6 GB/4.7 GB  4.4 MB/s    4m6s[K[?25h[?2026l[?2026h[?25l[A[1Gpulling manifest [K
pulling 2bada8a74506:  77% ▕█████████████     ▏ 3.6 GB/4.7 GB  4.4 MB/s    4m6s[K[?25h[?2026l[?2026h[?25l[A[1Gpulling manifest [K
pulling 2bada8a74506:  77% ▕█████████████     ▏ 3.6 GB/4.7 GB  4.4 MB/s    4m6s[K[?25h[?2026l[?2026h[?25l[A[1Gpulling manifest [K
pulling 2bada8a74506:  77% ▕█████████████     ▏ 3.6 GB/4.7 GB  4.4 MB/s    4m6s[K[?25h[?2026l[?2026h[?25l[A[1Gpulling manifest [K
pulling 2bada8a74506:  77% ▕█████████████     ▏ 3.6 GB/4.7 GB  4.4 MB/s    4m6s[K[?25h[?2026l[?2026h[?25l[A[1Gpulling manifest [K
pulling 2bada8a74506:  77% ▕█████████████     ▏ 3.6 GB/4.7 GB  4.4 MB/s    4m6s[K[?25h[?2026l[?2026h[?25l[A[1Gpulling manifest [K
pulling 2bada8a74506:  77% ▕█████████████     ▏ 3.6 GB/4.7 GB  4.4 MB/s    4m6s[K[?25h[?2026l[?2026h[?25l[A[1Gpulling manifest [K
pulling 2bada8a74506:  77% ▕█████████████     ▏ 3.6 GB/4.7 GB  4.4 MB/s    4m6s[K[?25h[?2026l[?2026h[?25l[A[1Gpulling manifest [K
pulling 2bada8a74506:  77% ▕█████████████     ▏ 3.6 GB/4.7 GB  4.5 MB/s    4m2s[K[?25h[?2026l[?2026h[?25l[A[1Gpulling manifest [K
pulling 2bada8a74506:  77% ▕█████████████     ▏ 3.6 GB/4.7 GB  4.5 MB/s    4m2s[K[?25h[?2026l[?2026h[?25l[A[1Gpulling manifest [K
pulling 2bada8a74506:  77% ▕█████████████     ▏ 3.6 GB/4.7 GB  4.5 MB/s    4m2s[K[?25h[?2026l[?2026h[?25l[A[1Gpulling manifest [K
pulling 2bada8a74506:  77% ▕█████████████     ▏ 3.6 GB/4.7 GB  4.5 MB/s    4m1s[K[?25h[?2026l[?2026h[?25l[A[1Gpulling manifest [K
pulling 2bada8a74506:  77% ▕█████████████     ▏ 3.6 GB/4.7 GB  4.5 MB/s    4m1s[K[?25h[?2026l[?2026h[?25l[A[1Gpulling manifest [K
pulling 2bada8a74506:  77% ▕█████████████     ▏ 3.6 GB/4.7 GB  4.5 MB/s    4m1s[K[?25h[?2026l[?2026h[?25l[A[1Gpulling manifest [K
pulling 2bada8a74506:  77% ▕█████████████     ▏ 3.6 GB/4.7 GB  4.5 MB/s    4m1s[K[?25h[?2026l[?2026h[?25l[A[1Gpulling manifest [K
pulling 2bada8a74506:  77% ▕█████████████     ▏ 3.6 GB/4.7 GB  4.5 MB/s    4m1s[K[?25h[?2026l[?2026h[?25l[A[1Gpulling manifest [K
pulling 2bada8a74506:  77% ▕█████████████     ▏ 3.6 GB/4.7 GB  4.5 MB/s    4m1s[K[?25h[?2026l[?2026h[?25l[A[1Gpulling manifest [K
pulling 2bada8a74506:  77% ▕█████████████     ▏ 3.6 GB/4.7 GB  4.5 MB/s    4m1s[K[?25h[?2026l[?2026h[?25l[A[1Gpulling manifest [K
pulling 2bada8a74506:  77% ▕█████████████     ▏ 3.6 GB/4.7 GB  4.5 MB/s   3m58s[K[?25h[?2026l[?2026h[?25l[A[1Gpulling manifest [K
pulling 2bada8a74506:  77% ▕█████████████     ▏ 3.6 GB/4.7 GB  4.5 MB/s   3m58s[K[?25h[?2026l[?2026h[?25l[A[1Gpulling manifest [K
pulling 2bada8a74506:  77% ▕█████████████     ▏ 3.6 GB/4.7 GB  4.5 MB/s   3m58s[K[?25h[?2026l[?2026h[?25l[A[1Gpulling manifest [K
pulling 2bada8a74506:  77% ▕█████████████     ▏ 3.6 GB/4.7 GB  4.5 MB/s   3m58s[K[?25h[?2026l[?2026h[?25l[A[1Gpulling manifest [K
pulling 2bada8a74506:  77% ▕█████████████     ▏ 3.6 GB/4.7 GB  4.5 MB/s   3m57s[K[?25h[?2026l[?2026h[?25l[A[1Gpulling manifest [K
pulling 2bada8a74506:  77% ▕█████████████     ▏ 3.6 GB/4.7 GB  4.5 MB/s   3m57s[K[?25h[?2026l[?2026h[?25l[A[1Gpulling manifest [K
pulling 2bada8a74506:  77% ▕█████████████     ▏ 3.6 GB/4.7 GB  4.5 MB/s   3m57s[K[?25h[?2026l[?2026h[?25l[A[1Gpulling manifest [K
pulling 2bada8a74506:  77% ▕█████████████     ▏ 3.6 GB/4.7 GB  4.5 MB/s   3m57s[K[?25h[?2026l[?2026h[?25l[A[1Gpulling manifest [K
pulling 2bada8a74506:  77% ▕█████████████     ▏ 3.6 GB/4.7 GB  4.5 MB/s   3m57s[K[?25h[?2026l[?2026h[?25l[A[1Gpulling manifest [K
pulling 2bada8a74506:  77% ▕█████████████     ▏ 3.6 GB/4.7 GB  4.5 MB/s   3m57s[K[?25h[?2026l[?2026h[?25l[A[1Gpulling manifest [K
pulling 2bada8a74506:  77% ▕█████████████     ▏ 3.6 GB/4.7 GB  4.6 MB/s   3m53s[K[?25h[?2026l[?2026h[?25l[A[1Gpulling manifest [K
pulling 2bada8a74506:  77% ▕█████████████     ▏ 3.6 GB/4.7 GB  4.6 MB/s   3m53s[K[?25h[?2026l[?2026h[?25l[A[1Gpulling manifest [K
pulling 2bada8a74506:  77% ▕█████████████     ▏ 3.6 GB/4.7 GB  4.6 MB/s   3m53s[K[?25h[?2026l[?2026h[?25l[A[1Gpulling manifest [K
pulling 2bada8a74506:  77% ▕█████████████     ▏ 3.6 GB/4.7 GB  4.6 MB/s   3m53s[K[?25h[?2026l[?2026h[?25l[A[1Gpulling manifest [K
pulling 2bada8a74506:  77% ▕█████████████     ▏ 3.6 GB/4.7 GB  4.6 MB/s   3m53s[K[?25h[?2026l[?2026h[?25l[A[1Gpulling manifest [K
pulling 2bada8a74506:  77% ▕█████████████     ▏ 3.6 GB/4.7 GB  4.6 MB/s   3m53s[K[?25h[?2026l[?2026h[?25l[A[1Gpulling manifest [K
pulling 2bada8a74506:  77% ▕█████████████     ▏ 3.6 GB/4.7 GB  4.6 MB/s   3m52s[K[?25h[?2026l[?2026h[?25l[A[1Gpulling manifest [K
pulling 2bada8a74506:  77% ▕█████████████     ▏ 3.6 GB/4.7 GB  4.6 MB/s   3m52s[K[?25h[?2026l[?2026h[?25l[A[1Gpulling manifest [K
pulling 2bada8a74506:  77% ▕█████████████     ▏ 3.6 GB/4.7 GB  4.6 MB/s   3m52s[K[?25h[?2026l[?2026h[?25l[A[1Gpulling manifest [K
pulling 2bada8a74506:  77% ▕█████████████     ▏ 3.6 GB/4.7 GB  4.6 MB/s   3m52s[K[?25h[?2026l[?2026h[?25l[A[1Gpulling manifest [K
pulling 2bada8a74506:  77% ▕█████████████     ▏ 3.6 GB/4.7 GB  4.6 MB/s   3m50s[K[?25h[?2026l[?2026h[?25l[A[1Gpulling manifest [K
pulling 2bada8a74506:  77% ▕█████████████     ▏ 3.6 GB/4.7 GB  4.6 MB/s   3m50s[K[?25h[?2026l[?2026h[?25l[A[1Gpulling manifest [K
pulling 2bada8a74506:  77% ▕█████████████     ▏ 3.6 GB/4.7 GB  4.6 MB/s   3m50s[K[?25h[?2026l[?2026h[?25l[A[1Gpulling manifest [K
pulling 2bada8a74506:  77% ▕█████████████     ▏ 3.6 GB/4.7 GB  4.6 MB/s   3m50s[K[?25h[?2026l[?2026h[?25l[A[1Gpulling manifest [K
pulling 2bada8a74506:  77% ▕█████████████     ▏ 3.6 GB/4.7 GB  4.6 MB/s   3m49s[K[?25h[?2026l[?2026h[?25l[A[1Gpulling manifest [K
pulling 2bada8a74506:  77% ▕█████████████     ▏ 3.6 GB/4.7 GB  4.6 MB/s   3m49s[K[?25h[?2026l[?2026h[?25l[A[1Gpulling manifest [K
pulling 2bada8a74506:  77% ▕█████████████     ▏ 3.6 GB/4.7 GB  4.6 MB/s   3m49s[K[?25h[?2026l[?2026h[?25l[A[1Gpulling manifest [K
pulling 2bada8a74506:  77% ▕█████████████     ▏ 3.6 GB/4.7 GB  4.6 MB/s   3m49s[K[?25h[?2026l[?2026h[?25l[A[1Gpulling manifest [K
pulling 2bada8a74506:  77% ▕█████████████     ▏ 3.6 GB/4.7 GB  4.6 MB/s   3m49s[K[?25h[?2026l[?2026h[?25l[A[1Gpulling manifest [K
pulling 2bada8a74506:  77% ▕█████████████     ▏ 3.6 GB/4.7 GB  4.6 MB/s   3m49s[K[?25h[?2026l[?2026h[?25l[A[1Gpulling manifest [K
pulling 2bada8a74506:  77% ▕█████████████     ▏ 3.6 GB/4.7 GB  4.6 MB/s   3m49s[K[?25h[?2026l[?2026h[?25l[A[1Gpulling manifest [K
pulling 2bada8a74506:  77% ▕█████████████     ▏ 3.6 GB/4.7 GB  4.6 MB/s   3m49s[K[?25h[?2026l[?2026h[?25l[A[1Gpulling manifest [K
pulling 2bada8a74506:  77% ▕█████████████     ▏ 3.6 GB/4.7 GB  4.6 MB/s   3m49s[K[?25h[?2026l[?2026h[?25l[A[1Gpulling manifest [K
pulling 2bada8a74506:  77% ▕█████████████     ▏ 3.6 GB/4.7 GB  4.6 MB/s   3m49s[K[?25h[?2026l[?2026h[?25l[A[1Gpulling manifest [K
pulling 2bada8a74506:  77% ▕█████████████     ▏ 3.6 GB/4.7 GB  4.6 MB/s   3m49s[K[?25h[?2026l[?2026h[?25l[A[1Gpulling manifest [K
pulling 2bada8a74506:  77% ▕█████████████     ▏ 3.6 GB/4.7 GB  4.6 MB/s   3m49s[K[?25h[?2026l[?2026h[?25l[A[1Gpulling manifest [K
pulling 2bada8a74506:  77% ▕█████████████     ▏ 3.6 GB/4.7 GB  4.6 MB/s   3m48s[K[?25h[?2026l[?2026h[?25l[A[1Gpulling manifest [K
pulling 2bada8a74506:  77% ▕█████████████     ▏ 3.6 GB/4.7 GB  4.6 MB/s   3m48s[K[?25h[?2026l[?2026h[?25l[A[1Gpulling manifest [K
pulling 2bada8a74506:  77% ▕█████████████     ▏ 3.6 GB/4.7 GB  4.6 MB/s   3m48s[K[?25h[?2026l[?2026h[?25l[A[1Gpulling manifest [K
pulling 2bada8a74506:  77% ▕█████████████     ▏ 3.6 GB/4.7 GB  4.6 MB/s   3m48s[K[?25h[?2026l[?2026h[?25l[A[1Gpulling manifest [K
pulling 2bada8a74506:  77% ▕█████████████     ▏ 3.6 GB/4.7 GB  4.6 MB/s   3m48s[K[?25h[?2026l[?2026h[?25l[A[1Gpulling manifest [K
pulling 2bada8a74506:  77% ▕█████████████     ▏ 3.6 GB/4.7 GB  4.6 MB/s   3m49s[K[?25h[?2026l[?2026h[?25l[A[1Gpulling manifest [K
pulling 2bada8a74506:  77% ▕█████████████     ▏ 3.6 GB/4.7 GB  4.6 MB/s   3m49s[K[?25h[?2026l[?2026h[?25l[A[1Gpulling manifest [K
pulling 2bada8a74506:  77% ▕█████████████     ▏ 3.6 GB/4.7 GB  4.6 MB/s   3m49s[K[?25h[?2026l[?2026h[?25l[A[1Gpulling manifest [K
pulling 2bada8a74506:  77% ▕█████████████     ▏ 3.6 GB/4.7 GB  4.6 MB/s   3m49s[K[?25h[?2026l[?2026h[?25l[A[1Gpulling manifest [K
pulling 2bada8a74506:  77% ▕█████████████     ▏ 3.6 GB/4.7 GB  4.6 MB/s   3m49s[K[?25h[?2026l[?2026h[?25l[A[1Gpulling manifest [K
pulling 2bada8a74506:  77% ▕█████████████     ▏ 3.6 GB/4.7 GB  4.6 MB/s   3m49s[K[?25h[?2026l[?2026h[?25l[A[1Gpulling manifest [K
pulling 2bada8a74506:  77% ▕█████████████     ▏ 3.6 GB/4.7 GB  4.6 MB/s   3m49s[K[?25h[?2026l[?2026h[?25l[A[1Gpulling manifest [K
pulling 2bada8a74506:  77% ▕█████████████     ▏ 3.6 GB/4.7 GB  4.6 MB/s   3m49s[K[?25h[?2026l[?2026h[?25l[A[1Gpulling manifest [K
pulling 2bada8a74506:  77% ▕█████████████     ▏ 3.6 GB/4.7 GB  4.6 MB/s   3m49s[K[?25h[?2026l[?2026h[?25l[A[1Gpulling manifest [K
pulling 2bada8a74506:  77% ▕█████████████     ▏ 3.6 GB/4.7 GB  4.6 MB/s   3m48s[K[?25h[?2026l[?2026h[?25l[A[1Gpulling manifest [K
pulling 2bada8a74506:  77% ▕█████████████     ▏ 3.6 GB/4.7 GB  4.6 MB/s   3m48s[K[?25h[?2026l[?2026h[?25l[A[1Gpulling manifest [K
pulling 2bada8a74506:  77% ▕█████████████     ▏ 3.6 GB/4.7 GB  4.6 MB/s   3m48s[K[?25h[?2026l[?2026h[?25l[A[1Gpulling manifest [K
pulling 2bada8a74506:  78% ▕█████████████     ▏ 3.6 GB/4.7 GB  4.6 MB/s   3m48s[K[?25h[?2026l[?2026h[?25l[A[1Gpulling manifest [K
pulling 2bada8a74506:  78% ▕█████████████     ▏ 3.6 GB/4.7 GB  4.6 MB/s   3m48s[K[?25h[?2026l[?2026h[?25l[A[1Gpulling manifest [K
pulling 2bada8a74506:  78% ▕█████████████     ▏ 3.6 GB/4.7 GB  4.6 MB/s   3m48s[K[?25h[?2026l[?2026h[?25l[A[1Gpulling manifest [K
pulling 2bada8a74506:  78% ▕█████████████     ▏ 3.6 GB/4.7 GB  4.6 MB/s   3m48s[K[?25h[?2026l[?2026h[?25l[A[1Gpulling manifest [K
pulling 2bada8a74506:  78% ▕█████████████     ▏ 3.6 GB/4.7 GB  4.6 MB/s   3m47s[K[?25h[?2026l[?2026h[?25l[A[1Gpulling manifest [K
pulling 2bada8a74506:  78% ▕█████████████     ▏ 3.6 GB/4.7 GB  4.6 MB/s   3m47s[K[?25h[?2026l[?2026h[?25l[A[1Gpulling manifest [K
pulling 2bada8a74506:  78% ▕█████████████     ▏ 3.6 GB/4.7 GB  4.6 MB/s   3m47s[K[?25h[?2026l[?2026h[?25l[A[1Gpulling manifest [K
pulling 2bada8a74506:  78% ▕█████████████     ▏ 3.6 GB/4.7 GB  4.6 MB/s   3m47s[K[?25h[?2026l[?2026h[?25l[A[1Gpulling manifest [K
pulling 2bada8a74506:  78% ▕█████████████     ▏ 3.6 GB/4.7 GB  4.7 MB/s   3m45s[K[?25h[?2026l[?2026h[?25l[A[1Gpulling manifest [K
pulling 2bada8a74506:  78% ▕█████████████     ▏ 3.6 GB/4.7 GB  4.7 MB/s   3m45s[K[?25h[?2026l[?2026h[?25l[A[1Gpulling manifest [K
pulling 2bada8a74506:  78% ▕█████████████     ▏ 3.6 GB/4.7 GB  4.7 MB/s   3m45s[K[?25h[?2026l[?2026h[?25l[A[1Gpulling manifest [K
pulling 2bada8a74506:  78% ▕█████████████     ▏ 3.6 GB/4.7 GB  4.7 MB/s   3m44s[K[?25h[?2026l[?2026h[?25l[A[1Gpulling manifest [K
pulling 2bada8a74506:  78% ▕█████████████     ▏ 3.6 GB/4.7 GB  4.7 MB/s   3m44s[K[?25h[?2026l[?2026h[?25l[A[1Gpulling manifest [K
pulling 2bada8a74506:  78% ▕█████████████     ▏ 3.6 GB/4.7 GB  4.7 MB/s   3m44s[K[?25h[?2026l[?2026h[?25l[A[1Gpulling manifest [K
pulling 2bada8a74506:  78% ▕█████████████     ▏ 3.6 GB/4.7 GB  4.7 MB/s   3m44s[K[?25h[?2026l[?2026h[?25l[A[1Gpulling manifest [K
pulling 2bada8a74506:  78% ▕█████████████     ▏ 3.6 GB/4.7 GB  4.7 MB/s   3m44s[K[?25h[?2026l[?2026h[?25l[A[1Gpulling manifest [K
pulling 2bada8a74506:  78% ▕█████████████     ▏ 3.6 GB/4.7 GB  4.7 MB/s   3m44s[K[?25h[?2026l[?2026h[?25l[A[1Gpulling manifest [K
pulling 2bada8a74506:  78% ▕█████████████     ▏ 3.6 GB/4.7 GB  4.7 MB/s   3m44s[K[?25h[?2026l[?2026h[?25l[A[1Gpulling manifest [K
pulling 2bada8a74506:  78% ▕█████████████     ▏ 3.6 GB/4.7 GB  4.6 MB/s   3m44s[K[?25h[?2026l[?2026h[?25l[A[1Gpulling manifest [K
pulling 2bada8a74506:  78% ▕█████████████     ▏ 3.6 GB/4.7 GB  4.6 MB/s   3m44s[K[?25h[?2026l[?2026h[?25l[A[1Gpulling manifest [K
pulling 2bada8a74506:  78% ▕█████████████     ▏ 3.6 GB/4.7 GB  4.6 MB/s   3m44s[K[?25h[?2026l[?2026h[?25l[A[1Gpulling manifest [K
pulling 2bada8a74506:  78% ▕█████████████     ▏ 3.6 GB/4.7 GB  4.6 MB/s   3m44s[K[?25h[?2026l[?2026h[?25l[A[1Gpulling manifest [K
pulling 2bada8a74506:  78% ▕█████████████     ▏ 3.6 GB/4.7 GB  4.6 MB/s   3m44s[K[?25h[?2026l[?2026h[?25l[A[1Gpulling manifest [K
pulling 2bada8a74506:  78% ▕█████████████     ▏ 3.6 GB/4.7 GB  4.6 MB/s   3m44s[K[?25h[?2026l[?2026h[?25l[A[1Gpulling manifest [K
pulling 2bada8a74506:  78% ▕█████████████     ▏ 3.6 GB/4.7 GB  4.6 MB/s   3m44s[K[?25h[?2026l[?2026h[?25l[A[1Gpulling manifest [K
pulling 2bada8a74506:  78% ▕█████████████     ▏ 3.6 GB/4.7 GB  4.6 MB/s   3m44s[K[?25h[?2026l[?2026h[?25l[A[1Gpulling manifest [K
pulling 2bada8a74506:  78% ▕█████████████     ▏ 3.6 GB/4.7 GB  4.6 MB/s   3m44s[K[?25h[?2026l[?2026h[?25l[A[1Gpulling manifest [K
pulling 2bada8a74506:  78% ▕█████████████     ▏ 3.6 GB/4.7 GB  4.6 MB/s   3m44s[K[?25h[?2026l[?2026h[?25l[A[1Gpulling manifest [K
pulling 2bada8a74506:  78% ▕██████████████    ▏ 3.6 GB/4.7 GB  4.6 MB/s   3m43s[K[?25h[?2026l[?2026h[?25l[A[1Gpulling manifest [K
pulling 2bada8a74506:  78% ▕██████████████    ▏ 3.6 GB/4.7 GB  4.6 MB/s   3m44s[K[?25h[?2026l[?2026h[?25l[A[1Gpulling manifest [K
pulling 2bada8a74506:  78% ▕██████████████    ▏ 3.6 GB/4.7 GB  4.6 MB/s   3m44s[K[?25h[?2026l[?2026h[?25l[A[1Gpulling manifest [K
pulling 2bada8a74506:  78% ▕██████████████    ▏ 3.6 GB/4.7 GB  4.6 MB/s   3m44s[K[?25h[?2026l[?2026h[?25l[A[1Gpulling manifest [K
pulling 2bada8a74506:  78% ▕██████████████    ▏ 3.6 GB/4.7 GB  4.6 MB/s   3m43s[K[?25h[?2026l[?2026h[?25l[A[1Gpulling manifest [K
pulling 2bada8a74506:  78% ▕██████████████    ▏ 3.6 GB/4.7 GB  4.6 MB/s   3m43s[K[?25h[?2026l[?2026h[?25l[A[1Gpulling manifest [K
pulling 2bada8a74506:  78% ▕██████████████    ▏ 3.6 GB/4.7 GB  4.6 MB/s   3m43s[K[?25h[?2026l[?2026h[?25l[A[1Gpulling manifest [K
pulling 2bada8a74506:  78% ▕██████████████    ▏ 3.6 GB/4.7 GB  4.6 MB/s   3m43s[K[?25h[?2026l[?2026h[?25l[A[1Gpulling manifest [K
pulling 2bada8a74506:  78% ▕██████████████    ▏ 3.6 GB/4.7 GB  4.6 MB/s   3m43s[K[?25h[?2026l[?2026h[?25l[A[1Gpulling manifest [K
pulling 2bada8a74506:  78% ▕██████████████    ▏ 3.6 GB/4.7 GB  4.6 MB/s   3m43s[K[?25h[?2026l[?2026h[?25l[A[1Gpulling manifest [K
pulling 2bada8a74506:  78% ▕██████████████    ▏ 3.6 GB/4.7 GB  4.6 MB/s   3m43s[K[?25h[?2026l[?2026h[?25l[A[1Gpulling manifest [K
pulling 2bada8a74506:  78% ▕██████████████    ▏ 3.6 GB/4.7 GB  4.7 MB/s   3m42s[K[?25h[?2026l[?2026h[?25l[A[1Gpulling manifest [K
pulling 2bada8a74506:  78% ▕██████████████    ▏ 3.6 GB/4.7 GB  4.7 MB/s   3m42s[K[?25h[?2026l[?2026h[?25l[A[1Gpulling manifest [K
pulling 2bada8a74506:  78% ▕██████████████    ▏ 3.6 GB/4.7 GB  4.7 MB/s   3m42s[K[?25h[?2026l[?2026h[?25l[A[1Gpulling manifest [K
pulling 2bada8a74506:  78% ▕██████████████    ▏ 3.6 GB/4.7 GB  4.7 MB/s   3m41s[K[?25h[?2026l[?2026h[?25l[A[1Gpulling manifest [K
pulling 2bada8a74506:  78% ▕██████████████    ▏ 3.6 GB/4.7 GB  4.7 MB/s   3m41s[K[?25h[?2026l[?2026h[?25l[A[1Gpulling manifest [K
pulling 2bada8a74506:  78% ▕██████████████    ▏ 3.7 GB/4.7 GB  4.7 MB/s   3m41s[K[?25h[?2026l[?2026h[?25l[A[1Gpulling manifest [K
pulling 2bada8a74506:  78% ▕██████████████    ▏ 3.7 GB/4.7 GB  4.7 MB/s   3m41s[K[?25h[?2026l[?2026h[?25l[A[1Gpulling manifest [K
pulling 2bada8a74506:  78% ▕██████████████    ▏ 3.7 GB/4.7 GB  4.7 MB/s   3m41s[K[?25h[?2026l[?2026h[?25l[A[1Gpulling manifest [K
pulling 2bada8a74506:  78% ▕██████████████    ▏ 3.7 GB/4.7 GB  4.7 MB/s   3m41s[K[?25h[?2026l[?2026h[?25l[A[1Gpulling manifest [K
pulling 2bada8a74506:  78% ▕██████████████    ▏ 3.7 GB/4.7 GB  4.7 MB/s   3m41s[K[?25h[?2026l[?2026h[?25l[A[1Gpulling manifest [K
pulling 2bada8a74506:  78% ▕██████████████    ▏ 3.7 GB/4.7 GB  4.7 MB/s   3m41s[K[?25h[?2026l[?2026h[?25l[A[1Gpulling manifest [K
pulling 2bada8a74506:  78% ▕██████████████    ▏ 3.7 GB/4.7 GB  4.7 MB/s   3m41s[K[?25h[?2026l[?2026h[?25l[A[1Gpulling manifest [K
pulling 2bada8a74506:  78% ▕██████████████    ▏ 3.7 GB/4.7 GB  4.7 MB/s   3m41s[K[?25h[?2026l[?2026h[?25l[A[1Gpulling manifest [K
pulling 2bada8a74506:  78% ▕██████████████    ▏ 3.7 GB/4.7 GB  4.7 MB/s   3m41s[K[?25h[?2026l[?2026h[?25l[A[1Gpulling manifest [K
pulling 2bada8a74506:  78% ▕██████████████    ▏ 3.7 GB/4.7 GB  4.7 MB/s   3m41s[K[?25h[?2026l[?2026h[?25l[A[1Gpulling manifest [K
pulling 2bada8a74506:  78% ▕██████████████    ▏ 3.7 GB/4.7 GB  4.7 MB/s   3m41s[K[?25h[?2026l[?2026h[?25l[A[1Gpulling manifest [K
pulling 2bada8a74506:  78% ▕██████████████    ▏ 3.7 GB/4.7 GB  4.7 MB/s   3m40s[K[?25h[?2026l[?2026h[?25l[A[1Gpulling manifest [K
pulling 2bada8a74506:  78% ▕██████████████    ▏ 3.7 GB/4.7 GB  4.7 MB/s   3m40s[K[?25h[?2026l[?2026h[?25l[A[1Gpulling manifest [K
pulling 2bada8a74506:  78% ▕██████████████    ▏ 3.7 GB/4.7 GB  4.7 MB/s   3m40s[K[?25h[?2026l[?2026h[?25l[A[1Gpulling manifest [K
pulling 2bada8a74506:  78% ▕██████████████    ▏ 3.7 GB/4.7 GB  4.7 MB/s   3m40s[K[?25h[?2026l[?2026h[?25l[A[1Gpulling manifest [K
pulling 2bada8a74506:  78% ▕██████████████    ▏ 3.7 GB/4.7 GB  4.7 MB/s   3m38s[K[?25h[?2026l[?2026h[?25l[A[1Gpulling manifest [K
pulling 2bada8a74506:  78% ▕██████████████    ▏ 3.7 GB/4.7 GB  4.7 MB/s   3m38s[K[?25h[?2026l[?2026h[?25l[A[1Gpulling manifest [K
pulling 2bada8a74506:  78% ▕██████████████    ▏ 3.7 GB/4.7 GB  4.7 MB/s   3m38s[K[?25h[?2026l[?2026h[?25l[A[1Gpulling manifest [K
pulling 2bada8a74506:  78% ▕██████████████    ▏ 3.7 GB/4.7 GB  4.7 MB/s   3m38s[K[?25h[?2026l[?2026h[?25l[A[1Gpulling manifest [K
pulling 2bada8a74506:  78% ▕██████████████    ▏ 3.7 GB/4.7 GB  4.7 MB/s   3m38s[K[?25h[?2026l[?2026h[?25l[A[1Gpulling manifest [K
pulling 2bada8a74506:  78% ▕██████████████    ▏ 3.7 GB/4.7 GB  4.7 MB/s   3m38s[K[?25h[?2026l[?2026h[?25l[A[1Gpulling manifest [K
pulling 2bada8a74506:  78% ▕██████████████    ▏ 3.7 GB/4.7 GB  4.7 MB/s   3m38s[K[?25h[?2026l[?2026h[?25l[A[1Gpulling manifest [K
pulling 2bada8a74506:  78% ▕██████████████    ▏ 3.7 GB/4.7 GB  4.7 MB/s   3m38s[K[?25h[?2026l[?2026h[?25l[A[1Gpulling manifest [K
pulling 2bada8a74506:  78% ▕██████████████    ▏ 3.7 GB/4.7 GB  4.7 MB/s   3m38s[K[?25h[?2026l[?2026h[?25l[A[1Gpulling manifest [K
pulling 2bada8a74506:  78% ▕██████████████    ▏ 3.7 GB/4.7 GB  4.7 MB/s   3m38s[K[?25h[?2026l[?2026h[?25l[A[1Gpulling manifest [K
pulling 2bada8a74506:  78% ▕██████████████    ▏ 3.7 GB/4.7 GB  4.7 MB/s   3m38s[K[?25h[?2026l[?2026h[?25l[A[1Gpulling manifest [K
pulling 2bada8a74506:  78% ▕██████████████    ▏ 3.7 GB/4.7 GB  4.7 MB/s   3m38s[K[?25h[?2026l[?2026h[?25l[A[1Gpulling manifest [K
pulling 2bada8a74506:  78% ▕██████████████    ▏ 3.7 GB/4.7 GB  4.7 MB/s   3m38s[K[?25h[?2026l[?2026h[?25l[A[1Gpulling manifest [K
pulling 2bada8a74506:  78% ▕██████████████    ▏ 3.7 GB/4.7 GB  4.7 MB/s   3m38s[K[?25h[?2026l[?2026h[?25l[A[1Gpulling manifest [K
pulling 2bada8a74506:  78% ▕██████████████    ▏ 3.7 GB/4.7 GB  4.7 MB/s   3m38s[K[?25h[?2026l[?2026h[?25l[A[1Gpulling manifest [K
pulling 2bada8a74506:  78% ▕██████████████    ▏ 3.7 GB/4.7 GB  4.7 MB/s   3m37s[K[?25h[?2026l[?2026h[?25l[A[1Gpulling manifest [K
pulling 2bada8a74506:  78% ▕██████████████    ▏ 3.7 GB/4.7 GB  4.7 MB/s   3m37s[K[?25h[?2026l[?2026h[?25l[A[1Gpulling manifest [K
pulling 2bada8a74506:  78% ▕██████████████    ▏ 3.7 GB/4.7 GB  4.7 MB/s   3m37s[K[?25h[?2026l[?2026h[?25l[A[1Gpulling manifest [K
pulling 2bada8a74506:  78% ▕██████████████    ▏ 3.7 GB/4.7 GB  4.7 MB/s   3m37s[K[?25h[?2026l[?2026h[?25l[A[1Gpulling manifest [K
pulling 2bada8a74506:  78% ▕██████████████    ▏ 3.7 GB/4.7 GB  4.7 MB/s   3m37s[K[?25h[?2026l[?2026h[?25l[A[1Gpulling manifest [K
pulling 2bada8a74506:  78% ▕██████████████    ▏ 3.7 GB/4.7 GB  4.7 MB/s   3m37s[K[?25h[?2026l[?2026h[?25l[A[1Gpulling manifest [K
pulling 2bada8a74506:  78% ▕██████████████    ▏ 3.7 GB/4.7 GB  4.7 MB/s   3m35s[K[?25h[?2026l[?2026h[?25l[A[1Gpulling manifest [K
pulling 2bada8a74506:  78% ▕██████████████    ▏ 3.7 GB/4.7 GB  4.7 MB/s   3m35s[K[?25h[?2026l[?2026h[?25l[A[1Gpulling manifest [K
pulling 2bada8a74506:  78% ▕██████████████    ▏ 3.7 GB/4.7 GB  4.7 MB/s   3m35s[K[?25h[?2026l[?2026h[?25l[A[1Gpulling manifest [K
pulling 2bada8a74506:  78% ▕██████████████    ▏ 3.7 GB/4.7 GB  4.7 MB/s   3m35s[K[?25h[?2026l[?2026h[?25l[A[1Gpulling manifest [K
pulling 2bada8a74506:  78% ▕██████████████    ▏ 3.7 GB/4.7 GB  4.7 MB/s   3m35s[K[?25h[?2026l[?2026h[?25l[A[1Gpulling manifest [K
pulling 2bada8a74506:  78% ▕██████████████    ▏ 3.7 GB/4.7 GB  4.7 MB/s   3m35s[K[?25h[?2026l[?2026h[?25l[A[1Gpulling manifest [K
pulling 2bada8a74506:  78% ▕██████████████    ▏ 3.7 GB/4.7 GB  4.7 MB/s   3m34s[K[?25h[?2026l[?2026h[?25l[A[1Gpulling manifest [K
pulling 2bada8a74506:  78% ▕██████████████    ▏ 3.7 GB/4.7 GB  4.7 MB/s   3m34s[K[?25h[?2026l[?2026h[?25l[A[1Gpulling manifest [K
pulling 2bada8a74506:  78% ▕██████████████    ▏ 3.7 GB/4.7 GB  4.7 MB/s   3m34s[K[?25h[?2026l[?2026h[?25l[A[1Gpulling manifest [K
pulling 2bada8a74506:  78% ▕██████████████    ▏ 3.7 GB/4.7 GB  4.7 MB/s   3m34s[K[?25h[?2026l[?2026h[?25l[A[1Gpulling manifest [K
pulling 2bada8a74506:  78% ▕██████████████    ▏ 3.7 GB/4.7 GB  4.7 MB/s   3m33s[K[?25h[?2026l[?2026h[?25l[A[1Gpulling manifest [K
pulling 2bada8a74506:  78% ▕██████████████    ▏ 3.7 GB/4.7 GB  4.7 MB/s   3m33s[K[?25h[?2026l[?2026h[?25l[A[1Gpulling manifest [K
pulling 2bada8a74506:  78% ▕██████████████    ▏ 3.7 GB/4.7 GB  4.7 MB/s   3m33s[K[?25h[?2026l[?2026h[?25l[A[1Gpulling manifest [K
pulling 2bada8a74506:  78% ▕██████████████    ▏ 3.7 GB/4.7 GB  4.7 MB/s   3m33s[K[?25h[?2026l[?2026h[?25l[A[1Gpulling manifest [K
pulling 2bada8a74506:  78% ▕██████████████    ▏ 3.7 GB/4.7 GB  4.7 MB/s   3m33s[K[?25h[?2026l[?2026h[?25l[A[1Gpulling manifest [K
pulling 2bada8a74506:  78% ▕██████████████    ▏ 3.7 GB/4.7 GB  4.7 MB/s   3m33s[K[?25h[?2026l[?2026h[?25l[A[1Gpulling manifest [K
pulling 2bada8a74506:  78% ▕██████████████    ▏ 3.7 GB/4.7 GB  4.7 MB/s   3m33s[K[?25h[?2026l[?2026h[?25l[A[1Gpulling manifest [K
pulling 2bada8a74506:  78% ▕██████████████    ▏ 3.7 GB/4.7 GB  4.7 MB/s   3m33s[K[?25h[?2026l[?2026h[?25l[A[1Gpulling manifest [K
pulling 2bada8a74506:  78% ▕██████████████    ▏ 3.7 GB/4.7 GB  4.7 MB/s   3m33s[K[?25h[?2026l[?2026h[?25l[A[1Gpulling manifest [K
pulling 2bada8a74506:  78% ▕██████████████    ▏ 3.7 GB/4.7 GB  4.7 MB/s   3m32s[K[?25h[?2026l[?2026h[?25l[A[1Gpulling manifest [K
pulling 2bada8a74506:  78% ▕██████████████    ▏ 3.7 GB/4.7 GB  4.7 MB/s   3m32s[K[?25h[?2026l[?2026h[?25l[A[1Gpulling manifest [K
pulling 2bada8a74506:  79% ▕██████████████    ▏ 3.7 GB/4.7 GB  4.7 MB/s   3m32s[K[?25h[?2026l[?2026h[?25l[A[1Gpulling manifest [K
pulling 2bada8a74506:  79% ▕██████████████    ▏ 3.7 GB/4.7 GB  4.7 MB/s   3m32s[K[?25h[?2026l[?2026h[?25l[A[1Gpulling manifest [K
pulling 2bada8a74506:  79% ▕██████████████    ▏ 3.7 GB/4.7 GB  4.7 MB/s   3m32s[K[?25h[?2026l[?2026h[?25l[A[1Gpulling manifest [K
pulling 2bada8a74506:  79% ▕██████████████    ▏ 3.7 GB/4.7 GB  4.7 MB/s   3m32s[K[?25h[?2026l[?2026h[?25l[A[1Gpulling manifest [K
pulling 2bada8a74506:  79% ▕██████████████    ▏ 3.7 GB/4.7 GB  4.7 MB/s   3m32s[K[?25h[?2026l[?2026h[?25l[A[1Gpulling manifest [K
pulling 2bada8a74506:  79% ▕██████████████    ▏ 3.7 GB/4.7 GB  4.7 MB/s   3m32s[K[?25h[?2026l[?2026h[?25l[A[1Gpulling manifest [K
pulling 2bada8a74506:  79% ▕██████████████    ▏ 3.7 GB/4.7 GB  4.7 MB/s   3m32s[K[?25h[?2026l[?2026h[?25l[A[1Gpulling manifest [K
pulling 2bada8a74506:  79% ▕██████████████    ▏ 3.7 GB/4.7 GB  4.7 MB/s   3m31s[K[?25h[?2026l[?2026h[?25l[A[1Gpulling manifest [K
pulling 2bada8a74506:  79% ▕██████████████    ▏ 3.7 GB/4.7 GB  4.7 MB/s   3m31s[K[?25h[?2026l[?2026h[?25l[A[1Gpulling manifest [K
pulling 2bada8a74506:  79% ▕██████████████    ▏ 3.7 GB/4.7 GB  4.8 MB/s   3m30s[K[?25h[?2026l[?2026h[?25l[A[1Gpulling manifest [K
pulling 2bada8a74506:  79% ▕██████████████    ▏ 3.7 GB/4.7 GB  4.8 MB/s   3m30s[K[?25h[?2026l[?2026h[?25l[A[1Gpulling manifest [K
pulling 2bada8a74506:  79% ▕██████████████    ▏ 3.7 GB/4.7 GB  4.8 MB/s   3m30s[K[?25h[?2026l[?2026h[?25l[A[1Gpulling manifest [K
pulling 2bada8a74506:  79% ▕██████████████    ▏ 3.7 GB/4.7 GB  4.8 MB/s   3m30s[K[?25h[?2026l[?2026h[?25l[A[1Gpulling manifest [K
pulling 2bada8a74506:  79% ▕██████████████    ▏ 3.7 GB/4.7 GB  4.8 MB/s   3m30s[K[?25h[?2026l[?2026h[?25l[A[1Gpulling manifest [K
pulling 2bada8a74506:  79% ▕██████████████    ▏ 3.7 GB/4.7 GB  4.8 MB/s   3m30s[K[?25h[?2026l[?2026h[?25l[A[1Gpulling manifest [K
pulling 2bada8a74506:  79% ▕██████████████    ▏ 3.7 GB/4.7 GB  4.8 MB/s   3m30s[K[?25h[?2026l[?2026h[?25l[A[1Gpulling manifest [K
pulling 2bada8a74506:  79% ▕██████████████    ▏ 3.7 GB/4.7 GB  4.8 MB/s   3m30s[K[?25h[?2026l[?2026h[?25l[A[1Gpulling manifest [K
pulling 2bada8a74506:  79% ▕██████████████    ▏ 3.7 GB/4.7 GB  4.8 MB/s   3m30s[K[?25h[?2026l[?2026h[?25l[A[1Gpulling manifest [K
pulling 2bada8a74506:  79% ▕██████████████    ▏ 3.7 GB/4.7 GB  4.8 MB/s   3m29s[K[?25h[?2026l[?2026h[?25l[A[1Gpulling manifest [K
pulling 2bada8a74506:  79% ▕██████████████    ▏ 3.7 GB/4.7 GB  4.7 MB/s   3m31s[K[?25h[?2026l[?2026h[?25l[A[1Gpulling manifest [K
pulling 2bada8a74506:  79% ▕██████████████    ▏ 3.7 GB/4.7 GB  4.7 MB/s   3m31s[K[?25h[?2026l[?2026h[?25l[A[1Gpulling manifest [K
pulling 2bada8a74506:  79% ▕██████████████    ▏ 3.7 GB/4.7 GB  4.7 MB/s   3m31s[K[?25h[?2026l[?2026h[?25l[A[1Gpulling manifest [K
pulling 2bada8a74506:  79% ▕██████████████    ▏ 3.7 GB/4.7 GB  4.7 MB/s   3m31s[K[?25h[?2026l[?2026h[?25l[A[1Gpulling manifest [K
pulling 2bada8a74506:  79% ▕██████████████    ▏ 3.7 GB/4.7 GB  4.7 MB/s   3m31s[K[?25h[?2026l[?2026h[?25l[A[1Gpulling manifest [K
pulling 2bada8a74506:  79% ▕██████████████    ▏ 3.7 GB/4.7 GB  4.7 MB/s   3m31s[K[?25h[?2026l[?2026h[?25l[A[1Gpulling manifest [K
pulling 2bada8a74506:  79% ▕██████████████    ▏ 3.7 GB/4.7 GB  4.7 MB/s   3m30s[K[?25h[?2026l[?2026h[?25l[A[1Gpulling manifest [K
pulling 2bada8a74506:  79% ▕██████████████    ▏ 3.7 GB/4.7 GB  4.7 MB/s   3m30s[K[?25h[?2026l[?2026h[?25l[A[1Gpulling manifest [K
pulling 2bada8a74506:  79% ▕██████████████    ▏ 3.7 GB/4.7 GB  4.7 MB/s   3m30s[K[?25h[?2026l[?2026h[?25l[A[1Gpulling manifest [K
pulling 2bada8a74506:  79% ▕██████████████    ▏ 3.7 GB/4.7 GB  4.7 MB/s   3m30s[K[?25h[?2026l[?2026h[?25l[A[1Gpulling manifest [K
pulling 2bada8a74506:  79% ▕██████████████    ▏ 3.7 GB/4.7 GB  4.7 MB/s   3m30s[K[?25h[?2026l[?2026h[?25l[A[1Gpulling manifest [K
pulling 2bada8a74506:  79% ▕██████████████    ▏ 3.7 GB/4.7 GB  4.7 MB/s   3m32s[K[?25h[?2026l[?2026h[?25l[A[1Gpulling manifest [K
pulling 2bada8a74506:  79% ▕██████████████    ▏ 3.7 GB/4.7 GB  4.7 MB/s   3m32s[K[?25h[?2026l[?2026h[?25l[A[1Gpulling manifest [K
pulling 2bada8a74506:  79% ▕██████████████    ▏ 3.7 GB/4.7 GB  4.7 MB/s   3m32s[K[?25h[?2026l[?2026h[?25l[A[1Gpulling manifest [K
pulling 2bada8a74506:  79% ▕██████████████    ▏ 3.7 GB/4.7 GB  4.7 MB/s   3m32s[K[?25h[?2026l[?2026h[?25l[A[1Gpulling manifest [K
pulling 2bada8a74506:  79% ▕██████████████    ▏ 3.7 GB/4.7 GB  4.7 MB/s   3m31s[K[?25h[?2026l[?2026h[?25l[A[1Gpulling manifest [K
pulling 2bada8a74506:  79% ▕██████████████    ▏ 3.7 GB/4.7 GB  4.7 MB/s   3m31s[K[?25h[?2026l[?2026h[?25l[A[1Gpulling manifest [K
pulling 2bada8a74506:  79% ▕██████████████    ▏ 3.7 GB/4.7 GB  4.7 MB/s   3m31s[K[?25h[?2026l[?2026h[?25l[A[1Gpulling manifest [K
pulling 2bada8a74506:  79% ▕██████████████    ▏ 3.7 GB/4.7 GB  4.7 MB/s   3m31s[K[?25h[?2026l[?2026h[?25l[A[1Gpulling manifest [K
pulling 2bada8a74506:  79% ▕██████████████    ▏ 3.7 GB/4.7 GB  4.7 MB/s   3m31s[K[?25h[?2026l[?2026h[?25l[A[1Gpulling manifest [K
pulling 2bada8a74506:  79% ▕██████████████    ▏ 3.7 GB/4.7 GB  4.7 MB/s   3m31s[K[?25h[?2026l[?2026h[?25l[A[1Gpulling manifest [K
pulling 2bada8a74506:  79% ▕██████████████    ▏ 3.7 GB/4.7 GB  4.7 MB/s   3m32s[K[?25h[?2026l[?2026h[?25l[A[1Gpulling manifest [K
pulling 2bada8a74506:  79% ▕██████████████    ▏ 3.7 GB/4.7 GB  4.7 MB/s   3m32s[K[?25h[?2026l[?2026h[?25l[A[1Gpulling manifest [K
pulling 2bada8a74506:  79% ▕██████████████    ▏ 3.7 GB/4.7 GB  4.7 MB/s   3m32s[K[?25h[?2026l[?2026h[?25l[A[1Gpulling manifest [K
pulling 2bada8a74506:  79% ▕██████████████    ▏ 3.7 GB/4.7 GB  4.7 MB/s   3m31s[K[?25h[?2026l[?2026h[?25l[A[1Gpulling manifest [K
pulling 2bada8a74506:  79% ▕██████████████    ▏ 3.7 GB/4.7 GB  4.7 MB/s   3m31s[K[?25h[?2026l[?2026h[?25l[A[1Gpulling manifest [K
pulling 2bada8a74506:  79% ▕██████████████    ▏ 3.7 GB/4.7 GB  4.7 MB/s   3m31s[K[?25h[?2026l[?2026h[?25l[A[1Gpulling manifest [K
pulling 2bada8a74506:  79% ▕██████████████    ▏ 3.7 GB/4.7 GB  4.7 MB/s   3m31s[K[?25h[?2026l[?2026h[?25l[A[1Gpulling manifest [K
pulling 2bada8a74506:  79% ▕██████████████    ▏ 3.7 GB/4.7 GB  4.7 MB/s   3m31s[K[?25h[?2026l[?2026h[?25l[A[1Gpulling manifest [K
pulling 2bada8a74506:  79% ▕██████████████    ▏ 3.7 GB/4.7 GB  4.7 MB/s   3m31s[K[?25h[?2026l[?2026h[?25l[A[1Gpulling manifest [K
pulling 2bada8a74506:  79% ▕██████████████    ▏ 3.7 GB/4.7 GB  4.7 MB/s   3m31s[K[?25h[?2026l[?2026h[?25l[A[1Gpulling manifest [K
pulling 2bada8a74506:  79% ▕██████████████    ▏ 3.7 GB/4.7 GB  4.6 MB/s   3m31s[K[?25h[?2026l[?2026h[?25l[A[1Gpulling manifest [K
pulling 2bada8a74506:  79% ▕██████████████    ▏ 3.7 GB/4.7 GB  4.6 MB/s   3m31s[K[?25h[?2026l[?2026h[?25l[A[1Gpulling manifest [K
pulling 2bada8a74506:  79% ▕██████████████    ▏ 3.7 GB/4.7 GB  4.6 MB/s   3m31s[K[?25h[?2026l[?2026h[?25l[A[1Gpulling manifest [K
pulling 2bada8a74506:  79% ▕██████████████    ▏ 3.7 GB/4.7 GB  4.6 MB/s   3m31s[K[?25h[?2026l[?2026h[?25l[A[1Gpulling manifest [K
pulling 2bada8a74506:  79% ▕██████████████    ▏ 3.7 GB/4.7 GB  4.6 MB/s   3m31s[K[?25h[?2026l[?2026h[?25l[A[1Gpulling manifest [K
pulling 2bada8a74506:  79% ▕██████████████    ▏ 3.7 GB/4.7 GB  4.6 MB/s   3m31s[K[?25h[?2026l[?2026h[?25l[A[1Gpulling manifest [K
pulling 2bada8a74506:  79% ▕██████████████    ▏ 3.7 GB/4.7 GB  4.6 MB/s   3m31s[K[?25h[?2026l[?2026h[?25l[A[1Gpulling manifest [K
pulling 2bada8a74506:  79% ▕██████████████    ▏ 3.7 GB/4.7 GB  4.6 MB/s   3m31s[K[?25h[?2026l[?2026h[?25l[A[1Gpulling manifest [K
pulling 2bada8a74506:  79% ▕██████████████    ▏ 3.7 GB/4.7 GB  4.6 MB/s   3m31s[K[?25h[?2026l[?2026h[?25l[A[1Gpulling manifest [K
pulling 2bada8a74506:  79% ▕██████████████    ▏ 3.7 GB/4.7 GB  4.6 MB/s   3m31s[K[?25h[?2026l[?2026h[?25l[A[1Gpulling manifest [K
pulling 2bada8a74506:  79% ▕██████████████    ▏ 3.7 GB/4.7 GB  4.7 MB/s   3m29s[K[?25h[?2026l[?2026h[?25l[A[1Gpulling manifest [K
pulling 2bada8a74506:  79% ▕██████████████    ▏ 3.7 GB/4.7 GB  4.7 MB/s   3m29s[K[?25h[?2026l[?2026h[?25l[A[1Gpulling manifest [K
pulling 2bada8a74506:  79% ▕██████████████    ▏ 3.7 GB/4.7 GB  4.7 MB/s   3m29s[K[?25h[?2026l[?2026h[?25l[A[1Gpulling manifest [K
pulling 2bada8a74506:  79% ▕██████████████    ▏ 3.7 GB/4.7 GB  4.7 MB/s   3m29s[K[?25h[?2026l[?2026h[?25l[A[1Gpulling manifest [K
pulling 2bada8a74506:  79% ▕██████████████    ▏ 3.7 GB/4.7 GB  4.7 MB/s   3m29s[K[?25h[?2026l[?2026h[?25l[A[1Gpulling manifest [K
pulling 2bada8a74506:  79% ▕██████████████    ▏ 3.7 GB/4.7 GB  4.7 MB/s   3m29s[K[?25h[?2026l[?2026h[?25l[A[1Gpulling manifest [K
pulling 2bada8a74506:  79% ▕██████████████    ▏ 3.7 GB/4.7 GB  4.7 MB/s   3m29s[K[?25h[?2026l[?2026h[?25l[A[1Gpulling manifest [K
pulling 2bada8a74506:  79% ▕██████████████    ▏ 3.7 GB/4.7 GB  4.7 MB/s   3m29s[K[?25h[?2026l[?2026h[?25l[A[1Gpulling manifest [K
pulling 2bada8a74506:  79% ▕██████████████    ▏ 3.7 GB/4.7 GB  4.7 MB/s   3m29s[K[?25h[?2026l[?2026h[?25l[A[1Gpulling manifest [K
pulling 2bada8a74506:  79% ▕██████████████    ▏ 3.7 GB/4.7 GB  4.7 MB/s   3m29s[K[?25h[?2026l[?2026h[?25l[A[1Gpulling manifest [K
pulling 2bada8a74506:  79% ▕██████████████    ▏ 3.7 GB/4.7 GB  4.6 MB/s   3m30s[K[?25h[?2026l[?2026h[?25l[A[1Gpulling manifest [K
pulling 2bada8a74506:  79% ▕██████████████    ▏ 3.7 GB/4.7 GB  4.6 MB/s   3m30s[K[?25h[?2026l[?2026h[?25l[A[1Gpulling manifest [K
pulling 2bada8a74506:  79% ▕██████████████    ▏ 3.7 GB/4.7 GB  4.6 MB/s   3m29s[K[?25h[?2026l[?2026h[?25l[A[1Gpulling manifest [K
pulling 2bada8a74506:  79% ▕██████████████    ▏ 3.7 GB/4.7 GB  4.6 MB/s   3m29s[K[?25h[?2026l[?2026h[?25l[A[1Gpulling manifest [K
pulling 2bada8a74506:  79% ▕██████████████    ▏ 3.7 GB/4.7 GB  4.6 MB/s   3m29s[K[?25h[?2026l[?2026h[?25l[A[1Gpulling manifest [K
pulling 2bada8a74506:  79% ▕██████████████    ▏ 3.7 GB/4.7 GB  4.6 MB/s   3m29s[K[?25h[?2026l[?2026h[?25l[A[1Gpulling manifest [K
pulling 2bada8a74506:  79% ▕██████████████    ▏ 3.7 GB/4.7 GB  4.6 MB/s   3m29s[K[?25h[?2026l[?2026h[?25l[A[1Gpulling manifest [K
pulling 2bada8a74506:  79% ▕██████████████    ▏ 3.7 GB/4.7 GB  4.6 MB/s   3m29s[K[?25h[?2026l[?2026h[?25l[A[1Gpulling manifest [K
pulling 2bada8a74506:  79% ▕██████████████    ▏ 3.7 GB/4.7 GB  4.6 MB/s   3m29s[K[?25h[?2026l[?2026h[?25l[A[1Gpulling manifest [K
pulling 2bada8a74506:  79% ▕██████████████    ▏ 3.7 GB/4.7 GB  4.6 MB/s   3m29s[K[?25h[?2026l[?2026h[?25l[A[1Gpulling manifest [K
pulling 2bada8a74506:  79% ▕██████████████    ▏ 3.7 GB/4.7 GB  4.6 MB/s   3m29s[K[?25h[?2026l[?2026h[?25l[A[1Gpulling manifest [K
pulling 2bada8a74506:  79% ▕██████████████    ▏ 3.7 GB/4.7 GB  4.6 MB/s   3m28s[K[?25h[?2026l[?2026h[?25l[A[1Gpulling manifest [K
pulling 2bada8a74506:  79% ▕██████████████    ▏ 3.7 GB/4.7 GB  4.6 MB/s   3m28s[K[?25h[?2026l[?2026h[?25l[A[1Gpulling manifest [K
pulling 2bada8a74506:  79% ▕██████████████    ▏ 3.7 GB/4.7 GB  4.6 MB/s   3m28s[K[?25h[?2026l[?2026h[?25l[A[1Gpulling manifest [K
pulling 2bada8a74506:  79% ▕██████████████    ▏ 3.7 GB/4.7 GB  4.6 MB/s   3m28s[K[?25h[?2026l[?2026h[?25l[A[1Gpulling manifest [K
pulling 2bada8a74506:  79% ▕██████████████    ▏ 3.7 GB/4.7 GB  4.6 MB/s   3m28s[K[?25h[?2026l[?2026h[?25l[A[1Gpulling manifest [K
pulling 2bada8a74506:  79% ▕██████████████    ▏ 3.7 GB/4.7 GB  4.6 MB/s   3m28s[K[?25h[?2026l[?2026h[?25l[A[1Gpulling manifest [K
pulling 2bada8a74506:  79% ▕██████████████    ▏ 3.7 GB/4.7 GB  4.6 MB/s   3m27s[K[?25h[?2026l[?2026h[?25l[A[1Gpulling manifest [K
pulling 2bada8a74506:  79% ▕██████████████    ▏ 3.7 GB/4.7 GB  4.6 MB/s   3m27s[K[?25h[?2026l[?2026h[?25l[A[1Gpulling manifest [K
pulling 2bada8a74506:  79% ▕██████████████    ▏ 3.7 GB/4.7 GB  4.6 MB/s   3m27s[K[?25h[?2026l[?2026h[?25l[A[1Gpulling manifest [K
pulling 2bada8a74506:  79% ▕██████████████    ▏ 3.7 GB/4.7 GB  4.6 MB/s   3m27s[K[?25h[?2026l[?2026h[?25l[A[1Gpulling manifest [K
pulling 2bada8a74506:  79% ▕██████████████    ▏ 3.7 GB/4.7 GB  4.7 MB/s   3m26s[K[?25h[?2026l[?2026h[?25l[A[1Gpulling manifest [K
pulling 2bada8a74506:  79% ▕██████████████    ▏ 3.7 GB/4.7 GB  4.7 MB/s   3m26s[K[?25h[?2026l[?2026h[?25l[A[1Gpulling manifest [K
pulling 2bada8a74506:  79% ▕██████████████    ▏ 3.7 GB/4.7 GB  4.7 MB/s   3m26s[K[?25h[?2026l[?2026h[?25l[A[1Gpulling manifest [K
pulling 2bada8a74506:  79% ▕██████████████    ▏ 3.7 GB/4.7 GB  4.7 MB/s   3m26s[K[?25h[?2026l[?2026h[?25l[A[1Gpulling manifest [K
pulling 2bada8a74506:  79% ▕██████████████    ▏ 3.7 GB/4.7 GB  4.7 MB/s   3m26s[K[?25h[?2026l[?2026h[?25l[A[1Gpulling manifest [K
pulling 2bada8a74506:  79% ▕██████████████    ▏ 3.7 GB/4.7 GB  4.7 MB/s   3m26s[K[?25h[?2026l[?2026h[?25l[A[1Gpulling manifest [K
pulling 2bada8a74506:  79% ▕██████████████    ▏ 3.7 GB/4.7 GB  4.7 MB/s   3m26s[K[?25h[?2026l[?2026h[?25l[A[1Gpulling manifest [K
pulling 2bada8a74506:  79% ▕██████████████    ▏ 3.7 GB/4.7 GB  4.7 MB/s   3m26s[K[?25h[?2026l[?2026h[?25l[A[1Gpulling manifest [K
pulling 2bada8a74506:  79% ▕██████████████    ▏ 3.7 GB/4.7 GB  4.7 MB/s   3m26s[K[?25h[?2026l[?2026h[?25l[A[1Gpulling manifest [K
pulling 2bada8a74506:  79% ▕██████████████    ▏ 3.7 GB/4.7 GB  4.7 MB/s   3m26s[K[?25h[?2026l[?2026h[?25l[A[1Gpulling manifest [K
pulling 2bada8a74506:  79% ▕██████████████    ▏ 3.7 GB/4.7 GB  4.7 MB/s   3m24s[K[?25h[?2026l[?2026h[?25l[A[1Gpulling manifest [K
pulling 2bada8a74506:  80% ▕██████████████    ▏ 3.7 GB/4.7 GB  4.7 MB/s   3m24s[K[?25h[?2026l[?2026h[?25l[A[1Gpulling manifest [K
pulling 2bada8a74506:  80% ▕██████████████    ▏ 3.7 GB/4.7 GB  4.7 MB/s   3m24s[K[?25h[?2026l[?2026h[?25l[A[1Gpulling manifest [K
pulling 2bada8a74506:  80% ▕██████████████    ▏ 3.7 GB/4.7 GB  4.7 MB/s   3m24s[K[?25h[?2026l[?2026h[?25l[A[1Gpulling manifest [K
pulling 2bada8a74506:  80% ▕██████████████    ▏ 3.7 GB/4.7 GB  4.7 MB/s   3m24s[K[?25h[?2026l[?2026h[?25l[A[1Gpulling manifest [K
pulling 2bada8a74506:  80% ▕██████████████    ▏ 3.7 GB/4.7 GB  4.7 MB/s   3m24s[K[?25h[?2026l[?2026h[?25l[A[1Gpulling manifest [K
pulling 2bada8a74506:  80% ▕██████████████    ▏ 3.7 GB/4.7 GB  4.7 MB/s   3m24s[K[?25h[?2026l[?2026h[?25l[A[1Gpulling manifest [K
pulling 2bada8a74506:  80% ▕██████████████    ▏ 3.7 GB/4.7 GB  4.7 MB/s   3m24s[K[?25h[?2026l[?2026h[?25l[A[1Gpulling manifest [K
pulling 2bada8a74506:  80% ▕██████████████    ▏ 3.7 GB/4.7 GB  4.7 MB/s   3m23s[K[?25h[?2026l[?2026h[?25l[A[1Gpulling manifest [K
pulling 2bada8a74506:  80% ▕██████████████    ▏ 3.7 GB/4.7 GB  4.7 MB/s   3m23s[K[?25h[?2026l[?2026h[?25l[A[1Gpulling manifest [K
pulling 2bada8a74506:  80% ▕██████████████    ▏ 3.7 GB/4.7 GB  4.8 MB/s   3m20s[K[?25h[?2026l[?2026h[?25l[A[1Gpulling manifest [K
pulling 2bada8a74506:  80% ▕██████████████    ▏ 3.7 GB/4.7 GB  4.8 MB/s   3m20s[K[?25h[?2026l[?2026h[?25l[A[1Gpulling manifest [K
pulling 2bada8a74506:  80% ▕██████████████    ▏ 3.7 GB/4.7 GB  4.8 MB/s   3m20s[K[?25h[?2026l[?2026h[?25l[A[1Gpulling manifest [K
pulling 2bada8a74506:  80% ▕██████████████    ▏ 3.7 GB/4.7 GB  4.8 MB/s   3m20s[K[?25h[?2026l[?2026h[?25l[A[1Gpulling manifest [K
pulling 2bada8a74506:  80% ▕██████████████    ▏ 3.7 GB/4.7 GB  4.8 MB/s   3m20s[K[?25h[?2026l[?2026h[?25l[A[1Gpulling manifest [K
pulling 2bada8a74506:  80% ▕██████████████    ▏ 3.7 GB/4.7 GB  4.8 MB/s   3m20s[K[?25h[?2026l[?2026h[?25l[A[1Gpulling manifest [K
pulling 2bada8a74506:  80% ▕██████████████    ▏ 3.7 GB/4.7 GB  4.8 MB/s   3m19s[K[?25h[?2026l[?2026h[?25l[A[1Gpulling manifest [K
pulling 2bada8a74506:  80% ▕██████████████    ▏ 3.7 GB/4.7 GB  4.8 MB/s   3m19s[K[?25h[?2026l[?2026h[?25l[A[1Gpulling manifest [K
pulling 2bada8a74506:  80% ▕██████████████    ▏ 3.7 GB/4.7 GB  4.8 MB/s   3m19s[K[?25h[?2026l[?2026h[?25l[A[1Gpulling manifest [K
pulling 2bada8a74506:  80% ▕██████████████    ▏ 3.7 GB/4.7 GB  4.8 MB/s   3m19s[K[?25h[?2026l[?2026h[?25l[A[1Gpulling manifest [K
pulling 2bada8a74506:  80% ▕██████████████    ▏ 3.7 GB/4.7 GB  4.8 MB/s   3m17s[K[?25h[?2026l[?2026h[?25l[A[1Gpulling manifest [K
pulling 2bada8a74506:  80% ▕██████████████    ▏ 3.7 GB/4.7 GB  4.8 MB/s   3m17s[K[?25h[?2026l[?2026h[?25l[A[1Gpulling manifest [K
pulling 2bada8a74506:  80% ▕██████████████    ▏ 3.7 GB/4.7 GB  4.8 MB/s   3m17s[K[?25h[?2026l[?2026h[?25l[A[1Gpulling manifest [K
pulling 2bada8a74506:  80% ▕██████████████    ▏ 3.7 GB/4.7 GB  4.8 MB/s   3m17s[K[?25h[?2026l[?2026h[?25l[A[1Gpulling manifest [K
pulling 2bada8a74506:  80% ▕██████████████    ▏ 3.7 GB/4.7 GB  4.8 MB/s   3m17s[K[?25h[?2026l[?2026h[?25l[A[1Gpulling manifest [K
pulling 2bada8a74506:  80% ▕██████████████    ▏ 3.7 GB/4.7 GB  4.8 MB/s   3m16s[K[?25h[?2026l[?2026h[?25l[A[1Gpulling manifest [K
pulling 2bada8a74506:  80% ▕██████████████    ▏ 3.7 GB/4.7 GB  4.8 MB/s   3m16s[K[?25h[?2026l[?2026h[?25l[A[1Gpulling manifest [K
pulling 2bada8a74506:  80% ▕██████████████    ▏ 3.7 GB/4.7 GB  4.8 MB/s   3m16s[K[?25h[?2026l[?2026h[?25l[A[1Gpulling manifest [K
pulling 2bada8a74506:  80% ▕██████████████    ▏ 3.7 GB/4.7 GB  4.8 MB/s   3m16s[K[?25h[?2026l[?2026h[?25l[A[1Gpulling manifest [K
pulling 2bada8a74506:  80% ▕██████████████    ▏ 3.7 GB/4.7 GB  4.8 MB/s   3m16s[K[?25h[?2026l[?2026h[?25l[A[1Gpulling manifest [K
pulling 2bada8a74506:  80% ▕██████████████    ▏ 3.7 GB/4.7 GB  4.8 MB/s   3m16s[K[?25h[?2026l[?2026h[?25l[A[1Gpulling manifest [K
pulling 2bada8a74506:  80% ▕██████████████    ▏ 3.7 GB/4.7 GB  4.8 MB/s   3m14s[K[?25h[?2026l[?2026h[?25l[A[1Gpulling manifest [K
pulling 2bada8a74506:  80% ▕██████████████    ▏ 3.7 GB/4.7 GB  4.8 MB/s   3m14s[K[?25h[?2026l[?2026h[?25l[A[1Gpulling manifest [K
pulling 2bada8a74506:  80% ▕██████████████    ▏ 3.7 GB/4.7 GB  4.8 MB/s   3m14s[K[?25h[?2026l[?2026h[?25l[A[1Gpulling manifest [K
pulling 2bada8a74506:  80% ▕██████████████    ▏ 3.7 GB/4.7 GB  4.8 MB/s   3m14s[K[?25h[?2026l[?2026h[?25l[A[1Gpulling manifest [K
pulling 2bada8a74506:  80% ▕██████████████    ▏ 3.7 GB/4.7 GB  4.8 MB/s   3m14s[K[?25h[?2026l[?2026h[?25l[A[1Gpulling manifest [K
pulling 2bada8a74506:  80% ▕██████████████    ▏ 3.7 GB/4.7 GB  4.8 MB/s   3m14s[K[?25h[?2026l[?2026h[?25l[A[1Gpulling manifest [K
pulling 2bada8a74506:  80% ▕██████████████    ▏ 3.7 GB/4.7 GB  4.8 MB/s   3m14s[K[?25h[?2026l[?2026h[?25l[A[1Gpulling manifest [K
pulling 2bada8a74506:  80% ▕██████████████    ▏ 3.7 GB/4.7 GB  4.8 MB/s   3m14s[K[?25h[?2026l[?2026h[?25l[A[1Gpulling manifest [K
pulling 2bada8a74506:  80% ▕██████████████    ▏ 3.7 GB/4.7 GB  4.8 MB/s   3m14s[K[?25h[?2026l[?2026h[?25l[A[1Gpulling manifest [K
pulling 2bada8a74506:  80% ▕██████████████    ▏ 3.7 GB/4.7 GB  4.8 MB/s   3m13s[K[?25h[?2026l[?2026h[?25l[A[1Gpulling manifest [K
pulling 2bada8a74506:  80% ▕██████████████    ▏ 3.7 GB/4.7 GB  4.9 MB/s   3m12s[K[?25h[?2026l[?2026h[?25l[A[1Gpulling manifest [K
pulling 2bada8a74506:  80% ▕██████████████    ▏ 3.7 GB/4.7 GB  4.9 MB/s   3m12s[K[?25h[?2026l[?2026h[?25l[A[1Gpulling manifest [K
pulling 2bada8a74506:  80% ▕██████████████    ▏ 3.7 GB/4.7 GB  4.9 MB/s   3m12s[K[?25h[?2026l[?2026h[?25l[A[1Gpulling manifest [K
pulling 2bada8a74506:  80% ▕██████████████    ▏ 3.7 GB/4.7 GB  4.9 MB/s   3m12s[K[?25h[?2026l[?2026h[?25l[A[1Gpulling manifest [K
pulling 2bada8a74506:  80% ▕██████████████    ▏ 3.7 GB/4.7 GB  4.9 MB/s   3m11s[K[?25h[?2026l[?2026h[?25l[A[1Gpulling manifest [K
pulling 2bada8a74506:  80% ▕██████████████    ▏ 3.7 GB/4.7 GB  4.9 MB/s   3m11s[K[?25h[?2026l[?2026h[?25l[A[1Gpulling manifest [K
pulling 2bada8a74506:  80% ▕██████████████    ▏ 3.7 GB/4.7 GB  4.9 MB/s   3m11s[K[?25h[?2026l[?2026h[?25l[A[1Gpulling manifest [K
pulling 2bada8a74506:  80% ▕██████████████    ▏ 3.7 GB/4.7 GB  4.9 MB/s   3m11s[K[?25h[?2026l[?2026h[?25l[A[1Gpulling manifest [K
pulling 2bada8a74506:  80% ▕██████████████    ▏ 3.7 GB/4.7 GB  4.9 MB/s   3m11s[K[?25h[?2026l[?2026h[?25l[A[1Gpulling manifest [K
pulling 2bada8a74506:  80% ▕██████████████    ▏ 3.7 GB/4.7 GB  4.9 MB/s   3m11s[K[?25h[?2026l[?2026h[?25l[A[1Gpulling manifest [K
pulling 2bada8a74506:  80% ▕██████████████    ▏ 3.7 GB/4.7 GB  4.9 MB/s   3m10s[K[?25h[?2026l[?2026h[?25l[A[1Gpulling manifest [K
pulling 2bada8a74506:  80% ▕██████████████    ▏ 3.7 GB/4.7 GB  4.9 MB/s   3m10s[K[?25h[?2026l[?2026h[?25l[A[1Gpulling manifest [K
pulling 2bada8a74506:  80% ▕██████████████    ▏ 3.7 GB/4.7 GB  4.9 MB/s   3m10s[K[?25h[?2026l[?2026h[?25l[A[1Gpulling manifest [K
pulling 2bada8a74506:  80% ▕██████████████    ▏ 3.7 GB/4.7 GB  4.9 MB/s   3m10s[K[?25h[?2026l[?2026h[?25l[A[1Gpulling manifest [K
pulling 2bada8a74506:  80% ▕██████████████    ▏ 3.7 GB/4.7 GB  4.9 MB/s   3m10s[K[?25h[?2026l[?2026h[?25l[A[1Gpulling manifest [K
pulling 2bada8a74506:  80% ▕██████████████    ▏ 3.8 GB/4.7 GB  4.9 MB/s   3m10s[K[?25h[?2026l[?2026h[?25l[A[1Gpulling manifest [K
pulling 2bada8a74506:  80% ▕██████████████    ▏ 3.8 GB/4.7 GB  4.9 MB/s   3m10s[K[?25h[?2026l[?2026h[?25l[A[1Gpulling manifest [K
pulling 2bada8a74506:  80% ▕██████████████    ▏ 3.8 GB/4.7 GB  4.9 MB/s   3m10s[K[?25h[?2026l[?2026h[?25l[A[1Gpulling manifest [K
pulling 2bada8a74506:  80% ▕██████████████    ▏ 3.8 GB/4.7 GB  4.9 MB/s    3m9s[K[?25h[?2026l[?2026h[?25l[A[1Gpulling manifest [K
pulling 2bada8a74506:  80% ▕██████████████    ▏ 3.8 GB/4.7 GB  4.9 MB/s    3m9s[K[?25h[?2026l[?2026h[?25l[A[1Gpulling manifest [K
pulling 2bada8a74506:  80% ▕██████████████    ▏ 3.8 GB/4.7 GB  4.9 MB/s    3m8s[K[?25h[?2026l[?2026h[?25l[A[1Gpulling manifest [K
pulling 2bada8a74506:  80% ▕██████████████    ▏ 3.8 GB/4.7 GB  4.9 MB/s    3m8s[K[?25h[?2026l[?2026h[?25l[A[1Gpulling manifest [K
pulling 2bada8a74506:  80% ▕██████████████    ▏ 3.8 GB/4.7 GB  4.9 MB/s    3m8s[K[?25h[?2026l[?2026h[?25l[A[1Gpulling manifest [K
pulling 2bada8a74506:  80% ▕██████████████    ▏ 3.8 GB/4.7 GB  4.9 MB/s    3m8s[K[?25h[?2026l[?2026h[?25l[A[1Gpulling manifest [K
pulling 2bada8a74506:  80% ▕██████████████    ▏ 3.8 GB/4.7 GB  4.9 MB/s    3m8s[K[?25h[?2026l[?2026h[?25l[A[1Gpulling manifest [K
pulling 2bada8a74506:  80% ▕██████████████    ▏ 3.8 GB/4.7 GB  4.9 MB/s    3m8s[K[?25h[?2026l[?2026h[?25l[A[1Gpulling manifest [K
pulling 2bada8a74506:  80% ▕██████████████    ▏ 3.8 GB/4.7 GB  4.9 MB/s    3m8s[K[?25h[?2026l[?2026h[?25l[A[1Gpulling manifest [K
pulling 2bada8a74506:  80% ▕██████████████    ▏ 3.8 GB/4.7 GB  4.9 MB/s    3m8s[K[?25h[?2026l[?2026h[?25l[A[1Gpulling manifest [K
pulling 2bada8a74506:  80% ▕██████████████    ▏ 3.8 GB/4.7 GB  4.9 MB/s    3m8s[K[?25h[?2026l[?2026h[?25l[A[1Gpulling manifest [K
pulling 2bada8a74506:  80% ▕██████████████    ▏ 3.8 GB/4.7 GB  4.9 MB/s    3m7s[K[?25h[?2026l[?2026h[?25l[A[1Gpulling manifest [K
pulling 2bada8a74506:  80% ▕██████████████    ▏ 3.8 GB/4.7 GB  4.9 MB/s    3m8s[K[?25h[?2026l[?2026h[?25l[A[1Gpulling manifest [K
pulling 2bada8a74506:  80% ▕██████████████    ▏ 3.8 GB/4.7 GB  4.9 MB/s    3m8s[K[?25h[?2026l[?2026h[?25l[A[1Gpulling manifest [K
pulling 2bada8a74506:  80% ▕██████████████    ▏ 3.8 GB/4.7 GB  4.9 MB/s    3m8s[K[?25h[?2026l[?2026h[?25l[A[1Gpulling manifest [K
pulling 2bada8a74506:  80% ▕██████████████    ▏ 3.8 GB/4.7 GB  4.9 MB/s    3m7s[K[?25h[?2026l[?2026h[?25l[A[1Gpulling manifest [K
pulling 2bada8a74506:  80% ▕██████████████    ▏ 3.8 GB/4.7 GB  4.9 MB/s    3m7s[K[?25h[?2026l[?2026h[?25l[A[1Gpulling manifest [K
pulling 2bada8a74506:  80% ▕██████████████    ▏ 3.8 GB/4.7 GB  4.9 MB/s    3m7s[K[?25h[?2026l[?2026h[?25l[A[1Gpulling manifest [K
pulling 2bada8a74506:  80% ▕██████████████    ▏ 3.8 GB/4.7 GB  4.9 MB/s    3m7s[K[?25h[?2026l[?2026h[?25l[A[1Gpulling manifest [K
pulling 2bada8a74506:  80% ▕██████████████    ▏ 3.8 GB/4.7 GB  4.9 MB/s    3m7s[K[?25h[?2026l[?2026h[?25l[A[1Gpulling manifest [K
pulling 2bada8a74506:  80% ▕██████████████    ▏ 3.8 GB/4.7 GB  4.9 MB/s    3m7s[K[?25h[?2026l[?2026h[?25l[A[1Gpulling manifest [K
pulling 2bada8a74506:  80% ▕██████████████    ▏ 3.8 GB/4.7 GB  4.9 MB/s    3m7s[K[?25h[?2026l[?2026h[?25l[A[1Gpulling manifest [K
pulling 2bada8a74506:  80% ▕██████████████    ▏ 3.8 GB/4.7 GB  4.9 MB/s    3m7s[K[?25h[?2026l[?2026h[?25l[A[1Gpulling manifest [K
pulling 2bada8a74506:  80% ▕██████████████    ▏ 3.8 GB/4.7 GB  4.9 MB/s    3m7s[K[?25h[?2026l[?2026h[?25l[A[1Gpulling manifest [K
pulling 2bada8a74506:  80% ▕██████████████    ▏ 3.8 GB/4.7 GB  4.9 MB/s    3m7s[K[?25h[?2026l[?2026h[?25l[A[1Gpulling manifest [K
pulling 2bada8a74506:  80% ▕██████████████    ▏ 3.8 GB/4.7 GB  4.9 MB/s    3m7s[K[?25h[?2026l[?2026h[?25l[A[1Gpulling manifest [K
pulling 2bada8a74506:  80% ▕██████████████    ▏ 3.8 GB/4.7 GB  4.9 MB/s    3m7s[K[?25h[?2026l[?2026h[?25l[A[1Gpulling manifest [K
pulling 2bada8a74506:  80% ▕██████████████    ▏ 3.8 GB/4.7 GB  4.9 MB/s    3m6s[K[?25h[?2026l[?2026h[?25l[A[1Gpulling manifest [K
pulling 2bada8a74506:  80% ▕██████████████    ▏ 3.8 GB/4.7 GB  4.9 MB/s    3m6s[K[?25h[?2026l[?2026h[?25l[A[1Gpulling manifest [K
pulling 2bada8a74506:  80% ▕██████████████    ▏ 3.8 GB/4.7 GB  4.9 MB/s    3m6s[K[?25h[?2026l[?2026h[?25l[A[1Gpulling manifest [K
pulling 2bada8a74506:  80% ▕██████████████    ▏ 3.8 GB/4.7 GB  4.9 MB/s    3m6s[K[?25h[?2026l[?2026h[?25l[A[1Gpulling manifest [K
pulling 2bada8a74506:  80% ▕██████████████    ▏ 3.8 GB/4.7 GB  4.9 MB/s    3m6s[K[?25h[?2026l[?2026h[?25l[A[1Gpulling manifest [K
pulling 2bada8a74506:  80% ▕██████████████    ▏ 3.8 GB/4.7 GB  4.9 MB/s    3m6s[K[?25h[?2026l[?2026h[?25l[A[1Gpulling manifest [K
pulling 2bada8a74506:  80% ▕██████████████    ▏ 3.8 GB/4.7 GB  4.9 MB/s    3m5s[K[?25h[?2026l[?2026h[?25l[A[1Gpulling manifest [K
pulling 2bada8a74506:  80% ▕██████████████    ▏ 3.8 GB/4.7 GB  4.9 MB/s    3m5s[K[?25h[?2026l[?2026h[?25l[A[1Gpulling manifest [K
pulling 2bada8a74506:  80% ▕██████████████    ▏ 3.8 GB/4.7 GB  4.9 MB/s    3m5s[K[?25h[?2026l[?2026h[?25l[A[1Gpulling manifest [K
pulling 2bada8a74506:  80% ▕██████████████    ▏ 3.8 GB/4.7 GB  4.9 MB/s    3m5s[K[?25h[?2026l[?2026h[?25l[A[1Gpulling manifest [K
pulling 2bada8a74506:  80% ▕██████████████    ▏ 3.8 GB/4.7 GB  4.9 MB/s    3m5s[K[?25h[?2026l[?2026h[?25l[A[1Gpulling manifest [K
pulling 2bada8a74506:  81% ▕██████████████    ▏ 3.8 GB/4.7 GB  4.9 MB/s    3m5s[K[?25h[?2026l[?2026h[?25l[A[1Gpulling manifest [K
pulling 2bada8a74506:  81% ▕██████████████    ▏ 3.8 GB/4.7 GB  4.9 MB/s    3m4s[K[?25h[?2026l[?2026h[?25l[A[1Gpulling manifest [K
pulling 2bada8a74506:  81% ▕██████████████    ▏ 3.8 GB/4.7 GB  4.9 MB/s    3m4s[K[?25h[?2026l[?2026h[?25l[A[1Gpulling manifest [K
pulling 2bada8a74506:  81% ▕██████████████    ▏ 3.8 GB/4.7 GB  4.9 MB/s    3m4s[K[?25h[?2026l[?2026h[?25l[A[1Gpulling manifest [K
pulling 2bada8a74506:  81% ▕██████████████    ▏ 3.8 GB/4.7 GB  4.9 MB/s    3m4s[K[?25h[?2026l[?2026h[?25l[A[1Gpulling manifest [K
pulling 2bada8a74506:  81% ▕██████████████    ▏ 3.8 GB/4.7 GB  4.9 MB/s    3m5s[K[?25h[?2026l[?2026h[?25l[A[1Gpulling manifest [K
pulling 2bada8a74506:  81% ▕██████████████    ▏ 3.8 GB/4.7 GB  4.9 MB/s    3m5s[K[?25h[?2026l[?2026h[?25l[A[1Gpulling manifest [K
pulling 2bada8a74506:  81% ▕██████████████    ▏ 3.8 GB/4.7 GB  4.9 MB/s    3m5s[K[?25h[?2026l[?2026h[?25l[A[1Gpulling manifest [K
pulling 2bada8a74506:  81% ▕██████████████    ▏ 3.8 GB/4.7 GB  4.9 MB/s    3m5s[K[?25h[?2026l[?2026h[?25l[A[1Gpulling manifest [K
pulling 2bada8a74506:  81% ▕██████████████    ▏ 3.8 GB/4.7 GB  4.9 MB/s    3m4s[K[?25h[?2026l[?2026h[?25l[A[1Gpulling manifest [K
pulling 2bada8a74506:  81% ▕██████████████    ▏ 3.8 GB/4.7 GB  4.9 MB/s    3m4s[K[?25h[?2026l[?2026h[?25l[A[1Gpulling manifest [K
pulling 2bada8a74506:  81% ▕██████████████    ▏ 3.8 GB/4.7 GB  4.9 MB/s    3m4s[K[?25h[?2026l[?2026h[?25l[A[1Gpulling manifest [K
pulling 2bada8a74506:  81% ▕██████████████    ▏ 3.8 GB/4.7 GB  4.9 MB/s    3m4s[K[?25h[?2026l[?2026h[?25l[A[1Gpulling manifest [K
pulling 2bada8a74506:  81% ▕██████████████    ▏ 3.8 GB/4.7 GB  4.9 MB/s    3m4s[K[?25h[?2026l[?2026h[?25l[A[1Gpulling manifest [K
pulling 2bada8a74506:  81% ▕██████████████    ▏ 3.8 GB/4.7 GB  4.9 MB/s    3m4s[K[?25h[?2026l[?2026h[?25l[A[1Gpulling manifest [K
pulling 2bada8a74506:  81% ▕██████████████    ▏ 3.8 GB/4.7 GB  4.9 MB/s    3m4s[K[?25h[?2026l[?2026h[?25l[A[1Gpulling manifest [K
pulling 2bada8a74506:  81% ▕██████████████    ▏ 3.8 GB/4.7 GB  4.9 MB/s    3m4s[K[?25h[?2026l[?2026h[?25l[A[1Gpulling manifest [K
pulling 2bada8a74506:  81% ▕██████████████    ▏ 3.8 GB/4.7 GB  4.9 MB/s    3m4s[K[?25h[?2026l[?2026h[?25l[A[1Gpulling manifest [K
pulling 2bada8a74506:  81% ▕██████████████    ▏ 3.8 GB/4.7 GB  4.9 MB/s    3m4s[K[?25h[?2026l[?2026h[?25l[A[1Gpulling manifest [K
pulling 2bada8a74506:  81% ▕██████████████    ▏ 3.8 GB/4.7 GB  4.9 MB/s    3m4s[K[?25h[?2026l[?2026h[?25l[A[1Gpulling manifest [K
pulling 2bada8a74506:  81% ▕██████████████    ▏ 3.8 GB/4.7 GB  4.9 MB/s    3m4s[K[?25h[?2026l[?2026h[?25l[A[1Gpulling manifest [K
pulling 2bada8a74506:  81% ▕██████████████    ▏ 3.8 GB/4.7 GB  4.9 MB/s    3m4s[K[?25h[?2026l[?2026h[?25l[A[1Gpulling manifest [K
pulling 2bada8a74506:  81% ▕██████████████    ▏ 3.8 GB/4.7 GB  4.9 MB/s    3m4s[K[?25h[?2026l[?2026h[?25l[A[1Gpulling manifest [K
pulling 2bada8a74506:  81% ▕██████████████    ▏ 3.8 GB/4.7 GB  4.9 MB/s    3m3s[K[?25h[?2026l[?2026h[?25l[A[1Gpulling manifest [K
pulling 2bada8a74506:  81% ▕██████████████    ▏ 3.8 GB/4.7 GB  4.9 MB/s    3m3s[K[?25h[?2026l[?2026h[?25l[A[1Gpulling manifest [K
pulling 2bada8a74506:  81% ▕██████████████    ▏ 3.8 GB/4.7 GB  4.9 MB/s    3m3s[K[?25h[?2026l[?2026h[?25l[A[1Gpulling manifest [K
pulling 2bada8a74506:  81% ▕██████████████    ▏ 3.8 GB/4.7 GB  4.9 MB/s    3m3s[K[?25h[?2026l[?2026h[?25l[A[1Gpulling manifest [K
pulling 2bada8a74506:  81% ▕██████████████    ▏ 3.8 GB/4.7 GB  4.9 MB/s    3m3s[K[?25h[?2026l[?2026h[?25l[A[1Gpulling manifest [K
pulling 2bada8a74506:  81% ▕██████████████    ▏ 3.8 GB/4.7 GB  4.9 MB/s    3m2s[K[?25h[?2026l[?2026h[?25l[A[1Gpulling manifest [K
pulling 2bada8a74506:  81% ▕██████████████    ▏ 3.8 GB/4.7 GB  4.9 MB/s    3m2s[K[?25h[?2026l[?2026h[?25l[A[1Gpulling manifest [K
pulling 2bada8a74506:  81% ▕██████████████    ▏ 3.8 GB/4.7 GB  4.9 MB/s    3m2s[K[?25h[?2026l[?2026h[?25l[A[1Gpulling manifest [K
pulling 2bada8a74506:  81% ▕██████████████    ▏ 3.8 GB/4.7 GB  4.9 MB/s    3m2s[K[?25h[?2026l[?2026h[?25l[A[1Gpulling manifest [K
pulling 2bada8a74506:  81% ▕██████████████    ▏ 3.8 GB/4.7 GB  4.9 MB/s    3m2s[K[?25h[?2026l[?2026h[?25l[A[1Gpulling manifest [K
pulling 2bada8a74506:  81% ▕██████████████    ▏ 3.8 GB/4.7 GB  4.9 MB/s    3m2s[K[?25h[?2026l[?2026h[?25l[A[1Gpulling manifest [K
pulling 2bada8a74506:  81% ▕██████████████    ▏ 3.8 GB/4.7 GB  4.9 MB/s    3m2s[K[?25h[?2026l[?2026h[?25l[A[1Gpulling manifest [K
pulling 2bada8a74506:  81% ▕██████████████    ▏ 3.8 GB/4.7 GB  4.9 MB/s    3m2s[K[?25h[?2026l[?2026h[?25l[A[1Gpulling manifest [K
pulling 2bada8a74506:  81% ▕██████████████    ▏ 3.8 GB/4.7 GB  4.9 MB/s    3m3s[K[?25h[?2026l[?2026h[?25l[A[1Gpulling manifest [K
pulling 2bada8a74506:  81% ▕██████████████    ▏ 3.8 GB/4.7 GB  4.9 MB/s    3m3s[K[?25h[?2026l[?2026h[?25l[A[1Gpulling manifest [K
pulling 2bada8a74506:  81% ▕██████████████    ▏ 3.8 GB/4.7 GB  4.9 MB/s    3m3s[K[?25h[?2026l[?2026h[?25l[A[1Gpulling manifest [K
pulling 2bada8a74506:  81% ▕██████████████    ▏ 3.8 GB/4.7 GB  4.9 MB/s    3m3s[K[?25h[?2026l[?2026h[?25l[A[1Gpulling manifest [K
pulling 2bada8a74506:  81% ▕██████████████    ▏ 3.8 GB/4.7 GB  4.9 MB/s    3m3s[K[?25h[?2026l[?2026h[?25l[A[1Gpulling manifest [K
pulling 2bada8a74506:  81% ▕██████████████    ▏ 3.8 GB/4.7 GB  4.9 MB/s    3m3s[K[?25h[?2026l[?2026h[?25l[A[1Gpulling manifest [K
pulling 2bada8a74506:  81% ▕██████████████    ▏ 3.8 GB/4.7 GB  4.9 MB/s    3m3s[K[?25h[?2026l[?2026h[?25l[A[1Gpulling manifest [K
pulling 2bada8a74506:  81% ▕██████████████    ▏ 3.8 GB/4.7 GB  4.9 MB/s    3m3s[K[?25h[?2026l[?2026h[?25l[A[1Gpulling manifest [K
pulling 2bada8a74506:  81% ▕██████████████    ▏ 3.8 GB/4.7 GB  4.9 MB/s    3m3s[K[?25h[?2026l[?2026h[?25l[A[1Gpulling manifest [K
pulling 2bada8a74506:  81% ▕██████████████    ▏ 3.8 GB/4.7 GB  4.9 MB/s    3m2s[K[?25h[?2026l[?2026h[?25l[A[1Gpulling manifest [K
pulling 2bada8a74506:  81% ▕██████████████    ▏ 3.8 GB/4.7 GB  4.9 MB/s    3m3s[K[?25h[?2026l[?2026h[?25l[A[1Gpulling manifest [K
pulling 2bada8a74506:  81% ▕██████████████    ▏ 3.8 GB/4.7 GB  4.9 MB/s    3m3s[K[?25h[?2026l[?2026h[?25l[A[1Gpulling manifest [K
pulling 2bada8a74506:  81% ▕██████████████    ▏ 3.8 GB/4.7 GB  4.9 MB/s    3m3s[K[?25h[?2026l[?2026h[?25l[A[1Gpulling manifest [K
pulling 2bada8a74506:  81% ▕██████████████    ▏ 3.8 GB/4.7 GB  4.9 MB/s    3m3s[K[?25h[?2026l[?2026h[?25l[A[1Gpulling manifest [K
pulling 2bada8a74506:  81% ▕██████████████    ▏ 3.8 GB/4.7 GB  4.9 MB/s    3m3s[K[?25h[?2026l[?2026h[?25l[A[1Gpulling manifest [K
pulling 2bada8a74506:  81% ▕██████████████    ▏ 3.8 GB/4.7 GB  4.9 MB/s    3m3s[K[?25h[?2026l[?2026h[?25l[A[1Gpulling manifest [K
pulling 2bada8a74506:  81% ▕██████████████    ▏ 3.8 GB/4.7 GB  4.9 MB/s    3m3s[K[?25h[?2026l[?2026h[?25l[A[1Gpulling manifest [K
pulling 2bada8a74506:  81% ▕██████████████    ▏ 3.8 GB/4.7 GB  4.9 MB/s    3m3s[K[?25h[?2026l[?2026h[?25l[A[1Gpulling manifest [K
pulling 2bada8a74506:  81% ▕██████████████    ▏ 3.8 GB/4.7 GB  4.9 MB/s    3m2s[K[?25h[?2026l[?2026h[?25l[A[1Gpulling manifest [K
pulling 2bada8a74506:  81% ▕██████████████    ▏ 3.8 GB/4.7 GB  4.9 MB/s    3m2s[K[?25h[?2026l[?2026h[?25l[A[1Gpulling manifest [K
pulling 2bada8a74506:  81% ▕██████████████    ▏ 3.8 GB/4.7 GB  4.8 MB/s    3m3s[K[?25h[?2026l[?2026h[?25l[A[1Gpulling manifest [K
pulling 2bada8a74506:  81% ▕██████████████    ▏ 3.8 GB/4.7 GB  4.8 MB/s    3m3s[K[?25h[?2026l[?2026h[?25l[A[1Gpulling manifest [K
pulling 2bada8a74506:  81% ▕██████████████    ▏ 3.8 GB/4.7 GB  4.8 MB/s    3m3s[K[?25h[?2026l[?2026h[?25l[A[1Gpulling manifest [K
pulling 2bada8a74506:  81% ▕██████████████    ▏ 3.8 GB/4.7 GB  4.8 MB/s    3m3s[K[?25h[?2026l[?2026h[?25l[A[1Gpulling manifest [K
pulling 2bada8a74506:  81% ▕██████████████    ▏ 3.8 GB/4.7 GB  4.8 MB/s    3m3s[K[?25h[?2026l[?2026h[?25l[A[1Gpulling manifest [K
pulling 2bada8a74506:  81% ▕██████████████    ▏ 3.8 GB/4.7 GB  4.8 MB/s    3m3s[K[?25h[?2026l[?2026h[?25l[A[1Gpulling manifest [K
pulling 2bada8a74506:  81% ▕██████████████    ▏ 3.8 GB/4.7 GB  4.8 MB/s    3m3s[K[?25h[?2026l[?2026h[?25l[A[1Gpulling manifest [K
pulling 2bada8a74506:  81% ▕██████████████    ▏ 3.8 GB/4.7 GB  4.8 MB/s    3m3s[K[?25h[?2026l[?2026h[?25l[A[1Gpulling manifest [K
pulling 2bada8a74506:  81% ▕██████████████    ▏ 3.8 GB/4.7 GB  4.8 MB/s    3m2s[K[?25h[?2026l[?2026h[?25l[A[1Gpulling manifest [K
pulling 2bada8a74506:  81% ▕██████████████    ▏ 3.8 GB/4.7 GB  4.8 MB/s    3m2s[K[?25h[?2026l[?2026h[?25l[A[1Gpulling manifest [K
pulling 2bada8a74506:  81% ▕██████████████    ▏ 3.8 GB/4.7 GB  4.8 MB/s    3m2s[K[?25h[?2026l[?2026h[?25l[A[1Gpulling manifest [K
pulling 2bada8a74506:  81% ▕██████████████    ▏ 3.8 GB/4.7 GB  4.8 MB/s    3m2s[K[?25h[?2026l[?2026h[?25l[A[1Gpulling manifest [K
pulling 2bada8a74506:  81% ▕██████████████    ▏ 3.8 GB/4.7 GB  4.8 MB/s    3m2s[K[?25h[?2026l[?2026h[?25l[A[1Gpulling manifest [K
pulling 2bada8a74506:  81% ▕██████████████    ▏ 3.8 GB/4.7 GB  4.8 MB/s    3m2s[K[?25h[?2026l[?2026h[?25l[A[1Gpulling manifest [K
pulling 2bada8a74506:  81% ▕██████████████    ▏ 3.8 GB/4.7 GB  4.8 MB/s    3m2s[K[?25h[?2026l[?2026h[?25l[A[1Gpulling manifest [K
pulling 2bada8a74506:  81% ▕██████████████    ▏ 3.8 GB/4.7 GB  4.8 MB/s    3m2s[K[?25h[?2026l[?2026h[?25l[A[1Gpulling manifest [K
pulling 2bada8a74506:  81% ▕██████████████    ▏ 3.8 GB/4.7 GB  4.8 MB/s    3m2s[K[?25h[?2026l[?2026h[?25l[A[1Gpulling manifest [K
pulling 2bada8a74506:  81% ▕██████████████    ▏ 3.8 GB/4.7 GB  4.8 MB/s    3m2s[K[?25h[?2026l[?2026h[?25l[A[1Gpulling manifest [K
pulling 2bada8a74506:  81% ▕██████████████    ▏ 3.8 GB/4.7 GB  4.8 MB/s    3m2s[K[?25h[?2026l[?2026h[?25l[A[1Gpulling manifest [K
pulling 2bada8a74506:  81% ▕██████████████    ▏ 3.8 GB/4.7 GB  4.8 MB/s    3m2s[K[?25h[?2026l[?2026h[?25l[A[1Gpulling manifest [K
pulling 2bada8a74506:  81% ▕██████████████    ▏ 3.8 GB/4.7 GB  4.8 MB/s    3m2s[K[?25h[?2026l[?2026h[?25l[A[1Gpulling manifest [K
pulling 2bada8a74506:  81% ▕██████████████    ▏ 3.8 GB/4.7 GB  4.8 MB/s    3m2s[K[?25h[?2026l[?2026h[?25l[A[1Gpulling manifest [K
pulling 2bada8a74506:  81% ▕██████████████    ▏ 3.8 GB/4.7 GB  4.8 MB/s    3m2s[K[?25h[?2026l[?2026h[?25l[A[1Gpulling manifest [K
pulling 2bada8a74506:  81% ▕██████████████    ▏ 3.8 GB/4.7 GB  4.8 MB/s    3m2s[K[?25h[?2026l[?2026h[?25l[A[1Gpulling manifest [K
pulling 2bada8a74506:  81% ▕██████████████    ▏ 3.8 GB/4.7 GB  4.8 MB/s    3m2s[K[?25h[?2026l[?2026h[?25l[A[1Gpulling manifest [K
pulling 2bada8a74506:  81% ▕██████████████    ▏ 3.8 GB/4.7 GB  4.8 MB/s    3m2s[K[?25h[?2026l[?2026h[?25l[A[1Gpulling manifest [K
pulling 2bada8a74506:  81% ▕██████████████    ▏ 3.8 GB/4.7 GB  4.8 MB/s    3m2s[K[?25h[?2026l[?2026h[?25l[A[1Gpulling manifest [K
pulling 2bada8a74506:  81% ▕██████████████    ▏ 3.8 GB/4.7 GB  4.8 MB/s    3m2s[K[?25h[?2026l[?2026h[?25l[A[1Gpulling manifest [K
pulling 2bada8a74506:  81% ▕██████████████    ▏ 3.8 GB/4.7 GB  4.8 MB/s    3m2s[K[?25h[?2026l[?2026h[?25l[A[1Gpulling manifest [K
pulling 2bada8a74506:  81% ▕██████████████    ▏ 3.8 GB/4.7 GB  4.8 MB/s    3m1s[K[?25h[?2026l[?2026h[?25l[A[1Gpulling manifest [K
pulling 2bada8a74506:  81% ▕██████████████    ▏ 3.8 GB/4.7 GB  4.8 MB/s    3m1s[K[?25h[?2026l[?2026h[?25l[A[1Gpulling manifest [K
pulling 2bada8a74506:  81% ▕██████████████    ▏ 3.8 GB/4.7 GB  4.8 MB/s    3m3s[K[?25h[?2026l[?2026h[?25l[A[1Gpulling manifest [K
pulling 2bada8a74506:  81% ▕██████████████    ▏ 3.8 GB/4.7 GB  4.8 MB/s    3m3s[K[?25h[?2026l[?2026h[?25l[A[1Gpulling manifest [K
pulling 2bada8a74506:  81% ▕██████████████    ▏ 3.8 GB/4.7 GB  4.8 MB/s    3m3s[K[?25h[?2026l[?2026h[?25l[A[1Gpulling manifest [K
pulling 2bada8a74506:  81% ▕██████████████    ▏ 3.8 GB/4.7 GB  4.8 MB/s    3m3s[K[?25h[?2026l[?2026h[?25l[A[1Gpulling manifest [K
pulling 2bada8a74506:  81% ▕██████████████    ▏ 3.8 GB/4.7 GB  4.8 MB/s    3m2s[K[?25h[?2026l[?2026h[?25l[A[1Gpulling manifest [K
pulling 2bada8a74506:  81% ▕██████████████    ▏ 3.8 GB/4.7 GB  4.8 MB/s    3m2s[K[?25h[?2026l[?2026h[?25l[A[1Gpulling manifest [K
pulling 2bada8a74506:  81% ▕██████████████    ▏ 3.8 GB/4.7 GB  4.8 MB/s    3m2s[K[?25h[?2026l[?2026h[?25l[A[1Gpulling manifest [K
pulling 2bada8a74506:  81% ▕██████████████    ▏ 3.8 GB/4.7 GB  4.8 MB/s    3m2s[K[?25h[?2026l[?2026h[?25l[A[1Gpulling manifest [K
pulling 2bada8a74506:  81% ▕██████████████    ▏ 3.8 GB/4.7 GB  4.8 MB/s    3m2s[K[?25h[?2026l[?2026h[?25l[A[1Gpulling manifest [K
pulling 2bada8a74506:  81% ▕██████████████    ▏ 3.8 GB/4.7 GB  4.8 MB/s    3m2s[K[?25h[?2026l[?2026h[?25l[A[1Gpulling manifest [K
pulling 2bada8a74506:  81% ▕██████████████    ▏ 3.8 GB/4.7 GB  4.8 MB/s    3m2s[K[?25h[?2026l[?2026h[?25l[A[1Gpulling manifest [K
pulling 2bada8a74506:  81% ▕██████████████    ▏ 3.8 GB/4.7 GB  4.8 MB/s    3m2s[K[?25h[?2026l[?2026h[?25l[A[1Gpulling manifest [K
pulling 2bada8a74506:  81% ▕██████████████    ▏ 3.8 GB/4.7 GB  4.8 MB/s    3m2s[K[?25h[?2026l[?2026h[?25l[A[1Gpulling manifest [K
pulling 2bada8a74506:  81% ▕██████████████    ▏ 3.8 GB/4.7 GB  4.8 MB/s    3m2s[K[?25h[?2026l[?2026h[?25l[A[1Gpulling manifest [K
pulling 2bada8a74506:  82% ▕██████████████    ▏ 3.8 GB/4.7 GB  4.8 MB/s    3m2s[K[?25h[?2026l[?2026h[?25l[A[1Gpulling manifest [K
pulling 2bada8a74506:  82% ▕██████████████    ▏ 3.8 GB/4.7 GB  4.8 MB/s    3m1s[K[?25h[?2026l[?2026h[?25l[A[1Gpulling manifest [K
pulling 2bada8a74506:  82% ▕██████████████    ▏ 3.8 GB/4.7 GB  4.8 MB/s    3m1s[K[?25h[?2026l[?2026h[?25l[A[1Gpulling manifest [K
pulling 2bada8a74506:  82% ▕██████████████    ▏ 3.8 GB/4.7 GB  4.8 MB/s    3m1s[K[?25h[?2026l[?2026h[?25l[A[1Gpulling manifest [K
pulling 2bada8a74506:  82% ▕██████████████    ▏ 3.8 GB/4.7 GB  4.8 MB/s    3m1s[K[?25h[?2026l[?2026h[?25l[A[1Gpulling manifest [K
pulling 2bada8a74506:  82% ▕██████████████    ▏ 3.8 GB/4.7 GB  4.8 MB/s    3m1s[K[?25h[?2026l[?2026h[?25l[A[1Gpulling manifest [K
pulling 2bada8a74506:  82% ▕██████████████    ▏ 3.8 GB/4.7 GB  4.7 MB/s    3m2s[K[?25h[?2026l[?2026h[?25l[A[1Gpulling manifest [K
pulling 2bada8a74506:  82% ▕██████████████    ▏ 3.8 GB/4.7 GB  4.7 MB/s    3m2s[K[?25h[?2026l[?2026h[?25l[A[1Gpulling manifest [K
pulling 2bada8a74506:  82% ▕██████████████    ▏ 3.8 GB/4.7 GB  4.7 MB/s    3m2s[K[?25h[?2026l[?2026h[?25l[A[1Gpulling manifest [K
pulling 2bada8a74506:  82% ▕██████████████    ▏ 3.8 GB/4.7 GB  4.7 MB/s    3m2s[K[?25h[?2026l[?2026h[?25l[A[1Gpulling manifest [K
pulling 2bada8a74506:  82% ▕██████████████    ▏ 3.8 GB/4.7 GB  4.7 MB/s    3m2s[K[?25h[?2026l[?2026h[?25l[A[1Gpulling manifest [K
pulling 2bada8a74506:  82% ▕██████████████    ▏ 3.8 GB/4.7 GB  4.7 MB/s    3m2s[K[?25h[?2026l[?2026h[?25l[A[1Gpulling manifest [K
pulling 2bada8a74506:  82% ▕██████████████    ▏ 3.8 GB/4.7 GB  4.7 MB/s    3m2s[K[?25h[?2026l[?2026h[?25l[A[1Gpulling manifest [K
pulling 2bada8a74506:  82% ▕██████████████    ▏ 3.8 GB/4.7 GB  4.7 MB/s    3m1s[K[?25h[?2026l[?2026h[?25l[A[1Gpulling manifest [K
pulling 2bada8a74506:  82% ▕██████████████    ▏ 3.8 GB/4.7 GB  4.7 MB/s    3m1s[K[?25h[?2026l[?2026h[?25l[A[1Gpulling manifest [K
pulling 2bada8a74506:  82% ▕██████████████    ▏ 3.8 GB/4.7 GB  4.7 MB/s    3m1s[K[?25h[?2026l[?2026h[?25l[A[1Gpulling manifest [K
pulling 2bada8a74506:  82% ▕██████████████    ▏ 3.8 GB/4.7 GB  4.7 MB/s    3m2s[K[?25h[?2026l[?2026h[?25l[A[1Gpulling manifest [K
pulling 2bada8a74506:  82% ▕██████████████    ▏ 3.8 GB/4.7 GB  4.7 MB/s    3m2s[K[?25h[?2026l[?2026h[?25l[A[1Gpulling manifest [K
pulling 2bada8a74506:  82% ▕██████████████    ▏ 3.8 GB/4.7 GB  4.7 MB/s    3m2s[K[?25h[?2026l[?2026h[?25l[A[1Gpulling manifest [K
pulling 2bada8a74506:  82% ▕██████████████    ▏ 3.8 GB/4.7 GB  4.7 MB/s    3m2s[K[?25h[?2026l[?2026h[?25l[A[1Gpulling manifest [K
pulling 2bada8a74506:  82% ▕██████████████    ▏ 3.8 GB/4.7 GB  4.7 MB/s    3m2s[K[?25h[?2026l[?2026h[?25l[A[1Gpulling manifest [K
pulling 2bada8a74506:  82% ▕██████████████    ▏ 3.8 GB/4.7 GB  4.7 MB/s    3m2s[K[?25h[?2026l[?2026h[?25l[A[1Gpulling manifest [K
pulling 2bada8a74506:  82% ▕██████████████    ▏ 3.8 GB/4.7 GB  4.7 MB/s    3m2s[K[?25h[?2026l[?2026h[?25l[A[1Gpulling manifest [K
pulling 2bada8a74506:  82% ▕██████████████    ▏ 3.8 GB/4.7 GB  4.7 MB/s    3m2s[K[?25h[?2026l[?2026h[?25l[A[1Gpulling manifest [K
pulling 2bada8a74506:  82% ▕██████████████    ▏ 3.8 GB/4.7 GB  4.7 MB/s    3m2s[K[?25h[?2026l[?2026h[?25l[A[1Gpulling manifest [K
pulling 2bada8a74506:  82% ▕██████████████    ▏ 3.8 GB/4.7 GB  4.7 MB/s    3m2s[K[?25h[?2026l[?2026h[?25l[A[1Gpulling manifest [K
pulling 2bada8a74506:  82% ▕██████████████    ▏ 3.8 GB/4.7 GB  4.7 MB/s    3m1s[K[?25h[?2026l[?2026h[?25l[A[1Gpulling manifest [K
pulling 2bada8a74506:  82% ▕██████████████    ▏ 3.8 GB/4.7 GB  4.7 MB/s    3m1s[K[?25h[?2026l[?2026h[?25l[A[1Gpulling manifest [K
pulling 2bada8a74506:  82% ▕██████████████    ▏ 3.8 GB/4.7 GB  4.7 MB/s    3m0s[K[?25h[?2026l[?2026h[?25l[A[1Gpulling manifest [K
pulling 2bada8a74506:  82% ▕██████████████    ▏ 3.8 GB/4.7 GB  4.7 MB/s    3m0s[K[?25h[?2026l[?2026h[?25l[A[1Gpulling manifest [K
pulling 2bada8a74506:  82% ▕██████████████    ▏ 3.8 GB/4.7 GB  4.7 MB/s    3m0s[K[?25h[?2026l[?2026h[?25l[A[1Gpulling manifest [K
pulling 2bada8a74506:  82% ▕██████████████    ▏ 3.8 GB/4.7 GB  4.7 MB/s    3m0s[K[?25h[?2026l[?2026h[?25l[A[1Gpulling manifest [K
pulling 2bada8a74506:  82% ▕██████████████    ▏ 3.8 GB/4.7 GB  4.7 MB/s    3m0s[K[?25h[?2026l[?2026h[?25l[A[1Gpulling manifest [K
pulling 2bada8a74506:  82% ▕██████████████    ▏ 3.8 GB/4.7 GB  4.7 MB/s    3m0s[K[?25h[?2026l[?2026h[?25l[A[1Gpulling manifest [K
pulling 2bada8a74506:  82% ▕██████████████    ▏ 3.8 GB/4.7 GB  4.7 MB/s    3m0s[K[?25h[?2026l[?2026h[?25l[A[1Gpulling manifest [K
pulling 2bada8a74506:  82% ▕██████████████    ▏ 3.8 GB/4.7 GB  4.7 MB/s    3m0s[K[?25h[?2026l[?2026h[?25l[A[1Gpulling manifest [K
pulling 2bada8a74506:  82% ▕██████████████    ▏ 3.8 GB/4.7 GB  4.7 MB/s    3m0s[K[?25h[?2026l[?2026h[?25l[A[1Gpulling manifest [K
pulling 2bada8a74506:  82% ▕██████████████    ▏ 3.8 GB/4.7 GB  4.8 MB/s   2m58s[K[?25h[?2026l[?2026h[?25l[A[1Gpulling manifest [K
pulling 2bada8a74506:  82% ▕██████████████    ▏ 3.8 GB/4.7 GB  4.8 MB/s   2m58s[K[?25h[?2026l[?2026h[?25l[A[1Gpulling manifest [K
pulling 2bada8a74506:  82% ▕██████████████    ▏ 3.8 GB/4.7 GB  4.8 MB/s   2m57s[K[?25h[?2026l[?2026h[?25l[A[1Gpulling manifest [K
pulling 2bada8a74506:  82% ▕██████████████    ▏ 3.8 GB/4.7 GB  4.8 MB/s   2m57s[K[?25h[?2026l[?2026h[?25l[A[1Gpulling manifest [K
pulling 2bada8a74506:  82% ▕██████████████    ▏ 3.8 GB/4.7 GB  4.8 MB/s   2m57s[K[?25h[?2026l[?2026h[?25l[A[1Gpulling manifest [K
pulling 2bada8a74506:  82% ▕██████████████    ▏ 3.8 GB/4.7 GB  4.8 MB/s   2m57s[K[?25h[?2026l[?2026h[?25l[A[1Gpulling manifest [K
pulling 2bada8a74506:  82% ▕██████████████    ▏ 3.8 GB/4.7 GB  4.8 MB/s   2m57s[K[?25h[?2026l[?2026h[?25l[A[1Gpulling manifest [K
pulling 2bada8a74506:  82% ▕██████████████    ▏ 3.8 GB/4.7 GB  4.8 MB/s   2m57s[K[?25h[?2026l[?2026h[?25l[A[1Gpulling manifest [K
pulling 2bada8a74506:  82% ▕██████████████    ▏ 3.8 GB/4.7 GB  4.8 MB/s   2m57s[K[?25h[?2026l[?2026h[?25l[A[1Gpulling manifest [K
pulling 2bada8a74506:  82% ▕██████████████    ▏ 3.8 GB/4.7 GB  4.8 MB/s   2m57s[K[?25h[?2026l[?2026h[?25l[A[1Gpulling manifest [K
pulling 2bada8a74506:  82% ▕██████████████    ▏ 3.8 GB/4.7 GB  4.8 MB/s   2m55s[K[?25h[?2026l[?2026h[?25l[A[1Gpulling manifest [K
pulling 2bada8a74506:  82% ▕██████████████    ▏ 3.8 GB/4.7 GB  4.8 MB/s   2m55s[K[?25h[?2026l[?2026h[?25l[A[1Gpulling manifest [K
pulling 2bada8a74506:  82% ▕██████████████    ▏ 3.8 GB/4.7 GB  4.8 MB/s   2m55s[K[?25h[?2026l[?2026h[?25l[A[1Gpulling manifest [K
pulling 2bada8a74506:  82% ▕██████████████    ▏ 3.8 GB/4.7 GB  4.8 MB/s   2m55s[K[?25h[?2026l[?2026h[?25l[A[1Gpulling manifest [K
pulling 2bada8a74506:  82% ▕██████████████    ▏ 3.8 GB/4.7 GB  4.8 MB/s   2m55s[K[?25h[?2026l[?2026h[?25l[A[1Gpulling manifest [K
pulling 2bada8a74506:  82% ▕██████████████    ▏ 3.8 GB/4.7 GB  4.8 MB/s   2m55s[K[?25h[?2026l[?2026h[?25l[A[1Gpulling manifest [K
pulling 2bada8a74506:  82% ▕██████████████    ▏ 3.8 GB/4.7 GB  4.8 MB/s   2m55s[K[?25h[?2026l[?2026h[?25l[A[1Gpulling manifest [K
pulling 2bada8a74506:  82% ▕██████████████    ▏ 3.8 GB/4.7 GB  4.8 MB/s   2m55s[K[?25h[?2026l[?2026h[?25l[A[1Gpulling manifest [K
pulling 2bada8a74506:  82% ▕██████████████    ▏ 3.8 GB/4.7 GB  4.8 MB/s   2m55s[K[?25h[?2026l[?2026h[?25l[A[1Gpulling manifest [K
pulling 2bada8a74506:  82% ▕██████████████    ▏ 3.8 GB/4.7 GB  4.8 MB/s   2m55s[K[?25h[?2026l[?2026h[?25l[A[1Gpulling manifest [K
pulling 2bada8a74506:  82% ▕██████████████    ▏ 3.8 GB/4.7 GB  4.8 MB/s   2m54s[K[?25h[?2026l[?2026h[?25l[A[1Gpulling manifest [K
pulling 2bada8a74506:  82% ▕██████████████    ▏ 3.8 GB/4.7 GB  4.8 MB/s   2m54s[K[?25h[?2026l[?2026h[?25l[A[1Gpulling manifest [K
pulling 2bada8a74506:  82% ▕██████████████    ▏ 3.8 GB/4.7 GB  4.8 MB/s   2m54s[K[?25h[?2026l[?2026h[?25l[A[1Gpulling manifest [K
pulling 2bada8a74506:  82% ▕██████████████    ▏ 3.8 GB/4.7 GB  4.8 MB/s   2m54s[K[?25h[?2026l[?2026h[?25l[A[1Gpulling manifest [K
pulling 2bada8a74506:  82% ▕██████████████    ▏ 3.8 GB/4.7 GB  4.8 MB/s   2m54s[K[?25h[?2026l[?2026h[?25l[A[1Gpulling manifest [K
pulling 2bada8a74506:  82% ▕██████████████    ▏ 3.8 GB/4.7 GB  4.8 MB/s   2m54s[K[?25h[?2026l[?2026h[?25l[A[1Gpulling manifest [K
pulling 2bada8a74506:  82% ▕██████████████    ▏ 3.8 GB/4.7 GB  4.8 MB/s   2m54s[K[?25h[?2026l[?2026h[?25l[A[1Gpulling manifest [K
pulling 2bada8a74506:  82% ▕██████████████    ▏ 3.8 GB/4.7 GB  4.8 MB/s   2m53s[K[?25h[?2026l[?2026h[?25l[A[1Gpulling manifest [K
pulling 2bada8a74506:  82% ▕██████████████    ▏ 3.8 GB/4.7 GB  4.8 MB/s   2m53s[K[?25h[?2026l[?2026h[?25l[A[1Gpulling manifest [K
pulling 2bada8a74506:  82% ▕██████████████    ▏ 3.8 GB/4.7 GB  4.8 MB/s   2m53s[K[?25h[?2026l[?2026h[?25l[A[1Gpulling manifest [K
pulling 2bada8a74506:  82% ▕██████████████    ▏ 3.8 GB/4.7 GB  4.8 MB/s   2m52s[K[?25h[?2026l[?2026h[?25l[A[1Gpulling manifest [K
pulling 2bada8a74506:  82% ▕██████████████    ▏ 3.8 GB/4.7 GB  4.8 MB/s   2m52s[K[?25h[?2026l[?2026h[?25l[A[1Gpulling manifest [K
pulling 2bada8a74506:  82% ▕██████████████    ▏ 3.8 GB/4.7 GB  4.8 MB/s   2m52s[K[?25h[?2026l[?2026h[?25l[A[1Gpulling manifest [K
pulling 2bada8a74506:  82% ▕██████████████    ▏ 3.9 GB/4.7 GB  4.8 MB/s   2m52s[K[?25h[?2026l[?2026h[?25l[A[1Gpulling manifest [K
pulling 2bada8a74506:  82% ▕██████████████    ▏ 3.9 GB/4.7 GB  4.8 MB/s   2m52s[K[?25h[?2026l[?2026h[?25l[A[1Gpulling manifest [K
pulling 2bada8a74506:  82% ▕██████████████    ▏ 3.9 GB/4.7 GB  4.8 MB/s   2m51s[K[?25h[?2026l[?2026h[?25l[A[1Gpulling manifest [K
pulling 2bada8a74506:  82% ▕██████████████    ▏ 3.9 GB/4.7 GB  4.8 MB/s   2m51s[K[?25h[?2026l[?2026h[?25l[A[1Gpulling manifest [K
pulling 2bada8a74506:  82% ▕██████████████    ▏ 3.9 GB/4.7 GB  4.8 MB/s   2m51s[K[?25h[?2026l[?2026h[?25l[A[1Gpulling manifest [K
pulling 2bada8a74506:  82% ▕██████████████    ▏ 3.9 GB/4.7 GB  4.8 MB/s   2m51s[K[?25h[?2026l[?2026h[?25l[A[1Gpulling manifest [K
pulling 2bada8a74506:  82% ▕██████████████    ▏ 3.9 GB/4.7 GB  4.8 MB/s   2m51s[K[?25h[?2026l[?2026h[?25l[A[1Gpulling manifest [K
pulling 2bada8a74506:  82% ▕██████████████    ▏ 3.9 GB/4.7 GB  4.9 MB/s   2m50s[K[?25h[?2026l[?2026h[?25l[A[1Gpulling manifest [K
pulling 2bada8a74506:  82% ▕██████████████    ▏ 3.9 GB/4.7 GB  4.9 MB/s   2m50s[K[?25h[?2026l[?2026h[?25l[A[1Gpulling manifest [K
pulling 2bada8a74506:  82% ▕██████████████    ▏ 3.9 GB/4.7 GB  4.9 MB/s   2m50s[K[?25h[?2026l[?2026h[?25l[A[1Gpulling manifest [K
pulling 2bada8a74506:  82% ▕██████████████    ▏ 3.9 GB/4.7 GB  4.9 MB/s   2m50s[K[?25h[?2026l[?2026h[?25l[A[1Gpulling manifest [K
pulling 2bada8a74506:  82% ▕██████████████    ▏ 3.9 GB/4.7 GB  4.9 MB/s   2m50s[K[?25h[?2026l[?2026h[?25l[A[1Gpulling manifest [K
pulling 2bada8a74506:  82% ▕██████████████    ▏ 3.9 GB/4.7 GB  4.9 MB/s   2m50s[K[?25h[?2026l[?2026h[?25l[A[1Gpulling manifest [K
pulling 2bada8a74506:  82% ▕██████████████    ▏ 3.9 GB/4.7 GB  4.9 MB/s   2m50s[K[?25h[?2026l[?2026h[?25l[A[1Gpulling manifest [K
pulling 2bada8a74506:  82% ▕██████████████    ▏ 3.9 GB/4.7 GB  4.9 MB/s   2m49s[K[?25h[?2026l[?2026h[?25l[A[1Gpulling manifest [K
pulling 2bada8a74506:  82% ▕██████████████    ▏ 3.9 GB/4.7 GB  4.9 MB/s   2m49s[K[?25h[?2026l[?2026h[?25l[A[1Gpulling manifest [K
pulling 2bada8a74506:  82% ▕██████████████    ▏ 3.9 GB/4.7 GB  4.9 MB/s   2m49s[K[?25h[?2026l[?2026h[?25l[A[1Gpulling manifest [K
pulling 2bada8a74506:  82% ▕██████████████    ▏ 3.9 GB/4.7 GB  4.9 MB/s   2m49s[K[?25h[?2026l[?2026h[?25l[A[1Gpulling manifest [K
pulling 2bada8a74506:  82% ▕██████████████    ▏ 3.9 GB/4.7 GB  4.9 MB/s   2m48s[K[?25h[?2026l[?2026h[?25l[A[1Gpulling manifest [K
pulling 2bada8a74506:  82% ▕██████████████    ▏ 3.9 GB/4.7 GB  4.9 MB/s   2m48s[K[?25h[?2026l[?2026h[?25l[A[1Gpulling manifest [K
pulling 2bada8a74506:  82% ▕██████████████    ▏ 3.9 GB/4.7 GB  4.9 MB/s   2m48s[K[?25h[?2026l[?2026h[?25l[A[1Gpulling manifest [K
pulling 2bada8a74506:  82% ▕██████████████    ▏ 3.9 GB/4.7 GB  4.9 MB/s   2m48s[K[?25h[?2026l[?2026h[?25l[A[1Gpulling manifest [K
pulling 2bada8a74506:  82% ▕██████████████    ▏ 3.9 GB/4.7 GB  4.9 MB/s   2m48s[K[?25h[?2026l[?2026h[?25l[A[1Gpulling manifest [K
pulling 2bada8a74506:  82% ▕██████████████    ▏ 3.9 GB/4.7 GB  4.9 MB/s   2m48s[K[?25h[?2026l[?2026h[?25l[A[1Gpulling manifest [K
pulling 2bada8a74506:  82% ▕██████████████    ▏ 3.9 GB/4.7 GB  4.9 MB/s   2m48s[K[?25h[?2026l[?2026h[?25l[A[1Gpulling manifest [K
pulling 2bada8a74506:  82% ▕██████████████    ▏ 3.9 GB/4.7 GB  4.9 MB/s   2m47s[K[?25h[?2026l[?2026h[?25l[A[1Gpulling manifest [K
pulling 2bada8a74506:  82% ▕██████████████    ▏ 3.9 GB/4.7 GB  4.9 MB/s   2m47s[K[?25h[?2026l[?2026h[?25l[A[1Gpulling manifest [K
pulling 2bada8a74506:  83% ▕██████████████    ▏ 3.9 GB/4.7 GB  4.9 MB/s   2m47s[K[?25h[?2026l[?2026h[?25l[A[1Gpulling manifest [K
pulling 2bada8a74506:  83% ▕██████████████    ▏ 3.9 GB/4.7 GB  4.9 MB/s   2m46s[K[?25h[?2026l[?2026h[?25l[A[1Gpulling manifest [K
pulling 2bada8a74506:  83% ▕██████████████    ▏ 3.9 GB/4.7 GB  4.9 MB/s   2m46s[K[?25h[?2026l[?2026h[?25l[A[1Gpulling manifest [K
pulling 2bada8a74506:  83% ▕██████████████    ▏ 3.9 GB/4.7 GB  4.9 MB/s   2m46s[K[?25h[?2026l[?2026h[?25l[A[1Gpulling manifest [K
pulling 2bada8a74506:  83% ▕██████████████    ▏ 3.9 GB/4.7 GB  4.9 MB/s   2m46s[K[?25h[?2026l[?2026h[?25l[A[1Gpulling manifest [K
pulling 2bada8a74506:  83% ▕██████████████    ▏ 3.9 GB/4.7 GB  4.9 MB/s   2m46s[K[?25h[?2026l[?2026h[?25l[A[1Gpulling manifest [K
pulling 2bada8a74506:  83% ▕██████████████    ▏ 3.9 GB/4.7 GB  4.9 MB/s   2m46s[K[?25h[?2026l[?2026h[?25l[A[1Gpulling manifest [K
pulling 2bada8a74506:  83% ▕██████████████    ▏ 3.9 GB/4.7 GB  4.9 MB/s   2m46s[K[?25h[?2026l[?2026h[?25l[A[1Gpulling manifest [K
pulling 2bada8a74506:  83% ▕██████████████    ▏ 3.9 GB/4.7 GB  4.9 MB/s   2m46s[K[?25h[?2026l[?2026h[?25l[A[1Gpulling manifest [K
pulling 2bada8a74506:  83% ▕██████████████    ▏ 3.9 GB/4.7 GB  4.9 MB/s   2m45s[K[?25h[?2026l[?2026h[?25l[A[1Gpulling manifest [K
pulling 2bada8a74506:  83% ▕██████████████    ▏ 3.9 GB/4.7 GB  4.9 MB/s   2m45s[K[?25h[?2026l[?2026h[?25l[A[1Gpulling manifest [K
pulling 2bada8a74506:  83% ▕██████████████    ▏ 3.9 GB/4.7 GB  4.9 MB/s   2m44s[K[?25h[?2026l[?2026h[?25l[A[1Gpulling manifest [K
pulling 2bada8a74506:  83% ▕██████████████    ▏ 3.9 GB/4.7 GB  4.9 MB/s   2m44s[K[?25h[?2026l[?2026h[?25l[A[1Gpulling manifest [K
pulling 2bada8a74506:  83% ▕██████████████    ▏ 3.9 GB/4.7 GB  4.9 MB/s   2m44s[K[?25h[?2026l[?2026h[?25l[A[1Gpulling manifest [K
pulling 2bada8a74506:  83% ▕██████████████    ▏ 3.9 GB/4.7 GB  4.9 MB/s   2m44s[K[?25h[?2026l[?2026h[?25l[A[1Gpulling manifest [K
pulling 2bada8a74506:  83% ▕██████████████    ▏ 3.9 GB/4.7 GB  4.9 MB/s   2m44s[K[?25h[?2026l[?2026h[?25l[A[1Gpulling manifest [K
pulling 2bada8a74506:  83% ▕██████████████    ▏ 3.9 GB/4.7 GB  4.9 MB/s   2m44s[K[?25h[?2026l[?2026h[?25l[A[1Gpulling manifest [K
pulling 2bada8a74506:  83% ▕██████████████    ▏ 3.9 GB/4.7 GB  4.9 MB/s   2m44s[K[?25h[?2026l[?2026h[?25l[A[1Gpulling manifest [K
pulling 2bada8a74506:  83% ▕██████████████    ▏ 3.9 GB/4.7 GB  4.9 MB/s   2m44s[K[?25h[?2026l[?2026h[?25l[A[1Gpulling manifest [K
pulling 2bada8a74506:  83% ▕██████████████    ▏ 3.9 GB/4.7 GB  4.9 MB/s   2m44s[K[?25h[?2026l[?2026h[?25l[A[1Gpulling manifest [K
pulling 2bada8a74506:  83% ▕██████████████    ▏ 3.9 GB/4.7 GB  4.9 MB/s   2m43s[K[?25h[?2026l[?2026h[?25l[A[1Gpulling manifest [K
pulling 2bada8a74506:  83% ▕██████████████    ▏ 3.9 GB/4.7 GB  4.9 MB/s   2m43s[K[?25h[?2026l[?2026h[?25l[A[1Gpulling manifest [K
pulling 2bada8a74506:  83% ▕██████████████    ▏ 3.9 GB/4.7 GB  4.9 MB/s   2m43s[K[?25h[?2026l[?2026h[?25l[A[1Gpulling manifest [K
pulling 2bada8a74506:  83% ▕██████████████    ▏ 3.9 GB/4.7 GB  4.9 MB/s   2m43s[K[?25h[?2026l[?2026h[?25l[A[1Gpulling manifest [K
pulling 2bada8a74506:  83% ▕██████████████    ▏ 3.9 GB/4.7 GB  4.9 MB/s   2m43s[K[?25h[?2026l[?2026h[?25l[A[1Gpulling manifest [K
pulling 2bada8a74506:  83% ▕██████████████    ▏ 3.9 GB/4.7 GB  4.9 MB/s   2m43s[K[?25h[?2026l[?2026h[?25l[A[1Gpulling manifest [K
pulling 2bada8a74506:  83% ▕██████████████    ▏ 3.9 GB/4.7 GB  4.9 MB/s   2m43s[K[?25h[?2026l[?2026h[?25l[A[1Gpulling manifest [K
pulling 2bada8a74506:  83% ▕██████████████    ▏ 3.9 GB/4.7 GB  4.9 MB/s   2m43s[K[?25h[?2026l[?2026h[?25l[A[1Gpulling manifest [K
pulling 2bada8a74506:  83% ▕██████████████    ▏ 3.9 GB/4.7 GB  4.9 MB/s   2m42s[K[?25h[?2026l[?2026h[?25l[A[1Gpulling manifest [K
pulling 2bada8a74506:  83% ▕██████████████    ▏ 3.9 GB/4.7 GB  4.9 MB/s   2m42s[K[?25h[?2026l[?2026h[?25l[A[1Gpulling manifest [K
pulling 2bada8a74506:  83% ▕██████████████    ▏ 3.9 GB/4.7 GB  4.9 MB/s   2m42s[K[?25h[?2026l[?2026h[?25l[A[1Gpulling manifest [K
pulling 2bada8a74506:  83% ▕██████████████    ▏ 3.9 GB/4.7 GB  4.9 MB/s   2m44s[K[?25h[?2026l[?2026h[?25l[A[1Gpulling manifest [K
pulling 2bada8a74506:  83% ▕██████████████    ▏ 3.9 GB/4.7 GB  4.9 MB/s   2m44s[K[?25h[?2026l[?2026h[?25l[A[1Gpulling manifest [K
pulling 2bada8a74506:  83% ▕██████████████    ▏ 3.9 GB/4.7 GB  4.9 MB/s   2m43s[K[?25h[?2026l[?2026h[?25l[A[1Gpulling manifest [K
pulling 2bada8a74506:  83% ▕██████████████    ▏ 3.9 GB/4.7 GB  4.9 MB/s   2m43s[K[?25h[?2026l[?2026h[?25l[A[1Gpulling manifest [K
pulling 2bada8a74506:  83% ▕██████████████    ▏ 3.9 GB/4.7 GB  4.9 MB/s   2m43s[K[?25h[?2026l[?2026h[?25l[A[1Gpulling manifest [K
pulling 2bada8a74506:  83% ▕██████████████    ▏ 3.9 GB/4.7 GB  4.9 MB/s   2m43s[K[?25h[?2026l[?2026h[?25l[A[1Gpulling manifest [K
pulling 2bada8a74506:  83% ▕██████████████    ▏ 3.9 GB/4.7 GB  4.9 MB/s   2m43s[K[?25h[?2026l[?2026h[?25l[A[1Gpulling manifest [K
pulling 2bada8a74506:  83% ▕██████████████    ▏ 3.9 GB/4.7 GB  4.9 MB/s   2m43s[K[?25h[?2026l[?2026h[?25l[A[1Gpulling manifest [K
pulling 2bada8a74506:  83% ▕██████████████    ▏ 3.9 GB/4.7 GB  4.9 MB/s   2m43s[K[?25h[?2026l[?2026h[?25l[A[1Gpulling manifest [K
pulling 2bada8a74506:  83% ▕██████████████    ▏ 3.9 GB/4.7 GB  4.9 MB/s   2m43s[K[?25h[?2026l[?2026h[?25l[A[1Gpulling manifest [K
pulling 2bada8a74506:  83% ▕██████████████    ▏ 3.9 GB/4.7 GB  4.9 MB/s   2m43s[K[?25h[?2026l[?2026h[?25l[A[1Gpulling manifest [K
pulling 2bada8a74506:  83% ▕██████████████    ▏ 3.9 GB/4.7 GB  4.9 MB/s   2m44s[K[?25h[?2026l[?2026h[?25l[A[1Gpulling manifest [K
pulling 2bada8a74506:  83% ▕██████████████    ▏ 3.9 GB/4.7 GB  4.9 MB/s   2m44s[K[?25h[?2026l[?2026h[?25l[A[1Gpulling manifest [K
pulling 2bada8a74506:  83% ▕██████████████    ▏ 3.9 GB/4.7 GB  4.9 MB/s   2m44s[K[?25h[?2026l[?2026h[?25l[A[1Gpulling manifest [K
pulling 2bada8a74506:  83% ▕██████████████    ▏ 3.9 GB/4.7 GB  4.9 MB/s   2m44s[K[?25h[?2026l[?2026h[?25l[A[1Gpulling manifest [K
pulling 2bada8a74506:  83% ▕██████████████    ▏ 3.9 GB/4.7 GB  4.9 MB/s   2m44s[K[?25h[?2026l[?2026h[?25l[A[1Gpulling manifest [K
pulling 2bada8a74506:  83% ▕██████████████    ▏ 3.9 GB/4.7 GB  4.9 MB/s   2m44s[K[?25h[?2026l[?2026h[?25l[A[1Gpulling manifest [K
pulling 2bada8a74506:  83% ▕██████████████    ▏ 3.9 GB/4.7 GB  4.9 MB/s   2m43s[K[?25h[?2026l[?2026h[?25l[A[1Gpulling manifest [K
pulling 2bada8a74506:  83% ▕██████████████    ▏ 3.9 GB/4.7 GB  4.9 MB/s   2m43s[K[?25h[?2026l[?2026h[?25l[A[1Gpulling manifest [K
pulling 2bada8a74506:  83% ▕██████████████    ▏ 3.9 GB/4.7 GB  4.9 MB/s   2m43s[K[?25h[?2026l[?2026h[?25l[A[1Gpulling manifest [K
pulling 2bada8a74506:  83% ▕██████████████    ▏ 3.9 GB/4.7 GB  4.9 MB/s   2m43s[K[?25h[?2026l[?2026h[?25l[A[1Gpulling manifest [K
pulling 2bada8a74506:  83% ▕██████████████    ▏ 3.9 GB/4.7 GB  4.8 MB/s   2m44s[K[?25h[?2026l[?2026h[?25l[A[1Gpulling manifest [K
pulling 2bada8a74506:  83% ▕██████████████    ▏ 3.9 GB/4.7 GB  4.8 MB/s   2m44s[K[?25h[?2026l[?2026h[?25l[A[1Gpulling manifest [K
pulling 2bada8a74506:  83% ▕██████████████    ▏ 3.9 GB/4.7 GB  4.8 MB/s   2m44s[K[?25h[?2026l[?2026h[?25l[A[1Gpulling manifest [K
pulling 2bada8a74506:  83% ▕██████████████    ▏ 3.9 GB/4.7 GB  4.8 MB/s   2m44s[K[?25h[?2026l[?2026h[?25l[A[1Gpulling manifest [K
pulling 2bada8a74506:  83% ▕██████████████    ▏ 3.9 GB/4.7 GB  4.8 MB/s   2m44s[K[?25h[?2026l[?2026h[?25l[A[1Gpulling manifest [K
pulling 2bada8a74506:  83% ▕██████████████    ▏ 3.9 GB/4.7 GB  4.8 MB/s   2m44s[K[?25h[?2026l[?2026h[?25l[A[1Gpulling manifest [K
pulling 2bada8a74506:  83% ▕██████████████    ▏ 3.9 GB/4.7 GB  4.8 MB/s   2m43s[K[?25h[?2026l[?2026h[?25l[A[1Gpulling manifest [K
pulling 2bada8a74506:  83% ▕██████████████    ▏ 3.9 GB/4.7 GB  4.8 MB/s   2m43s[K[?25h[?2026l[?2026h[?25l[A[1Gpulling manifest [K
pulling 2bada8a74506:  83% ▕██████████████    ▏ 3.9 GB/4.7 GB  4.8 MB/s   2m43s[K[?25h[?2026l[?2026h[?25l[A[1Gpulling manifest [K
pulling 2bada8a74506:  83% ▕██████████████    ▏ 3.9 GB/4.7 GB  4.8 MB/s   2m43s[K[?25h[?2026l[?2026h[?25l[A[1Gpulling manifest [K
pulling 2bada8a74506:  83% ▕██████████████    ▏ 3.9 GB/4.7 GB  4.8 MB/s   2m45s[K[?25h[?2026l[?2026h[?25l[A[1Gpulling manifest [K
pulling 2bada8a74506:  83% ▕██████████████    ▏ 3.9 GB/4.7 GB  4.8 MB/s   2m45s[K[?25h[?2026l[?2026h[?25l[A[1Gpulling manifest [K
pulling 2bada8a74506:  83% ▕██████████████    ▏ 3.9 GB/4.7 GB  4.8 MB/s   2m45s[K[?25h[?2026l[?2026h[?25l[A[1Gpulling manifest [K
pulling 2bada8a74506:  83% ▕██████████████    ▏ 3.9 GB/4.7 GB  4.8 MB/s   2m44s[K[?25h[?2026l[?2026h[?25l[A[1Gpulling manifest [K
pulling 2bada8a74506:  83% ▕██████████████    ▏ 3.9 GB/4.7 GB  4.8 MB/s   2m44s[K[?25h[?2026l[?2026h[?25l[A[1Gpulling manifest [K
pulling 2bada8a74506:  83% ▕██████████████    ▏ 3.9 GB/4.7 GB  4.8 MB/s   2m44s[K[?25h[?2026l[?2026h[?25l[A[1Gpulling manifest [K
pulling 2bada8a74506:  83% ▕██████████████    ▏ 3.9 GB/4.7 GB  4.8 MB/s   2m44s[K[?25h[?2026l[?2026h[?25l[A[1Gpulling manifest [K
pulling 2bada8a74506:  83% ▕██████████████    ▏ 3.9 GB/4.7 GB  4.8 MB/s   2m44s[K[?25h[?2026l[?2026h[?25l[A[1Gpulling manifest [K
pulling 2bada8a74506:  83% ▕██████████████    ▏ 3.9 GB/4.7 GB  4.8 MB/s   2m44s[K[?25h[?2026l[?2026h[?25l[A[1Gpulling manifest [K
pulling 2bada8a74506:  83% ▕██████████████    ▏ 3.9 GB/4.7 GB  4.8 MB/s   2m44s[K[?25h[?2026l[?2026h[?25l[A[1Gpulling manifest [K
pulling 2bada8a74506:  83% ▕██████████████    ▏ 3.9 GB/4.7 GB  4.8 MB/s   2m43s[K[?25h[?2026l[?2026h[?25l[A[1Gpulling manifest [K
pulling 2bada8a74506:  83% ▕██████████████    ▏ 3.9 GB/4.7 GB  4.8 MB/s   2m43s[K[?25h[?2026l[?2026h[?25l[A[1Gpulling manifest [K
pulling 2bada8a74506:  83% ▕██████████████    ▏ 3.9 GB/4.7 GB  4.8 MB/s   2m43s[K[?25h[?2026l[?2026h[?25l[A[1Gpulling manifest [K
pulling 2bada8a74506:  83% ▕██████████████    ▏ 3.9 GB/4.7 GB  4.8 MB/s   2m43s[K[?25h[?2026l[?2026h[?25l[A[1Gpulling manifest [K
pulling 2bada8a74506:  83% ▕██████████████    ▏ 3.9 GB/4.7 GB  4.8 MB/s   2m43s[K[?25h[?2026l[?2026h[?25l[A[1Gpulling manifest [K
pulling 2bada8a74506:  83% ▕██████████████    ▏ 3.9 GB/4.7 GB  4.8 MB/s   2m43s[K[?25h[?2026l[?2026h[?25l[A[1Gpulling manifest [K
pulling 2bada8a74506:  83% ▕██████████████    ▏ 3.9 GB/4.7 GB  4.8 MB/s   2m43s[K[?25h[?2026l[?2026h[?25l[A[1Gpulling manifest [K
pulling 2bada8a74506:  83% ▕██████████████    ▏ 3.9 GB/4.7 GB  4.8 MB/s   2m43s[K[?25h[?2026l[?2026h[?25l[A[1Gpulling manifest [K
pulling 2bada8a74506:  83% ▕██████████████    ▏ 3.9 GB/4.7 GB  4.8 MB/s   2m43s[K[?25h[?2026l[?2026h[?25l[A[1Gpulling manifest [K
pulling 2bada8a74506:  83% ▕██████████████    ▏ 3.9 GB/4.7 GB  4.8 MB/s   2m43s[K[?25h[?2026l[?2026h[?25l[A[1Gpulling manifest [K
pulling 2bada8a74506:  83% ▕██████████████    ▏ 3.9 GB/4.7 GB  4.7 MB/s   2m47s[K[?25h[?2026l[?2026h[?25l[A[1Gpulling manifest [K
pulling 2bada8a74506:  83% ▕██████████████    ▏ 3.9 GB/4.7 GB  4.7 MB/s   2m47s[K[?25h[?2026l[?2026h[?25l[A[1Gpulling manifest [K
pulling 2bada8a74506:  83% ▕██████████████    ▏ 3.9 GB/4.7 GB  4.7 MB/s   2m47s[K[?25h[?2026l[?2026h[?25l[A[1Gpulling manifest [K
pulling 2bada8a74506:  83% ▕██████████████    ▏ 3.9 GB/4.7 GB  4.7 MB/s   2m47s[K[?25h[?2026l[?2026h[?25l[A[1Gpulling manifest [K
pulling 2bada8a74506:  83% ▕██████████████    ▏ 3.9 GB/4.7 GB  4.7 MB/s   2m47s[K[?25h[?2026l[?2026h[?25l[A[1Gpulling manifest [K
pulling 2bada8a74506:  83% ▕███████████████   ▏ 3.9 GB/4.7 GB  4.7 MB/s   2m47s[K[?25h[?2026l[?2026h[?25l[A[1Gpulling manifest [K
pulling 2bada8a74506:  83% ▕███████████████   ▏ 3.9 GB/4.7 GB  4.7 MB/s   2m47s[K[?25h[?2026l[?2026h[?25l[A[1Gpulling manifest [K
pulling 2bada8a74506:  83% ▕███████████████   ▏ 3.9 GB/4.7 GB  4.7 MB/s   2m47s[K[?25h[?2026l[?2026h[?25l[A[1Gpulling manifest [K
pulling 2bada8a74506:  83% ▕███████████████   ▏ 3.9 GB/4.7 GB  4.7 MB/s   2m47s[K[?25h[?2026l[?2026h[?25l[A[1Gpulling manifest [K
pulling 2bada8a74506:  83% ▕███████████████   ▏ 3.9 GB/4.7 GB  4.7 MB/s   2m47s[K[?25h[?2026l[?2026h[?25l[A[1Gpulling manifest [K
pulling 2bada8a74506:  83% ▕███████████████   ▏ 3.9 GB/4.7 GB  4.7 MB/s   2m47s[K[?25h[?2026l[?2026h[?25l[A[1Gpulling manifest [K
pulling 2bada8a74506:  83% ▕███████████████   ▏ 3.9 GB/4.7 GB  4.6 MB/s   2m49s[K[?25h[?2026l[?2026h[?25l[A[1Gpulling manifest [K
pulling 2bada8a74506:  83% ▕███████████████   ▏ 3.9 GB/4.7 GB  4.6 MB/s   2m49s[K[?25h[?2026l[?2026h[?25l[A[1Gpulling manifest [K
pulling 2bada8a74506:  83% ▕███████████████   ▏ 3.9 GB/4.7 GB  4.6 MB/s   2m49s[K[?25h[?2026l[?2026h[?25l[A[1Gpulling manifest [K
pulling 2bada8a74506:  83% ▕███████████████   ▏ 3.9 GB/4.7 GB  4.6 MB/s   2m49s[K[?25h[?2026l[?2026h[?25l[A[1Gpulling manifest [K
pulling 2bada8a74506:  83% ▕███████████████   ▏ 3.9 GB/4.7 GB  4.6 MB/s   2m49s[K[?25h[?2026l[?2026h[?25l[A[1Gpulling manifest [K
pulling 2bada8a74506:  83% ▕███████████████   ▏ 3.9 GB/4.7 GB  4.6 MB/s   2m49s[K[?25h[?2026l[?2026h[?25l[A[1Gpulling manifest [K
pulling 2bada8a74506:  83% ▕███████████████   ▏ 3.9 GB/4.7 GB  4.6 MB/s   2m49s[K[?25h[?2026l[?2026h[?25l[A[1Gpulling manifest [K
pulling 2bada8a74506:  83% ▕███████████████   ▏ 3.9 GB/4.7 GB  4.6 MB/s   2m49s[K[?25h[?2026l[?2026h[?25l[A[1Gpulling manifest [K
pulling 2bada8a74506:  83% ▕███████████████   ▏ 3.9 GB/4.7 GB  4.6 MB/s   2m49s[K[?25h[?2026l[?2026h[?25l[A[1Gpulling manifest [K
pulling 2bada8a74506:  83% ▕███████████████   ▏ 3.9 GB/4.7 GB  4.6 MB/s   2m49s[K[?25h[?2026l[?2026h[?25l[A[1Gpulling manifest [K
pulling 2bada8a74506:  83% ▕███████████████   ▏ 3.9 GB/4.7 GB  4.5 MB/s   2m50s[K[?25h[?2026l[?2026h[?25l[A[1Gpulling manifest [K
pulling 2bada8a74506:  83% ▕███████████████   ▏ 3.9 GB/4.7 GB  4.5 MB/s   2m50s[K[?25h[?2026l[?2026h[?25l[A[1Gpulling manifest [K
pulling 2bada8a74506:  84% ▕███████████████   ▏ 3.9 GB/4.7 GB  4.5 MB/s   2m50s[K[?25h[?2026l[?2026h[?25l[A[1Gpulling manifest [K
pulling 2bada8a74506:  84% ▕███████████████   ▏ 3.9 GB/4.7 GB  4.5 MB/s   2m50s[K[?25h[?2026l[?2026h[?25l[A[1Gpulling manifest [K
pulling 2bada8a74506:  84% ▕███████████████   ▏ 3.9 GB/4.7 GB  4.5 MB/s   2m50s[K[?25h[?2026l[?2026h[?25l[A[1Gpulling manifest [K
pulling 2bada8a74506:  84% ▕███████████████   ▏ 3.9 GB/4.7 GB  4.5 MB/s   2m50s[K[?25h[?2026l[?2026h[?25l[A[1Gpulling manifest [K
pulling 2bada8a74506:  84% ▕███████████████   ▏ 3.9 GB/4.7 GB  4.5 MB/s   2m50s[K[?25h[?2026l[?2026h[?25l[A[1Gpulling manifest [K
pulling 2bada8a74506:  84% ▕███████████████   ▏ 3.9 GB/4.7 GB  4.5 MB/s   2m50s[K[?25h[?2026l[?2026h[?25l[A[1Gpulling manifest [K
pulling 2bada8a74506:  84% ▕███████████████   ▏ 3.9 GB/4.7 GB  4.5 MB/s   2m49s[K[?25h[?2026l[?2026h[?25l[A[1Gpulling manifest [K
pulling 2bada8a74506:  84% ▕███████████████   ▏ 3.9 GB/4.7 GB  4.5 MB/s   2m49s[K[?25h[?2026l[?2026h[?25l[A[1Gpulling manifest [K
pulling 2bada8a74506:  84% ▕███████████████   ▏ 3.9 GB/4.7 GB  4.5 MB/s   2m51s[K[?25h[?2026l[?2026h[?25l[A[1Gpulling manifest [K
pulling 2bada8a74506:  84% ▕███████████████   ▏ 3.9 GB/4.7 GB  4.5 MB/s   2m51s[K[?25h[?2026l[?2026h[?25l[A[1Gpulling manifest [K
pulling 2bada8a74506:  84% ▕███████████████   ▏ 3.9 GB/4.7 GB  4.5 MB/s   2m51s[K[?25h[?2026l[?2026h[?25l[A[1Gpulling manifest [K
pulling 2bada8a74506:  84% ▕███████████████   ▏ 3.9 GB/4.7 GB  4.5 MB/s   2m51s[K[?25h[?2026l[?2026h[?25l[A[1Gpulling manifest [K
pulling 2bada8a74506:  84% ▕███████████████   ▏ 3.9 GB/4.7 GB  4.5 MB/s   2m51s[K[?25h[?2026l[?2026h[?25l[A[1Gpulling manifest [K
pulling 2bada8a74506:  84% ▕███████████████   ▏ 3.9 GB/4.7 GB  4.5 MB/s   2m50s[K[?25h[?2026l[?2026h[?25l[A[1Gpulling manifest [K
pulling 2bada8a74506:  84% ▕███████████████   ▏ 3.9 GB/4.7 GB  4.5 MB/s   2m50s[K[?25h[?2026l[?2026h[?25l[A[1Gpulling manifest [K
pulling 2bada8a74506:  84% ▕███████████████   ▏ 3.9 GB/4.7 GB  4.5 MB/s   2m50s[K[?25h[?2026l[?2026h[?25l[A[1Gpulling manifest [K
pulling 2bada8a74506:  84% ▕███████████████   ▏ 3.9 GB/4.7 GB  4.5 MB/s   2m50s[K[?25h[?2026l[?2026h[?25l[A[1Gpulling manifest [K
pulling 2bada8a74506:  84% ▕███████████████   ▏ 3.9 GB/4.7 GB  4.5 MB/s   2m50s[K[?25h[?2026l[?2026h[?25l[A[1Gpulling manifest [K
pulling 2bada8a74506:  84% ▕███████████████   ▏ 3.9 GB/4.7 GB  4.5 MB/s   2m51s[K[?25h[?2026l[?2026h[?25l[A[1Gpulling manifest [K
pulling 2bada8a74506:  84% ▕███████████████   ▏ 3.9 GB/4.7 GB  4.5 MB/s   2m51s[K[?25h[?2026l[?2026h[?25l[A[1Gpulling manifest [K
pulling 2bada8a74506:  84% ▕███████████████   ▏ 3.9 GB/4.7 GB  4.5 MB/s   2m51s[K[?25h[?2026l[?2026h[?25l[A[1Gpulling manifest [K
pulling 2bada8a74506:  84% ▕███████████████   ▏ 3.9 GB/4.7 GB  4.5 MB/s   2m51s[K[?25h[?2026l[?2026h[?25l[A[1Gpulling manifest [K
pulling 2bada8a74506:  84% ▕███████████████   ▏ 3.9 GB/4.7 GB  4.5 MB/s   2m51s[K[?25h[?2026l[?2026h[?25l[A[1Gpulling manifest [K
pulling 2bada8a74506:  84% ▕███████████████   ▏ 3.9 GB/4.7 GB  4.5 MB/s   2m51s[K[?25h[?2026l[?2026h[?25l[A[1Gpulling manifest [K
pulling 2bada8a74506:  84% ▕███████████████   ▏ 3.9 GB/4.7 GB  4.5 MB/s   2m50s[K[?25h[?2026l[?2026h[?25l[A[1Gpulling manifest [K
pulling 2bada8a74506:  84% ▕███████████████   ▏ 3.9 GB/4.7 GB  4.5 MB/s   2m50s[K[?25h[?2026l[?2026h[?25l[A[1Gpulling manifest [K
pulling 2bada8a74506:  84% ▕███████████████   ▏ 3.9 GB/4.7 GB  4.5 MB/s   2m50s[K[?25h[?2026l[?2026h[?25l[A[1Gpulling manifest [K
pulling 2bada8a74506:  84% ▕███████████████   ▏ 3.9 GB/4.7 GB  4.5 MB/s   2m50s[K[?25h[?2026l[?2026h[?25l[A[1Gpulling manifest [K
pulling 2bada8a74506:  84% ▕███████████████   ▏ 3.9 GB/4.7 GB  4.5 MB/s   2m50s[K[?25h[?2026l[?2026h[?25l[A[1Gpulling manifest [K
pulling 2bada8a74506:  84% ▕███████████████   ▏ 3.9 GB/4.7 GB  4.5 MB/s   2m49s[K[?25h[?2026l[?2026h[?25l[A[1Gpulling manifest [K
pulling 2bada8a74506:  84% ▕███████████████   ▏ 3.9 GB/4.7 GB  4.5 MB/s   2m49s[K[?25h[?2026l[?2026h[?25l[A[1Gpulling manifest [K
pulling 2bada8a74506:  84% ▕███████████████   ▏ 3.9 GB/4.7 GB  4.5 MB/s   2m49s[K[?25h[?2026l[?2026h[?25l[A[1Gpulling manifest [K
pulling 2bada8a74506:  84% ▕███████████████   ▏ 3.9 GB/4.7 GB  4.5 MB/s   2m49s[K[?25h[?2026l[?2026h[?25l[A[1Gpulling manifest [K
pulling 2bada8a74506:  84% ▕███████████████   ▏ 3.9 GB/4.7 GB  4.5 MB/s   2m49s[K[?25h[?2026l[?2026h[?25l[A[1Gpulling manifest [K
pulling 2bada8a74506:  84% ▕███████████████   ▏ 3.9 GB/4.7 GB  4.5 MB/s   2m49s[K[?25h[?2026l[?2026h[?25l[A[1Gpulling manifest [K
pulling 2bada8a74506:  84% ▕███████████████   ▏ 3.9 GB/4.7 GB  4.5 MB/s   2m49s[K[?25h[?2026l[?2026h[?25l[A[1Gpulling manifest [K
pulling 2bada8a74506:  84% ▕███████████████   ▏ 3.9 GB/4.7 GB  4.5 MB/s   2m49s[K[?25h[?2026l[?2026h[?25l[A[1Gpulling manifest [K
pulling 2bada8a74506:  84% ▕███████████████   ▏ 3.9 GB/4.7 GB  4.5 MB/s   2m49s[K[?25h[?2026l[?2026h[?25l[A[1Gpulling manifest [K
pulling 2bada8a74506:  84% ▕███████████████   ▏ 3.9 GB/4.7 GB  4.5 MB/s   2m49s[K[?25h[?2026l[?2026h[?25l[A[1Gpulling manifest [K
pulling 2bada8a74506:  84% ▕███████████████   ▏ 3.9 GB/4.7 GB  4.5 MB/s   2m49s[K[?25h[?2026l[?2026h[?25l[A[1Gpulling manifest [K
pulling 2bada8a74506:  84% ▕███████████████   ▏ 3.9 GB/4.7 GB  4.5 MB/s   2m48s[K[?25h[?2026l[?2026h[?25l[A[1Gpulling manifest [K
pulling 2bada8a74506:  84% ▕███████████████   ▏ 3.9 GB/4.7 GB  4.5 MB/s   2m48s[K[?25h[?2026l[?2026h[?25l[A[1Gpulling manifest [K
pulling 2bada8a74506:  84% ▕███████████████   ▏ 3.9 GB/4.7 GB  4.5 MB/s   2m48s[K[?25h[?2026l[?2026h[?25l[A[1Gpulling manifest [K
pulling 2bada8a74506:  84% ▕███████████████   ▏ 3.9 GB/4.7 GB  4.5 MB/s   2m48s[K[?25h[?2026l[?2026h[?25l[A[1Gpulling manifest [K
pulling 2bada8a74506:  84% ▕███████████████   ▏ 3.9 GB/4.7 GB  4.5 MB/s   2m48s[K[?25h[?2026l[?2026h[?25l[A[1Gpulling manifest [K
pulling 2bada8a74506:  84% ▕███████████████   ▏ 3.9 GB/4.7 GB  4.5 MB/s   2m48s[K[?25h[?2026l[?2026h[?25l[A[1Gpulling manifest [K
pulling 2bada8a74506:  84% ▕███████████████   ▏ 3.9 GB/4.7 GB  4.5 MB/s   2m48s[K[?25h[?2026l[?2026h[?25l[A[1Gpulling manifest [K
pulling 2bada8a74506:  84% ▕███████████████   ▏ 3.9 GB/4.7 GB  4.5 MB/s   2m48s[K[?25h[?2026l[?2026h[?25l[A[1Gpulling manifest [K
pulling 2bada8a74506:  84% ▕███████████████   ▏ 3.9 GB/4.7 GB  4.5 MB/s   2m48s[K[?25h[?2026l[?2026h[?25l[A[1Gpulling manifest [K
pulling 2bada8a74506:  84% ▕███████████████   ▏ 3.9 GB/4.7 GB  4.4 MB/s   2m49s[K[?25h[?2026l[?2026h[?25l[A[1Gpulling manifest [K
pulling 2bada8a74506:  84% ▕███████████████   ▏ 3.9 GB/4.7 GB  4.4 MB/s   2m49s[K[?25h[?2026l[?2026h[?25l[A[1Gpulling manifest [K
pulling 2bada8a74506:  84% ▕███████████████   ▏ 3.9 GB/4.7 GB  4.4 MB/s   2m49s[K[?25h[?2026l[?2026h[?25l[A[1Gpulling manifest [K
pulling 2bada8a74506:  84% ▕███████████████   ▏ 3.9 GB/4.7 GB  4.4 MB/s   2m49s[K[?25h[?2026l[?2026h[?25l[A[1Gpulling manifest [K
pulling 2bada8a74506:  84% ▕███████████████   ▏ 3.9 GB/4.7 GB  4.4 MB/s   2m49s[K[?25h[?2026l[?2026h[?25l[A[1Gpulling manifest [K
pulling 2bada8a74506:  84% ▕███████████████   ▏ 3.9 GB/4.7 GB  4.4 MB/s   2m49s[K[?25h[?2026l[?2026h[?25l[A[1Gpulling manifest [K
pulling 2bada8a74506:  84% ▕███████████████   ▏ 3.9 GB/4.7 GB  4.4 MB/s   2m49s[K[?25h[?2026l[?2026h[?25l[A[1Gpulling manifest [K
pulling 2bada8a74506:  84% ▕███████████████   ▏ 3.9 GB/4.7 GB  4.4 MB/s   2m49s[K[?25h[?2026l[?2026h[?25l[A[1Gpulling manifest [K
pulling 2bada8a74506:  84% ▕███████████████   ▏ 3.9 GB/4.7 GB  4.4 MB/s   2m49s[K[?25h[?2026l[?2026h[?25l[A[1Gpulling manifest [K
pulling 2bada8a74506:  84% ▕███████████████   ▏ 3.9 GB/4.7 GB  4.4 MB/s   2m49s[K[?25h[?2026l[?2026h[?25l[A[1Gpulling manifest [K
pulling 2bada8a74506:  84% ▕███████████████   ▏ 3.9 GB/4.7 GB  4.3 MB/s   2m53s[K[?25h[?2026l[?2026h[?25l[A[1Gpulling manifest [K
pulling 2bada8a74506:  84% ▕███████████████   ▏ 3.9 GB/4.7 GB  4.3 MB/s   2m52s[K[?25h[?2026l[?2026h[?25l[A[1Gpulling manifest [K
pulling 2bada8a74506:  84% ▕███████████████   ▏ 3.9 GB/4.7 GB  4.3 MB/s   2m52s[K[?25h[?2026l[?2026h[?25l[A[1Gpulling manifest [K
pulling 2bada8a74506:  84% ▕███████████████   ▏ 3.9 GB/4.7 GB  4.3 MB/s   2m52s[K[?25h[?2026l[?2026h[?25l[A[1Gpulling manifest [K
pulling 2bada8a74506:  84% ▕███████████████   ▏ 3.9 GB/4.7 GB  4.3 MB/s   2m52s[K[?25h[?2026l[?2026h[?25l[A[1Gpulling manifest [K
pulling 2bada8a74506:  84% ▕███████████████   ▏ 3.9 GB/4.7 GB  4.3 MB/s   2m52s[K[?25h[?2026l[?2026h[?25l[A[1Gpulling manifest [K
pulling 2bada8a74506:  84% ▕███████████████   ▏ 3.9 GB/4.7 GB  4.3 MB/s   2m52s[K[?25h[?2026l[?2026h[?25l[A[1Gpulling manifest [K
pulling 2bada8a74506:  84% ▕███████████████   ▏ 3.9 GB/4.7 GB  4.3 MB/s   2m52s[K[?25h[?2026l[?2026h[?25l[A[1Gpulling manifest [K
pulling 2bada8a74506:  84% ▕███████████████   ▏ 3.9 GB/4.7 GB  4.3 MB/s   2m52s[K[?25h[?2026l[?2026h[?25l[A[1Gpulling manifest [K
pulling 2bada8a74506:  84% ▕███████████████   ▏ 3.9 GB/4.7 GB  4.3 MB/s   2m52s[K[?25h[?2026l[?2026h[?25l[A[1Gpulling manifest [K
pulling 2bada8a74506:  84% ▕███████████████   ▏ 3.9 GB/4.7 GB  4.4 MB/s   2m50s[K[?25h[?2026l[?2026h[?25l[A[1Gpulling manifest [K
pulling 2bada8a74506:  84% ▕███████████████   ▏ 3.9 GB/4.7 GB  4.4 MB/s   2m50s[K[?25h[?2026l[?2026h[?25l[A[1Gpulling manifest [K
pulling 2bada8a74506:  84% ▕███████████████   ▏ 3.9 GB/4.7 GB  4.4 MB/s   2m50s[K[?25h[?2026l[?2026h[?25l[A[1Gpulling manifest [K
pulling 2bada8a74506:  84% ▕███████████████   ▏ 3.9 GB/4.7 GB  4.4 MB/s   2m50s[K[?25h[?2026l[?2026h[?25l[A[1Gpulling manifest [K
pulling 2bada8a74506:  84% ▕███████████████   ▏ 3.9 GB/4.7 GB  4.4 MB/s   2m50s[K[?25h[?2026l[?2026h[?25l[A[1Gpulling manifest [K
pulling 2bada8a74506:  84% ▕███████████████   ▏ 3.9 GB/4.7 GB  4.4 MB/s   2m50s[K[?25h[?2026l[?2026h[?25l[A[1Gpulling manifest [K
pulling 2bada8a74506:  84% ▕███████████████   ▏ 3.9 GB/4.7 GB  4.4 MB/s   2m50s[K[?25h[?2026l[?2026h[?25l[A[1Gpulling manifest [K
pulling 2bada8a74506:  84% ▕███████████████   ▏ 3.9 GB/4.7 GB  4.4 MB/s   2m49s[K[?25h[?2026l[?2026h[?25l[A[1Gpulling manifest [K
pulling 2bada8a74506:  84% ▕███████████████   ▏ 3.9 GB/4.7 GB  4.4 MB/s   2m49s[K[?25h[?2026l[?2026h[?25l[A[1Gpulling manifest [K
pulling 2bada8a74506:  84% ▕███████████████   ▏ 3.9 GB/4.7 GB  4.4 MB/s   2m49s[K[?25h[?2026l[?2026h[?25l[A[1Gpulling manifest [K
pulling 2bada8a74506:  84% ▕███████████████   ▏ 3.9 GB/4.7 GB  4.4 MB/s   2m48s[K[?25h[?2026l[?2026h[?25l[A[1Gpulling manifest [K
pulling 2bada8a74506:  84% ▕███████████████   ▏ 3.9 GB/4.7 GB  4.4 MB/s   2m48s[K[?25h[?2026l[?2026h[?25l[A[1Gpulling manifest [K
pulling 2bada8a74506:  84% ▕███████████████   ▏ 3.9 GB/4.7 GB  4.4 MB/s   2m48s[K[?25h[?2026l[?2026h[?25l[A[1Gpulling manifest [K
pulling 2bada8a74506:  84% ▕███████████████   ▏ 3.9 GB/4.7 GB  4.4 MB/s   2m48s[K[?25h[?2026l[?2026h[?25l[A[1Gpulling manifest [K
pulling 2bada8a74506:  84% ▕███████████████   ▏ 3.9 GB/4.7 GB  4.4 MB/s   2m48s[K[?25h[?2026l[?2026h[?25l[A[1Gpulling manifest [K
pulling 2bada8a74506:  84% ▕███████████████   ▏ 3.9 GB/4.7 GB  4.4 MB/s   2m48s[K[?25h[?2026l[?2026h[?25l[A[1Gpulling manifest [K
pulling 2bada8a74506:  84% ▕███████████████   ▏ 3.9 GB/4.7 GB  4.4 MB/s   2m47s[K[?25h[?2026l[?2026h[?25l[A[1Gpulling manifest [K
pulling 2bada8a74506:  84% ▕███████████████   ▏ 3.9 GB/4.7 GB  4.4 MB/s   2m47s[K[?25h[?2026l[?2026h[?25l[A[1Gpulling manifest [K
pulling 2bada8a74506:  84% ▕███████████████   ▏ 3.9 GB/4.7 GB  4.4 MB/s   2m47s[K[?25h[?2026l[?2026h[?25l[A[1Gpulling manifest [K
pulling 2bada8a74506:  84% ▕███████████████   ▏ 3.9 GB/4.7 GB  4.4 MB/s   2m47s[K[?25h[?2026l[?2026h[?25l[A[1Gpulling manifest [K
pulling 2bada8a74506:  84% ▕███████████████   ▏ 3.9 GB/4.7 GB  4.4 MB/s   2m47s[K[?25h[?2026l[?2026h[?25l[A[1Gpulling manifest [K
pulling 2bada8a74506:  84% ▕███████████████   ▏ 3.9 GB/4.7 GB  4.4 MB/s   2m47s[K[?25h[?2026l[?2026h[?25l[A[1Gpulling manifest [K
pulling 2bada8a74506:  84% ▕███████████████   ▏ 3.9 GB/4.7 GB  4.4 MB/s   2m47s[K[?25h[?2026l[?2026h[?25l[A[1Gpulling manifest [K
pulling 2bada8a74506:  84% ▕███████████████   ▏ 4.0 GB/4.7 GB  4.4 MB/s   2m47s[K[?25h[?2026l[?2026h[?25l[A[1Gpulling manifest [K
pulling 2bada8a74506:  84% ▕███████████████   ▏ 4.0 GB/4.7 GB  4.4 MB/s   2m47s[K[?25h[?2026l[?2026h[?25l[A[1Gpulling manifest [K
pulling 2bada8a74506:  84% ▕███████████████   ▏ 4.0 GB/4.7 GB  4.4 MB/s   2m47s[K[?25h[?2026l[?2026h[?25l[A[1Gpulling manifest [K
pulling 2bada8a74506:  84% ▕███████████████   ▏ 4.0 GB/4.7 GB  4.4 MB/s   2m46s[K[?25h[?2026l[?2026h[?25l[A[1Gpulling manifest [K
pulling 2bada8a74506:  84% ▕███████████████   ▏ 4.0 GB/4.7 GB  4.4 MB/s   2m46s[K[?25h[?2026l[?2026h[?25l[A[1Gpulling manifest [K
pulling 2bada8a74506:  84% ▕███████████████   ▏ 4.0 GB/4.7 GB  4.4 MB/s   2m46s[K[?25h[?2026l[?2026h[?25l[A[1Gpulling manifest [K
pulling 2bada8a74506:  84% ▕███████████████   ▏ 4.0 GB/4.7 GB  4.4 MB/s   2m46s[K[?25h[?2026l[?2026h[?25l[A[1Gpulling manifest [K
pulling 2bada8a74506:  84% ▕███████████████   ▏ 4.0 GB/4.7 GB  4.4 MB/s   2m46s[K[?25h[?2026l[?2026h[?25l[A[1Gpulling manifest [K
pulling 2bada8a74506:  84% ▕███████████████   ▏ 4.0 GB/4.7 GB  4.3 MB/s   2m49s[K[?25h[?2026l[?2026h[?25l[A[1Gpulling manifest [K
pulling 2bada8a74506:  84% ▕███████████████   ▏ 4.0 GB/4.7 GB  4.3 MB/s   2m49s[K[?25h[?2026l[?2026h[?25l[A[1Gpulling manifest [K
pulling 2bada8a74506:  84% ▕███████████████   ▏ 4.0 GB/4.7 GB  4.3 MB/s   2m49s[K[?25h[?2026l[?2026h[?25l[A[1Gpulling manifest [K
pulling 2bada8a74506:  84% ▕███████████████   ▏ 4.0 GB/4.7 GB  4.3 MB/s   2m49s[K[?25h[?2026l[?2026h[?25l[A[1Gpulling manifest [K
pulling 2bada8a74506:  84% ▕███████████████   ▏ 4.0 GB/4.7 GB  4.3 MB/s   2m49s[K[?25h[?2026l[?2026h[?25l[A[1Gpulling manifest [K
pulling 2bada8a74506:  84% ▕███████████████   ▏ 4.0 GB/4.7 GB  4.3 MB/s   2m49s[K[?25h[?2026l[?2026h[?25l[A[1Gpulling manifest [K
pulling 2bada8a74506:  84% ▕███████████████   ▏ 4.0 GB/4.7 GB  4.3 MB/s   2m49s[K[?25h[?2026l[?2026h[?25l[A[1Gpulling manifest [K
pulling 2bada8a74506:  84% ▕███████████████   ▏ 4.0 GB/4.7 GB  4.3 MB/s   2m49s[K[?25h[?2026l[?2026h[?25l[A[1Gpulling manifest [K
pulling 2bada8a74506:  84% ▕███████████████   ▏ 4.0 GB/4.7 GB  4.3 MB/s   2m49s[K[?25h[?2026l[?2026h[?25l[A[1Gpulling manifest [K
pulling 2bada8a74506:  84% ▕███████████████   ▏ 4.0 GB/4.7 GB  4.3 MB/s   2m48s[K[?25h[?2026l[?2026h[?25l[A[1Gpulling manifest [K
pulling 2bada8a74506:  84% ▕███████████████   ▏ 4.0 GB/4.7 GB  4.3 MB/s   2m50s[K[?25h[?2026l[?2026h[?25l[A[1Gpulling manifest [K
pulling 2bada8a74506:  85% ▕███████████████   ▏ 4.0 GB/4.7 GB  4.3 MB/s   2m50s[K[?25h[?2026l[?2026h[?25l[A[1Gpulling manifest [K
pulling 2bada8a74506:  85% ▕███████████████   ▏ 4.0 GB/4.7 GB  4.3 MB/s   2m50s[K[?25h[?2026l[?2026h[?25l[A[1Gpulling manifest [K
pulling 2bada8a74506:  85% ▕███████████████   ▏ 4.0 GB/4.7 GB  4.3 MB/s   2m50s[K[?25h[?2026l[?2026h[?25l[A[1Gpulling manifest [K
pulling 2bada8a74506:  85% ▕███████████████   ▏ 4.0 GB/4.7 GB  4.3 MB/s   2m50s[K[?25h[?2026l[?2026h[?25l[A[1Gpulling manifest [K
pulling 2bada8a74506:  85% ▕███████████████   ▏ 4.0 GB/4.7 GB  4.3 MB/s   2m50s[K[?25h[?2026l[?2026h[?25l[A[1Gpulling manifest [K
pulling 2bada8a74506:  85% ▕███████████████   ▏ 4.0 GB/4.7 GB  4.3 MB/s   2m50s[K[?25h[?2026l[?2026h[?25l[A[1Gpulling manifest [K
pulling 2bada8a74506:  85% ▕███████████████   ▏ 4.0 GB/4.7 GB  4.3 MB/s   2m50s[K[?25h[?2026l[?2026h[?25l[A[1Gpulling manifest [K
pulling 2bada8a74506:  85% ▕███████████████   ▏ 4.0 GB/4.7 GB  4.3 MB/s   2m50s[K[?25h[?2026l[?2026h[?25l[A[1Gpulling manifest [K
pulling 2bada8a74506:  85% ▕███████████████   ▏ 4.0 GB/4.7 GB  4.3 MB/s   2m50s[K[?25h[?2026l[?2026h[?25l[A[1Gpulling manifest [K
pulling 2bada8a74506:  85% ▕███████████████   ▏ 4.0 GB/4.7 GB  4.1 MB/s   2m55s[K[?25h[?2026l[?2026h[?25l[A[1Gpulling manifest [K
pulling 2bada8a74506:  85% ▕███████████████   ▏ 4.0 GB/4.7 GB  4.1 MB/s   2m55s[K[?25h[?2026l[?2026h[?25l[A[1Gpulling manifest [K
pulling 2bada8a74506:  85% ▕███████████████   ▏ 4.0 GB/4.7 GB  4.1 MB/s   2m55s[K[?25h[?2026l[?2026h[?25l[A[1Gpulling manifest [K
pulling 2bada8a74506:  85% ▕███████████████   ▏ 4.0 GB/4.7 GB  4.1 MB/s   2m55s[K[?25h[?2026l[?2026h[?25l[A[1Gpulling manifest [K
pulling 2bada8a74506:  85% ▕███████████████   ▏ 4.0 GB/4.7 GB  4.1 MB/s   2m55s[K[?25h[?2026l[?2026h[?25l[A[1Gpulling manifest [K
pulling 2bada8a74506:  85% ▕███████████████   ▏ 4.0 GB/4.7 GB  4.1 MB/s   2m54s[K[?25h[?2026l[?2026h[?25l[A[1Gpulling manifest [K
pulling 2bada8a74506:  85% ▕███████████████   ▏ 4.0 GB/4.7 GB  4.1 MB/s   2m54s[K[?25h[?2026l[?2026h[?25l[A[1Gpulling manifest [K
pulling 2bada8a74506:  85% ▕███████████████   ▏ 4.0 GB/4.7 GB  4.1 MB/s   2m54s[K[?25h[?2026l[?2026h[?25l[A[1Gpulling manifest [K
pulling 2bada8a74506:  85% ▕███████████████   ▏ 4.0 GB/4.7 GB  4.1 MB/s   2m54s[K[?25h[?2026l[?2026h[?25l[A[1Gpulling manifest [K
pulling 2bada8a74506:  85% ▕███████████████   ▏ 4.0 GB/4.7 GB  4.1 MB/s   2m54s[K[?25h[?2026l[?2026h[?25l[A[1Gpulling manifest [K
pulling 2bada8a74506:  85% ▕███████████████   ▏ 4.0 GB/4.7 GB  4.1 MB/s   2m56s[K[?25h[?2026l[?2026h[?25l[A[1Gpulling manifest [K
pulling 2bada8a74506:  85% ▕███████████████   ▏ 4.0 GB/4.7 GB  4.1 MB/s   2m56s[K[?25h[?2026l[?2026h[?25l[A[1Gpulling manifest [K
pulling 2bada8a74506:  85% ▕███████████████   ▏ 4.0 GB/4.7 GB  4.1 MB/s   2m55s[K[?25h[?2026l[?2026h[?25l[A[1Gpulling manifest [K
pulling 2bada8a74506:  85% ▕███████████████   ▏ 4.0 GB/4.7 GB  4.1 MB/s   2m55s[K[?25h[?2026l[?2026h[?25l[A[1Gpulling manifest [K
pulling 2bada8a74506:  85% ▕███████████████   ▏ 4.0 GB/4.7 GB  4.1 MB/s   2m55s[K[?25h[?2026l[?2026h[?25l[A[1Gpulling manifest [K
pulling 2bada8a74506:  85% ▕███████████████   ▏ 4.0 GB/4.7 GB  4.1 MB/s   2m55s[K[?25h[?2026l[?2026h[?25l[A[1Gpulling manifest [K
pulling 2bada8a74506:  85% ▕███████████████   ▏ 4.0 GB/4.7 GB  4.1 MB/s   2m55s[K[?25h[?2026l[?2026h[?25l[A[1Gpulling manifest [K
pulling 2bada8a74506:  85% ▕███████████████   ▏ 4.0 GB/4.7 GB  4.1 MB/s   2m55s[K[?25h[?2026l[?2026h[?25l[A[1Gpulling manifest [K
pulling 2bada8a74506:  85% ▕███████████████   ▏ 4.0 GB/4.7 GB  4.1 MB/s   2m55s[K[?25h[?2026l[?2026h[?25l[A[1Gpulling manifest [K
pulling 2bada8a74506:  85% ▕███████████████   ▏ 4.0 GB/4.7 GB  4.1 MB/s   2m55s[K[?25h[?2026l[?2026h[?25l[A[1Gpulling manifest [K
pulling 2bada8a74506:  85% ▕███████████████   ▏ 4.0 GB/4.7 GB  4.1 MB/s   2m55s[K[?25h[?2026l[?2026h[?25l[A[1Gpulling manifest [K
pulling 2bada8a74506:  85% ▕███████████████   ▏ 4.0 GB/4.7 GB  4.2 MB/s   2m51s[K[?25h[?2026l[?2026h[?25l[A[1Gpulling manifest [K
pulling 2bada8a74506:  85% ▕███████████████   ▏ 4.0 GB/4.7 GB  4.2 MB/s   2m51s[K[?25h[?2026l[?2026h[?25l[A[1Gpulling manifest [K
pulling 2bada8a74506:  85% ▕███████████████   ▏ 4.0 GB/4.7 GB  4.2 MB/s   2m51s[K[?25h[?2026l[?2026h[?25l[A[1Gpulling manifest [K
pulling 2bada8a74506:  85% ▕███████████████   ▏ 4.0 GB/4.7 GB  4.2 MB/s   2m50s[K[?25h[?2026l[?2026h[?25l[A[1Gpulling manifest [K
pulling 2bada8a74506:  85% ▕███████████████   ▏ 4.0 GB/4.7 GB  4.2 MB/s   2m50s[K[?25h[?2026l[?2026h[?25l[A[1Gpulling manifest [K
pulling 2bada8a74506:  85% ▕███████████████   ▏ 4.0 GB/4.7 GB  4.2 MB/s   2m50s[K[?25h[?2026l[?2026h[?25l[A[1Gpulling manifest [K
pulling 2bada8a74506:  85% ▕███████████████   ▏ 4.0 GB/4.7 GB  4.2 MB/s   2m50s[K[?25h[?2026l[?2026h[?25l[A[1Gpulling manifest [K
pulling 2bada8a74506:  85% ▕███████████████   ▏ 4.0 GB/4.7 GB  4.2 MB/s   2m50s[K[?25h[?2026l[?2026h[?25l[A[1Gpulling manifest [K
pulling 2bada8a74506:  85% ▕███████████████   ▏ 4.0 GB/4.7 GB  4.2 MB/s   2m50s[K[?25h[?2026l[?2026h[?25l[A[1Gpulling manifest [K
pulling 2bada8a74506:  85% ▕███████████████   ▏ 4.0 GB/4.7 GB  4.2 MB/s   2m50s[K[?25h[?2026l[?2026h[?25l[A[1Gpulling manifest [K
pulling 2bada8a74506:  85% ▕███████████████   ▏ 4.0 GB/4.7 GB  4.2 MB/s   2m47s[K[?25h[?2026l[?2026h[?25l[A[1Gpulling manifest [K
pulling 2bada8a74506:  85% ▕███████████████   ▏ 4.0 GB/4.7 GB  4.2 MB/s   2m47s[K[?25h[?2026l[?2026h[?25l[A[1Gpulling manifest [K
pulling 2bada8a74506:  85% ▕███████████████   ▏ 4.0 GB/4.7 GB  4.2 MB/s   2m46s[K[?25h[?2026l[?2026h[?25l[A[1Gpulling manifest [K
pulling 2bada8a74506:  85% ▕███████████████   ▏ 4.0 GB/4.7 GB  4.2 MB/s   2m46s[K[?25h[?2026l[?2026h[?25l[A[1Gpulling manifest [K
pulling 2bada8a74506:  85% ▕███████████████   ▏ 4.0 GB/4.7 GB  4.2 MB/s   2m46s[K[?25h[?2026l[?2026h[?25l[A[1Gpulling manifest [K
pulling 2bada8a74506:  85% ▕███████████████   ▏ 4.0 GB/4.7 GB  4.2 MB/s   2m46s[K[?25h[?2026l[?2026h[?25l[A[1Gpulling manifest [K
pulling 2bada8a74506:  85% ▕███████████████   ▏ 4.0 GB/4.7 GB  4.2 MB/s   2m46s[K[?25h[?2026l[?2026h[?25l[A[1Gpulling manifest [K
pulling 2bada8a74506:  85% ▕███████████████   ▏ 4.0 GB/4.7 GB  4.2 MB/s   2m46s[K[?25h[?2026l[?2026h[?25l[A[1Gpulling manifest [K
pulling 2bada8a74506:  85% ▕███████████████   ▏ 4.0 GB/4.7 GB  4.2 MB/s   2m46s[K[?25h[?2026l[?2026h[?25l[A[1Gpulling manifest [K
pulling 2bada8a74506:  85% ▕███████████████   ▏ 4.0 GB/4.7 GB  4.2 MB/s   2m46s[K[?25h[?2026l[?2026h[?25l[A[1Gpulling manifest [K
pulling 2bada8a74506:  85% ▕███████████████   ▏ 4.0 GB/4.7 GB  4.3 MB/s   2m42s[K[?25h[?2026l[?2026h[?25l[A[1Gpulling manifest [K
pulling 2bada8a74506:  85% ▕███████████████   ▏ 4.0 GB/4.7 GB  4.3 MB/s   2m42s[K[?25h[?2026l[?2026h[?25l[A[1Gpulling manifest [K
pulling 2bada8a74506:  85% ▕███████████████   ▏ 4.0 GB/4.7 GB  4.3 MB/s   2m42s[K[?25h[?2026l[?2026h[?25l[A[1Gpulling manifest [K
pulling 2bada8a74506:  85% ▕███████████████   ▏ 4.0 GB/4.7 GB  4.3 MB/s   2m42s[K[?25h[?2026l[?2026h[?25l[A[1Gpulling manifest [K
pulling 2bada8a74506:  85% ▕███████████████   ▏ 4.0 GB/4.7 GB  4.3 MB/s   2m42s[K[?25h[?2026l[?2026h[?25l[A[1Gpulling manifest [K
pulling 2bada8a74506:  85% ▕███████████████   ▏ 4.0 GB/4.7 GB  4.3 MB/s   2m42s[K[?25h[?2026l[?2026h[?25l[A[1Gpulling manifest [K
pulling 2bada8a74506:  85% ▕███████████████   ▏ 4.0 GB/4.7 GB  4.3 MB/s   2m42s[K[?25h[?2026l[?2026h[?25l[A[1Gpulling manifest [K
pulling 2bada8a74506:  85% ▕███████████████   ▏ 4.0 GB/4.7 GB  4.3 MB/s   2m41s[K[?25h[?2026l[?2026h[?25l[A[1Gpulling manifest [K
pulling 2bada8a74506:  85% ▕███████████████   ▏ 4.0 GB/4.7 GB  4.3 MB/s   2m41s[K[?25h[?2026l[?2026h[?25l[A[1Gpulling manifest [K
pulling 2bada8a74506:  85% ▕███████████████   ▏ 4.0 GB/4.7 GB  4.3 MB/s   2m41s[K[?25h[?2026l[?2026h[?25l[A[1Gpulling manifest [K
pulling 2bada8a74506:  85% ▕███████████████   ▏ 4.0 GB/4.7 GB  4.4 MB/s   2m39s[K[?25h[?2026l[?2026h[?25l[A[1Gpulling manifest [K
pulling 2bada8a74506:  85% ▕███████████████   ▏ 4.0 GB/4.7 GB  4.4 MB/s   2m39s[K[?25h[?2026l[?2026h[?25l[A[1Gpulling manifest [K
pulling 2bada8a74506:  85% ▕███████████████   ▏ 4.0 GB/4.7 GB  4.4 MB/s   2m39s[K[?25h[?2026l[?2026h[?25l[A[1Gpulling manifest [K
pulling 2bada8a74506:  85% ▕███████████████   ▏ 4.0 GB/4.7 GB  4.4 MB/s   2m39s[K[?25h[?2026l[?2026h[?25l[A[1Gpulling manifest [K
pulling 2bada8a74506:  85% ▕███████████████   ▏ 4.0 GB/4.7 GB  4.4 MB/s   2m39s[K[?25h[?2026l[?2026h[?25l[A[1Gpulling manifest [K
pulling 2bada8a74506:  85% ▕███████████████   ▏ 4.0 GB/4.7 GB  4.4 MB/s   2m39s[K[?25h[?2026l[?2026h[?25l[A[1Gpulling manifest [K
pulling 2bada8a74506:  85% ▕███████████████   ▏ 4.0 GB/4.7 GB  4.4 MB/s   2m39s[K[?25h[?2026l[?2026h[?25l[A[1Gpulling manifest [K
pulling 2bada8a74506:  85% ▕███████████████   ▏ 4.0 GB/4.7 GB  4.4 MB/s   2m38s[K[?25h[?2026l[?2026h[?25l[A[1Gpulling manifest [K
pulling 2bada8a74506:  85% ▕███████████████   ▏ 4.0 GB/4.7 GB  4.4 MB/s   2m38s[K[?25h[?2026l[?2026h[?25l[A[1Gpulling manifest [K
pulling 2bada8a74506:  85% ▕███████████████   ▏ 4.0 GB/4.7 GB  4.4 MB/s   2m38s[K[?25h[?2026l[?2026h[?25l[A[1Gpulling manifest [K
pulling 2bada8a74506:  85% ▕███████████████   ▏ 4.0 GB/4.7 GB  4.4 MB/s   2m36s[K[?25h[?2026l[?2026h[?25l[A[1Gpulling manifest [K
pulling 2bada8a74506:  85% ▕███████████████   ▏ 4.0 GB/4.7 GB  4.4 MB/s   2m36s[K[?25h[?2026l[?2026h[?25l[A[1Gpulling manifest [K
pulling 2bada8a74506:  85% ▕███████████████   ▏ 4.0 GB/4.7 GB  4.4 MB/s   2m36s[K[?25h[?2026l[?2026h[?25l[A[1Gpulling manifest [K
pulling 2bada8a74506:  85% ▕███████████████   ▏ 4.0 GB/4.7 GB  4.4 MB/s   2m36s[K[?25h[?2026l[?2026h[?25l[A[1Gpulling manifest [K
pulling 2bada8a74506:  85% ▕███████████████   ▏ 4.0 GB/4.7 GB  4.4 MB/s   2m36s[K[?25h[?2026l[?2026h[?25l[A[1Gpulling manifest [K
pulling 2bada8a74506:  85% ▕███████████████   ▏ 4.0 GB/4.7 GB  4.4 MB/s   2m36s[K[?25h[?2026l[?2026h[?25l[A[1Gpulling manifest [K
pulling 2bada8a74506:  85% ▕███████████████   ▏ 4.0 GB/4.7 GB  4.4 MB/s   2m36s[K[?25h[?2026l[?2026h[?25l[A[1Gpulling manifest [K
pulling 2bada8a74506:  85% ▕███████████████   ▏ 4.0 GB/4.7 GB  4.4 MB/s   2m36s[K[?25h[?2026l[?2026h[?25l[A[1Gpulling manifest [K
pulling 2bada8a74506:  85% ▕███████████████   ▏ 4.0 GB/4.7 GB  4.4 MB/s   2m36s[K[?25h[?2026l[?2026h[?25l[A[1Gpulling manifest [K
pulling 2bada8a74506:  85% ▕███████████████   ▏ 4.0 GB/4.7 GB  4.4 MB/s   2m35s[K[?25h[?2026l[?2026h[?25l[A[1Gpulling manifest [K
pulling 2bada8a74506:  85% ▕███████████████   ▏ 4.0 GB/4.7 GB  4.4 MB/s   2m35s[K[?25h[?2026l[?2026h[?25l[A[1Gpulling manifest [K
pulling 2bada8a74506:  85% ▕███████████████   ▏ 4.0 GB/4.7 GB  4.5 MB/s   2m31s[K[?25h[?2026l[?2026h[?25l[A[1Gpulling manifest [K
pulling 2bada8a74506:  85% ▕███████████████   ▏ 4.0 GB/4.7 GB  4.5 MB/s   2m31s[K[?25h[?2026l[?2026h[?25l[A[1Gpulling manifest [K
pulling 2bada8a74506:  85% ▕███████████████   ▏ 4.0 GB/4.7 GB  4.5 MB/s   2m31s[K[?25h[?2026l[?2026h[?25l[A[1Gpulling manifest [K
pulling 2bada8a74506:  85% ▕███████████████   ▏ 4.0 GB/4.7 GB  4.5 MB/s   2m31s[K[?25h[?2026l[?2026h[?25l[A[1Gpulling manifest [K
pulling 2bada8a74506:  85% ▕███████████████   ▏ 4.0 GB/4.7 GB  4.5 MB/s   2m31s[K[?25h[?2026l[?2026h[?25l[A[1Gpulling manifest [K
pulling 2bada8a74506:  85% ▕███████████████   ▏ 4.0 GB/4.7 GB  4.5 MB/s   2m30s[K[?25h[?2026l[?2026h[?25l[A[1Gpulling manifest [K
pulling 2bada8a74506:  85% ▕███████████████   ▏ 4.0 GB/4.7 GB  4.5 MB/s   2m30s[K[?25h[?2026l[?2026h[?25l[A[1Gpulling manifest [K
pulling 2bada8a74506:  85% ▕███████████████   ▏ 4.0 GB/4.7 GB  4.5 MB/s   2m30s[K[?25h[?2026l[?2026h[?25l[A[1Gpulling manifest [K
pulling 2bada8a74506:  85% ▕███████████████   ▏ 4.0 GB/4.7 GB  4.5 MB/s   2m30s[K[?25h[?2026l[?2026h[?25l[A[1Gpulling manifest [K
pulling 2bada8a74506:  85% ▕███████████████   ▏ 4.0 GB/4.7 GB  4.5 MB/s   2m30s[K[?25h[?2026l[?2026h[?25l[A[1Gpulling manifest [K
pulling 2bada8a74506:  85% ▕███████████████   ▏ 4.0 GB/4.7 GB  4.7 MB/s   2m26s[K[?25h[?2026l[?2026h[?25l[A[1Gpulling manifest [K
pulling 2bada8a74506:  85% ▕███████████████   ▏ 4.0 GB/4.7 GB  4.7 MB/s   2m26s[K[?25h[?2026l[?2026h[?25l[A[1Gpulling manifest [K
pulling 2bada8a74506:  85% ▕███████████████   ▏ 4.0 GB/4.7 GB  4.7 MB/s   2m26s[K[?25h[?2026l[?2026h[?25l[A[1Gpulling manifest [K
pulling 2bada8a74506:  85% ▕███████████████   ▏ 4.0 GB/4.7 GB  4.7 MB/s   2m26s[K[?25h[?2026l[?2026h[?25l[A[1Gpulling manifest [K
pulling 2bada8a74506:  85% ▕███████████████   ▏ 4.0 GB/4.7 GB  4.7 MB/s   2m26s[K[?25h[?2026l[?2026h[?25l[A[1Gpulling manifest [K
pulling 2bada8a74506:  85% ▕███████████████   ▏ 4.0 GB/4.7 GB  4.7 MB/s   2m26s[K[?25h[?2026l[?2026h[?25l[A[1Gpulling manifest [K
pulling 2bada8a74506:  85% ▕███████████████   ▏ 4.0 GB/4.7 GB  4.7 MB/s   2m25s[K[?25h[?2026l[?2026h[?25l[A[1Gpulling manifest [K
pulling 2bada8a74506:  85% ▕███████████████   ▏ 4.0 GB/4.7 GB  4.7 MB/s   2m25s[K[?25h[?2026l[?2026h[?25l[A[1Gpulling manifest [K
pulling 2bada8a74506:  85% ▕███████████████   ▏ 4.0 GB/4.7 GB  4.7 MB/s   2m25s[K[?25h[?2026l[?2026h[?25l[A[1Gpulling manifest [K
pulling 2bada8a74506:  85% ▕███████████████   ▏ 4.0 GB/4.7 GB  4.7 MB/s   2m25s[K[?25h[?2026l[?2026h[?25l[A[1Gpulling manifest [K
pulling 2bada8a74506:  85% ▕███████████████   ▏ 4.0 GB/4.7 GB  4.8 MB/s   2m21s[K[?25h[?2026l[?2026h[?25l[A[1Gpulling manifest [K
pulling 2bada8a74506:  85% ▕███████████████   ▏ 4.0 GB/4.7 GB  4.8 MB/s   2m21s[K[?25h[?2026l[?2026h[?25l[A[1Gpulling manifest [K
pulling 2bada8a74506:  86% ▕███████████████   ▏ 4.0 GB/4.7 GB  4.8 MB/s   2m21s[K[?25h[?2026l[?2026h[?25l[A[1Gpulling manifest [K
pulling 2bada8a74506:  86% ▕███████████████   ▏ 4.0 GB/4.7 GB  4.8 MB/s   2m21s[K[?25h[?2026l[?2026h[?25l[A[1Gpulling manifest [K
pulling 2bada8a74506:  86% ▕███████████████   ▏ 4.0 GB/4.7 GB  4.8 MB/s   2m21s[K[?25h[?2026l[?2026h[?25l[A[1Gpulling manifest [K
pulling 2bada8a74506:  86% ▕███████████████   ▏ 4.0 GB/4.7 GB  4.8 MB/s   2m21s[K[?25h[?2026l[?2026h[?25l[A[1Gpulling manifest [K
pulling 2bada8a74506:  86% ▕███████████████   ▏ 4.0 GB/4.7 GB  4.8 MB/s   2m21s[K[?25h[?2026l[?2026h[?25l[A[1Gpulling manifest [K
pulling 2bada8a74506:  86% ▕███████████████   ▏ 4.0 GB/4.7 GB  4.8 MB/s   2m21s[K[?25h[?2026l[?2026h[?25l[A[1Gpulling manifest [K
pulling 2bada8a74506:  86% ▕███████████████   ▏ 4.0 GB/4.7 GB  4.8 MB/s   2m21s[K[?25h[?2026l[?2026h[?25l[A[1Gpulling manifest [K
pulling 2bada8a74506:  86% ▕███████████████   ▏ 4.0 GB/4.7 GB  4.8 MB/s   2m21s[K[?25h[?2026l[?2026h[?25l[A[1Gpulling manifest [K
pulling 2bada8a74506:  86% ▕███████████████   ▏ 4.0 GB/4.7 GB  4.7 MB/s   2m25s[K[?25h[?2026l[?2026h[?25l[A[1Gpulling manifest [K
pulling 2bada8a74506:  86% ▕███████████████   ▏ 4.0 GB/4.7 GB  4.7 MB/s   2m24s[K[?25h[?2026l[?2026h[?25l[A[1Gpulling manifest [K
pulling 2bada8a74506:  86% ▕███████████████   ▏ 4.0 GB/4.7 GB  4.7 MB/s   2m24s[K[?25h[?2026l[?2026h[?25l[A[1Gpulling manifest [K
pulling 2bada8a74506:  86% ▕███████████████   ▏ 4.0 GB/4.7 GB  4.7 MB/s   2m24s[K[?25h[?2026l[?2026h[?25l[A[1Gpulling manifest [K
pulling 2bada8a74506:  86% ▕███████████████   ▏ 4.0 GB/4.7 GB  4.7 MB/s   2m24s[K[?25h[?2026l[?2026h[?25l[A[1Gpulling manifest [K
pulling 2bada8a74506:  86% ▕███████████████   ▏ 4.0 GB/4.7 GB  4.7 MB/s   2m24s[K[?25h[?2026l[?2026h[?25l[A[1Gpulling manifest [K
pulling 2bada8a74506:  86% ▕███████████████   ▏ 4.0 GB/4.7 GB  4.7 MB/s   2m24s[K[?25h[?2026l[?2026h[?25l[A[1Gpulling manifest [K
pulling 2bada8a74506:  86% ▕███████████████   ▏ 4.0 GB/4.7 GB  4.7 MB/s   2m24s[K[?25h[?2026l[?2026h[?25l[A[1Gpulling manifest [K
pulling 2bada8a74506:  86% ▕███████████████   ▏ 4.0 GB/4.7 GB  4.7 MB/s   2m24s[K[?25h[?2026l[?2026h[?25l[A[1Gpulling manifest [K
pulling 2bada8a74506:  86% ▕███████████████   ▏ 4.0 GB/4.7 GB  4.7 MB/s   2m24s[K[?25h[?2026l[?2026h[?25l[A[1Gpulling manifest [K
pulling 2bada8a74506:  86% ▕███████████████   ▏ 4.0 GB/4.7 GB  4.4 MB/s   2m32s[K[?25h[?2026l[?2026h[?25l[A[1Gpulling manifest [K
pulling 2bada8a74506:  86% ▕███████████████   ▏ 4.0 GB/4.7 GB  4.4 MB/s   2m32s[K[?25h[?2026l[?2026h[?25l[A[1Gpulling manifest [K
pulling 2bada8a74506:  86% ▕███████████████   ▏ 4.0 GB/4.7 GB  4.4 MB/s   2m32s[K[?25h[?2026l[?2026h[?25l[A[1Gpulling manifest [K
pulling 2bada8a74506:  86% ▕███████████████   ▏ 4.0 GB/4.7 GB  4.4 MB/s   2m32s[K[?25h[?2026l[?2026h[?25l[A[1Gpulling manifest [K
pulling 2bada8a74506:  86% ▕███████████████   ▏ 4.0 GB/4.7 GB  4.4 MB/s   2m32s[K[?25h[?2026l[?2026h[?25l[A[1Gpulling manifest [K
pulling 2bada8a74506:  86% ▕███████████████   ▏ 4.0 GB/4.7 GB  4.4 MB/s   2m31s[K[?25h[?2026l[?2026h[?25l[A[1Gpulling manifest [K
pulling 2bada8a74506:  86% ▕███████████████   ▏ 4.0 GB/4.7 GB  4.4 MB/s   2m31s[K[?25h[?2026l[?2026h[?25l[A[1Gpulling manifest [K
pulling 2bada8a74506:  86% ▕███████████████   ▏ 4.0 GB/4.7 GB  4.4 MB/s   2m31s[K[?25h[?2026l[?2026h[?25l[A[1Gpulling manifest [K
pulling 2bada8a74506:  86% ▕███████████████   ▏ 4.0 GB/4.7 GB  4.4 MB/s   2m31s[K[?25h[?2026l[?2026h[?25l[A[1Gpulling manifest [K
pulling 2bada8a74506:  86% ▕███████████████   ▏ 4.0 GB/4.7 GB  4.4 MB/s   2m31s[K[?25h[?2026l[?2026h[?25l[A[1Gpulling manifest [K
pulling 2bada8a74506:  86% ▕███████████████   ▏ 4.0 GB/4.7 GB  4.4 MB/s   2m31s[K[?25h[?2026l[?2026h[?25l[A[1Gpulling manifest [K
pulling 2bada8a74506:  86% ▕███████████████   ▏ 4.0 GB/4.7 GB  4.4 MB/s   2m33s[K[?25h[?2026l[?2026h[?25l[A[1Gpulling manifest [K
pulling 2bada8a74506:  86% ▕███████████████   ▏ 4.0 GB/4.7 GB  4.4 MB/s   2m33s[K[?25h[?2026l[?2026h[?25l[A[1Gpulling manifest [K
pulling 2bada8a74506:  86% ▕███████████████   ▏ 4.0 GB/4.7 GB  4.4 MB/s   2m33s[K[?25h[?2026l[?2026h[?25l[A[1Gpulling manifest [K
pulling 2bada8a74506:  86% ▕███████████████   ▏ 4.0 GB/4.7 GB  4.4 MB/s   2m33s[K[?25h[?2026l[?2026h[?25l[A[1Gpulling manifest [K
pulling 2bada8a74506:  86% ▕███████████████   ▏ 4.0 GB/4.7 GB  4.4 MB/s   2m33s[K[?25h[?2026l[?2026h[?25l[A[1Gpulling manifest [K
pulling 2bada8a74506:  86% ▕███████████████   ▏ 4.0 GB/4.7 GB  4.4 MB/s   2m33s[K[?25h[?2026l[?2026h[?25l[A[1Gpulling manifest [K
pulling 2bada8a74506:  86% ▕███████████████   ▏ 4.0 GB/4.7 GB  4.4 MB/s   2m33s[K[?25h[?2026l[?2026h[?25l[A[1Gpulling manifest [K
pulling 2bada8a74506:  86% ▕███████████████   ▏ 4.0 GB/4.7 GB  4.4 MB/s   2m32s[K[?25h[?2026l[?2026h[?25l[A[1Gpulling manifest [K
pulling 2bada8a74506:  86% ▕███████████████   ▏ 4.0 GB/4.7 GB  4.4 MB/s   2m32s[K[?25h[?2026l[?2026h[?25l[A[1Gpulling manifest [K
pulling 2bada8a74506:  86% ▕███████████████   ▏ 4.0 GB/4.7 GB  4.4 MB/s   2m32s[K[?25h[?2026l[?2026h[?25l[A[1Gpulling manifest [K
pulling 2bada8a74506:  86% ▕███████████████   ▏ 4.0 GB/4.7 GB  4.6 MB/s   2m25s[K[?25h[?2026l[?2026h[?25l[A[1Gpulling manifest [K
pulling 2bada8a74506:  86% ▕███████████████   ▏ 4.0 GB/4.7 GB  4.6 MB/s   2m25s[K[?25h[?2026l[?2026h[?25l[A[1Gpulling manifest [K
pulling 2bada8a74506:  86% ▕███████████████   ▏ 4.0 GB/4.7 GB  4.6 MB/s   2m25s[K[?25h[?2026l[?2026h[?25l[A[1Gpulling manifest [K
pulling 2bada8a74506:  86% ▕███████████████   ▏ 4.0 GB/4.7 GB  4.6 MB/s   2m24s[K[?25h[?2026l[?2026h[?25l[A[1Gpulling manifest [K
pulling 2bada8a74506:  86% ▕███████████████   ▏ 4.0 GB/4.7 GB  4.6 MB/s   2m24s[K[?25h[?2026l[?2026h[?25l[A[1Gpulling manifest [K
pulling 2bada8a74506:  86% ▕███████████████   ▏ 4.0 GB/4.7 GB  4.6 MB/s   2m24s[K[?25h[?2026l[?2026h[?25l[A[1Gpulling manifest [K
pulling 2bada8a74506:  86% ▕███████████████   ▏ 4.0 GB/4.7 GB  4.6 MB/s   2m24s[K[?25h[?2026l[?2026h[?25l[A[1Gpulling manifest [K
pulling 2bada8a74506:  86% ▕███████████████   ▏ 4.0 GB/4.7 GB  4.6 MB/s   2m24s[K[?25h[?2026l[?2026h[?25l[A[1Gpulling manifest [K
pulling 2bada8a74506:  86% ▕███████████████   ▏ 4.0 GB/4.7 GB  4.6 MB/s   2m24s[K[?25h[?2026l[?2026h[?25l[A[1Gpulling manifest [K
pulling 2bada8a74506:  86% ▕███████████████   ▏ 4.0 GB/4.7 GB  4.6 MB/s   2m24s[K[?25h[?2026l[?2026h[?25l[A[1Gpulling manifest [K
pulling 2bada8a74506:  86% ▕███████████████   ▏ 4.0 GB/4.7 GB  4.5 MB/s   2m26s[K[?25h[?2026l[?2026h[?25l[A[1Gpulling manifest [K
pulling 2bada8a74506:  86% ▕███████████████   ▏ 4.0 GB/4.7 GB  4.5 MB/s   2m26s[K[?25h[?2026l[?2026h[?25l[A[1Gpulling manifest [K
pulling 2bada8a74506:  86% ▕███████████████   ▏ 4.0 GB/4.7 GB  4.5 MB/s   2m26s[K[?25h[?2026l[?2026h[?25l[A[1Gpulling manifest [K
pulling 2bada8a74506:  86% ▕███████████████   ▏ 4.0 GB/4.7 GB  4.5 MB/s   2m26s[K[?25h[?2026l[?2026h[?25l[A[1Gpulling manifest [K
pulling 2bada8a74506:  86% ▕███████████████   ▏ 4.0 GB/4.7 GB  4.5 MB/s   2m26s[K[?25h[?2026l[?2026h[?25l[A[1Gpulling manifest [K
pulling 2bada8a74506:  86% ▕███████████████   ▏ 4.0 GB/4.7 GB  4.5 MB/s   2m26s[K[?25h[?2026l[?2026h[?25l[A[1Gpulling manifest [K
pulling 2bada8a74506:  86% ▕███████████████   ▏ 4.0 GB/4.7 GB  4.5 MB/s   2m26s[K[?25h[?2026l[?2026h[?25l[A[1Gpulling manifest [K
pulling 2bada8a74506:  86% ▕███████████████   ▏ 4.0 GB/4.7 GB  4.5 MB/s   2m25s[K[?25h[?2026l[?2026h[?25l[A[1Gpulling manifest [K
pulling 2bada8a74506:  86% ▕███████████████   ▏ 4.0 GB/4.7 GB  4.5 MB/s   2m25s[K[?25h[?2026l[?2026h[?25l[A[1Gpulling manifest [K
pulling 2bada8a74506:  86% ▕███████████████   ▏ 4.0 GB/4.7 GB  4.5 MB/s   2m25s[K[?25h[?2026l[?2026h[?25l[A[1Gpulling manifest [K
pulling 2bada8a74506:  86% ▕███████████████   ▏ 4.0 GB/4.7 GB  4.5 MB/s   2m26s[K[?25h[?2026l[?2026h[?25l[A[1Gpulling manifest [K
pulling 2bada8a74506:  86% ▕███████████████   ▏ 4.0 GB/4.7 GB  4.5 MB/s   2m26s[K[?25h[?2026l[?2026h[?25l[A[1Gpulling manifest [K
pulling 2bada8a74506:  86% ▕███████████████   ▏ 4.0 GB/4.7 GB  4.5 MB/s   2m26s[K[?25h[?2026l[?2026h[?25l[A[1Gpulling manifest [K
pulling 2bada8a74506:  86% ▕███████████████   ▏ 4.0 GB/4.7 GB  4.5 MB/s   2m26s[K[?25h[?2026l[?2026h[?25l[A[1Gpulling manifest [K
pulling 2bada8a74506:  86% ▕███████████████   ▏ 4.0 GB/4.7 GB  4.5 MB/s   2m26s[K[?25h[?2026l[?2026h[?25l[A[1Gpulling manifest [K
pulling 2bada8a74506:  86% ▕███████████████   ▏ 4.0 GB/4.7 GB  4.5 MB/s   2m26s[K[?25h[?2026l[?2026h[?25l[A[1Gpulling manifest [K
pulling 2bada8a74506:  86% ▕███████████████   ▏ 4.0 GB/4.7 GB  4.5 MB/s   2m26s[K[?25h[?2026l[?2026h[?25l[A[1Gpulling manifest [K
pulling 2bada8a74506:  86% ▕███████████████   ▏ 4.0 GB/4.7 GB  4.5 MB/s   2m26s[K[?25h[?2026l[?2026h[?25l[A[1Gpulling manifest [K
pulling 2bada8a74506:  86% ▕███████████████   ▏ 4.0 GB/4.7 GB  4.5 MB/s   2m26s[K[?25h[?2026l[?2026h[?25l[A[1Gpulling manifest [K
pulling 2bada8a74506:  86% ▕███████████████   ▏ 4.0 GB/4.7 GB  4.5 MB/s   2m25s[K[?25h[?2026l[?2026h[?25l[A[1Gpulling manifest [K
pulling 2bada8a74506:  86% ▕███████████████   ▏ 4.0 GB/4.7 GB  4.4 MB/s   2m28s[K[?25h[?2026l[?2026h[?25l[A[1Gpulling manifest [K
pulling 2bada8a74506:  86% ▕███████████████   ▏ 4.0 GB/4.7 GB  4.4 MB/s   2m28s[K[?25h[?2026l[?2026h[?25l[A[1Gpulling manifest [K
pulling 2bada8a74506:  86% ▕███████████████   ▏ 4.0 GB/4.7 GB  4.4 MB/s   2m28s[K[?25h[?2026l[?2026h[?25l[A[1Gpulling manifest [K
pulling 2bada8a74506:  86% ▕███████████████   ▏ 4.0 GB/4.7 GB  4.4 MB/s   2m28s[K[?25h[?2026l[?2026h[?25l[A[1Gpulling manifest [K
pulling 2bada8a74506:  86% ▕███████████████   ▏ 4.0 GB/4.7 GB  4.4 MB/s   2m27s[K[?25h[?2026l[?2026h[?25l[A[1Gpulling manifest [K
pulling 2bada8a74506:  86% ▕███████████████   ▏ 4.0 GB/4.7 GB  4.4 MB/s   2m27s[K[?25h[?2026l[?2026h[?25l[A[1Gpulling manifest [K
pulling 2bada8a74506:  86% ▕███████████████   ▏ 4.0 GB/4.7 GB  4.4 MB/s   2m27s[K[?25h[?2026l[?2026h[?25l[A[1Gpulling manifest [K
pulling 2bada8a74506:  86% ▕███████████████   ▏ 4.0 GB/4.7 GB  4.4 MB/s   2m27s[K[?25h[?2026l[?2026h[?25l[A[1Gpulling manifest [K
pulling 2bada8a74506:  86% ▕███████████████   ▏ 4.0 GB/4.7 GB  4.4 MB/s   2m27s[K[?25h[?2026l[?2026h[?25l[A[1Gpulling manifest [K
pulling 2bada8a74506:  86% ▕███████████████   ▏ 4.0 GB/4.7 GB  4.4 MB/s   2m27s[K[?25h[?2026l[?2026h[?25l[A[1Gpulling manifest [K
pulling 2bada8a74506:  86% ▕███████████████   ▏ 4.0 GB/4.7 GB  4.4 MB/s   2m27s[K[?25h[?2026l[?2026h[?25l[A[1Gpulling manifest [K
pulling 2bada8a74506:  86% ▕███████████████   ▏ 4.0 GB/4.7 GB  4.4 MB/s   2m27s[K[?25h[?2026l[?2026h[?25l[A[1Gpulling manifest [K
pulling 2bada8a74506:  86% ▕███████████████   ▏ 4.0 GB/4.7 GB  4.4 MB/s   2m26s[K[?25h[?2026l[?2026h[?25l[A[1Gpulling manifest [K
pulling 2bada8a74506:  86% ▕███████████████   ▏ 4.0 GB/4.7 GB  4.4 MB/s   2m26s[K[?25h[?2026l[?2026h[?25l[A[1Gpulling manifest [K
pulling 2bada8a74506:  86% ▕███████████████   ▏ 4.0 GB/4.7 GB  4.4 MB/s   2m26s[K[?25h[?2026l[?2026h[?25l[A[1Gpulling manifest [K
pulling 2bada8a74506:  86% ▕███████████████   ▏ 4.0 GB/4.7 GB  4.4 MB/s   2m26s[K[?25h[?2026l[?2026h[?25l[A[1Gpulling manifest [K
pulling 2bada8a74506:  86% ▕███████████████   ▏ 4.0 GB/4.7 GB  4.4 MB/s   2m26s[K[?25h[?2026l[?2026h[?25l[A[1Gpulling manifest [K
pulling 2bada8a74506:  86% ▕███████████████   ▏ 4.0 GB/4.7 GB  4.4 MB/s   2m26s[K[?25h[?2026l[?2026h[?25l[A[1Gpulling manifest [K
pulling 2bada8a74506:  86% ▕███████████████   ▏ 4.0 GB/4.7 GB  4.4 MB/s   2m26s[K[?25h[?2026l[?2026h[?25l[A[1Gpulling manifest [K
pulling 2bada8a74506:  86% ▕███████████████   ▏ 4.0 GB/4.7 GB  4.4 MB/s   2m26s[K[?25h[?2026l[?2026h[?25l[A[1Gpulling manifest [K
pulling 2bada8a74506:  86% ▕███████████████   ▏ 4.0 GB/4.7 GB  4.4 MB/s   2m26s[K[?25h[?2026l[?2026h[?25l[A[1Gpulling manifest [K
pulling 2bada8a74506:  86% ▕███████████████   ▏ 4.0 GB/4.7 GB  4.5 MB/s   2m23s[K[?25h[?2026l[?2026h[?25l[A[1Gpulling manifest [K
pulling 2bada8a74506:  86% ▕███████████████   ▏ 4.0 GB/4.7 GB  4.5 MB/s   2m23s[K[?25h[?2026l[?2026h[?25l[A[1Gpulling manifest [K
pulling 2bada8a74506:  86% ▕███████████████   ▏ 4.0 GB/4.7 GB  4.5 MB/s   2m23s[K[?25h[?2026l[?2026h[?25l[A[1Gpulling manifest [K
pulling 2bada8a74506:  86% ▕███████████████   ▏ 4.0 GB/4.7 GB  4.5 MB/s   2m23s[K[?25h[?2026l[?2026h[?25l[A[1Gpulling manifest [K
pulling 2bada8a74506:  86% ▕███████████████   ▏ 4.0 GB/4.7 GB  4.5 MB/s   2m23s[K[?25h[?2026l[?2026h[?25l[A[1Gpulling manifest [K
pulling 2bada8a74506:  86% ▕███████████████   ▏ 4.0 GB/4.7 GB  4.5 MB/s   2m23s[K[?25h[?2026l[?2026h[?25l[A[1Gpulling manifest [K
pulling 2bada8a74506:  86% ▕███████████████   ▏ 4.0 GB/4.7 GB  4.5 MB/s   2m22s[K[?25h[?2026l[?2026h[?25l[A[1Gpulling manifest [K
pulling 2bada8a74506:  86% ▕███████████████   ▏ 4.0 GB/4.7 GB  4.5 MB/s   2m22s[K[?25h[?2026l[?2026h[?25l[A[1Gpulling manifest [K
pulling 2bada8a74506:  86% ▕███████████████   ▏ 4.0 GB/4.7 GB  4.5 MB/s   2m22s[K[?25h[?2026l[?2026h[?25l[A[1Gpulling manifest [K
pulling 2bada8a74506:  86% ▕███████████████   ▏ 4.0 GB/4.7 GB  4.5 MB/s   2m22s[K[?25h[?2026l[?2026h[?25l[A[1Gpulling manifest [K
pulling 2bada8a74506:  86% ▕███████████████   ▏ 4.0 GB/4.7 GB  4.6 MB/s   2m19s[K[?25h[?2026l[?2026h[?25l[A[1Gpulling manifest [K
pulling 2bada8a74506:  86% ▕███████████████   ▏ 4.0 GB/4.7 GB  4.6 MB/s   2m19s[K[?25h[?2026l[?2026h[?25l[A[1Gpulling manifest [K
pulling 2bada8a74506:  86% ▕███████████████   ▏ 4.0 GB/4.7 GB  4.6 MB/s   2m19s[K[?25h[?2026l[?2026h[?25l[A[1Gpulling manifest [K
pulling 2bada8a74506:  86% ▕███████████████   ▏ 4.0 GB/4.7 GB  4.6 MB/s   2m19s[K[?25h[?2026l[?2026h[?25l[A[1Gpulling manifest [K
pulling 2bada8a74506:  86% ▕███████████████   ▏ 4.0 GB/4.7 GB  4.6 MB/s   2m19s[K[?25h[?2026l[?2026h[?25l[A[1Gpulling manifest [K
pulling 2bada8a74506:  86% ▕███████████████   ▏ 4.0 GB/4.7 GB  4.6 MB/s   2m19s[K[?25h[?2026l[?2026h[?25l[A[1Gpulling manifest [K
pulling 2bada8a74506:  86% ▕███████████████   ▏ 4.0 GB/4.7 GB  4.6 MB/s   2m19s[K[?25h[?2026l[?2026h[?25l[A[1Gpulling manifest [K
pulling 2bada8a74506:  86% ▕███████████████   ▏ 4.0 GB/4.7 GB  4.6 MB/s   2m19s[K[?25h[?2026l[?2026h[?25l[A[1Gpulling manifest [K
pulling 2bada8a74506:  86% ▕███████████████   ▏ 4.1 GB/4.7 GB  4.6 MB/s   2m18s[K[?25h[?2026l[?2026h[?25l[A[1Gpulling manifest [K
pulling 2bada8a74506:  86% ▕███████████████   ▏ 4.1 GB/4.7 GB  4.6 MB/s   2m18s[K[?25h[?2026l[?2026h[?25l[A[1Gpulling manifest [K
pulling 2bada8a74506:  86% ▕███████████████   ▏ 4.1 GB/4.7 GB  4.6 MB/s   2m17s[K[?25h[?2026l[?2026h[?25l[A[1Gpulling manifest [K
pulling 2bada8a74506:  86% ▕███████████████   ▏ 4.1 GB/4.7 GB  4.6 MB/s   2m17s[K[?25h[?2026l[?2026h[?25l[A[1Gpulling manifest [K
pulling 2bada8a74506:  86% ▕███████████████   ▏ 4.1 GB/4.7 GB  4.6 MB/s   2m17s[K[?25h[?2026l[?2026h[?25l[A[1Gpulling manifest [K
pulling 2bada8a74506:  87% ▕███████████████   ▏ 4.1 GB/4.7 GB  4.6 MB/s   2m17s[K[?25h[?2026l[?2026h[?25l[A[1Gpulling manifest [K
pulling 2bada8a74506:  87% ▕███████████████   ▏ 4.1 GB/4.7 GB  4.6 MB/s   2m17s[K[?25h[?2026l[?2026h[?25l[A[1Gpulling manifest [K
pulling 2bada8a74506:  87% ▕███████████████   ▏ 4.1 GB/4.7 GB  4.6 MB/s   2m17s[K[?25h[?2026l[?2026h[?25l[A[1Gpulling manifest [K
pulling 2bada8a74506:  87% ▕███████████████   ▏ 4.1 GB/4.7 GB  4.6 MB/s   2m17s[K[?25h[?2026l[?2026h[?25l[A[1Gpulling manifest [K
pulling 2bada8a74506:  87% ▕███████████████   ▏ 4.1 GB/4.7 GB  4.6 MB/s   2m17s[K[?25h[?2026l[?2026h[?25l[A[1Gpulling manifest [K
pulling 2bada8a74506:  87% ▕███████████████   ▏ 4.1 GB/4.7 GB  4.6 MB/s   2m17s[K[?25h[?2026l[?2026h[?25l[A[1Gpulling manifest [K
pulling 2bada8a74506:  87% ▕███████████████   ▏ 4.1 GB/4.7 GB  4.6 MB/s   2m17s[K[?25h[?2026l[?2026h[?25l[A[1Gpulling manifest [K
pulling 2bada8a74506:  87% ▕███████████████   ▏ 4.1 GB/4.7 GB  4.3 MB/s   2m26s[K[?25h[?2026l[?2026h[?25l[A[1Gpulling manifest [K
pulling 2bada8a74506:  87% ▕███████████████   ▏ 4.1 GB/4.7 GB  4.3 MB/s   2m26s[K[?25h[?2026l[?2026h[?25l[A[1Gpulling manifest [K
pulling 2bada8a74506:  87% ▕███████████████   ▏ 4.1 GB/4.7 GB  4.3 MB/s   2m26s[K[?25h[?2026l[?2026h[?25l[A[1Gpulling manifest [K
pulling 2bada8a74506:  87% ▕███████████████   ▏ 4.1 GB/4.7 GB  4.3 MB/s   2m26s[K[?25h[?2026l[?2026h[?25l[A[1Gpulling manifest [K
pulling 2bada8a74506:  87% ▕███████████████   ▏ 4.1 GB/4.7 GB  4.3 MB/s   2m25s[K[?25h[?2026l[?2026h[?25l[A[1Gpulling manifest [K
pulling 2bada8a74506:  87% ▕███████████████   ▏ 4.1 GB/4.7 GB  4.3 MB/s   2m25s[K[?25h[?2026l[?2026h[?25l[A[1Gpulling manifest [K
pulling 2bada8a74506:  87% ▕███████████████   ▏ 4.1 GB/4.7 GB  4.3 MB/s   2m25s[K[?25h[?2026l[?2026h[?25l[A[1Gpulling manifest [K
pulling 2bada8a74506:  87% ▕███████████████   ▏ 4.1 GB/4.7 GB  4.3 MB/s   2m25s[K[?25h[?2026l[?2026h[?25l[A[1Gpulling manifest [K
pulling 2bada8a74506:  87% ▕███████████████   ▏ 4.1 GB/4.7 GB  4.3 MB/s   2m25s[K[?25h[?2026l[?2026h[?25l[A[1Gpulling manifest [K
pulling 2bada8a74506:  87% ▕███████████████   ▏ 4.1 GB/4.7 GB  4.3 MB/s   2m25s[K[?25h[?2026l[?2026h[?25l[A[1Gpulling manifest [K
pulling 2bada8a74506:  87% ▕███████████████   ▏ 4.1 GB/4.7 GB  4.3 MB/s   2m25s[K[?25h[?2026l[?2026h[?25l[A[1Gpulling manifest [K
pulling 2bada8a74506:  87% ▕███████████████   ▏ 4.1 GB/4.7 GB  3.8 MB/s   2m43s[K[?25h[?2026l[?2026h[?25l[A[1Gpulling manifest [K
pulling 2bada8a74506:  87% ▕███████████████   ▏ 4.1 GB/4.7 GB  3.8 MB/s   2m43s[K[?25h[?2026l[?2026h[?25l[A[1Gpulling manifest [K
pulling 2bada8a74506:  87% ▕███████████████   ▏ 4.1 GB/4.7 GB  3.8 MB/s   2m43s[K[?25h[?2026l[?2026h[?25l[A[1Gpulling manifest [K
pulling 2bada8a74506:  87% ▕███████████████   ▏ 4.1 GB/4.7 GB  3.8 MB/s   2m43s[K[?25h[?2026l[?2026h[?25l[A[1Gpulling manifest [K
pulling 2bada8a74506:  87% ▕███████████████   ▏ 4.1 GB/4.7 GB  3.8 MB/s   2m43s[K[?25h[?2026l[?2026h[?25l[A[1Gpulling manifest [K
pulling 2bada8a74506:  87% ▕███████████████   ▏ 4.1 GB/4.7 GB  3.8 MB/s   2m43s[K[?25h[?2026l[?2026h[?25l[A[1Gpulling manifest [K
pulling 2bada8a74506:  87% ▕███████████████   ▏ 4.1 GB/4.7 GB  3.8 MB/s   2m43s[K[?25h[?2026l[?2026h[?25l[A[1Gpulling manifest [K
pulling 2bada8a74506:  87% ▕███████████████   ▏ 4.1 GB/4.7 GB  3.8 MB/s   2m43s[K[?25h[?2026l[?2026h[?25l[A[1Gpulling manifest [K
pulling 2bada8a74506:  87% ▕███████████████   ▏ 4.1 GB/4.7 GB  3.8 MB/s   2m43s[K[?25h[?2026l[?2026h[?25l[A[1Gpulling manifest [K
pulling 2bada8a74506:  87% ▕███████████████   ▏ 4.1 GB/4.7 GB  3.8 MB/s   2m42s[K[?25h[?2026l[?2026h[?25l[A[1Gpulling manifest [K
pulling 2bada8a74506:  87% ▕███████████████   ▏ 4.1 GB/4.7 GB  3.6 MB/s   2m53s[K[?25h[?2026l[?2026h[?25l[A[1Gpulling manifest [K
pulling 2bada8a74506:  87% ▕███████████████   ▏ 4.1 GB/4.7 GB  3.6 MB/s   2m53s[K[?25h[?2026l[?2026h[?25l[A[1Gpulling manifest [K
pulling 2bada8a74506:  87% ▕███████████████   ▏ 4.1 GB/4.7 GB  3.6 MB/s   2m53s[K[?25h[?2026l[?2026h[?25l[A[1Gpulling manifest [K
pulling 2bada8a74506:  87% ▕███████████████   ▏ 4.1 GB/4.7 GB  3.6 MB/s   2m53s[K[?25h[?2026l[?2026h[?25l[A[1Gpulling manifest [K
pulling 2bada8a74506:  87% ▕███████████████   ▏ 4.1 GB/4.7 GB  3.6 MB/s   2m53s[K[?25h[?2026l[?2026h[?25l[A[1Gpulling manifest [K
pulling 2bada8a74506:  87% ▕███████████████   ▏ 4.1 GB/4.7 GB  3.6 MB/s   2m53s[K[?25h[?2026l[?2026h[?25l[A[1Gpulling manifest [K
pulling 2bada8a74506:  87% ▕███████████████   ▏ 4.1 GB/4.7 GB  3.6 MB/s   2m53s[K[?25h[?2026l[?2026h[?25l[A[1Gpulling manifest [K
pulling 2bada8a74506:  87% ▕███████████████   ▏ 4.1 GB/4.7 GB  3.6 MB/s   2m52s[K[?25h[?2026l[?2026h[?25l[A[1Gpulling manifest [K
pulling 2bada8a74506:  87% ▕███████████████   ▏ 4.1 GB/4.7 GB  3.6 MB/s   2m52s[K[?25h[?2026l[?2026h[?25l[A[1Gpulling manifest [K
pulling 2bada8a74506:  87% ▕███████████████   ▏ 4.1 GB/4.7 GB  3.6 MB/s   2m52s[K[?25h[?2026l[?2026h[?25l[A[1Gpulling manifest [K
pulling 2bada8a74506:  87% ▕███████████████   ▏ 4.1 GB/4.7 GB  3.3 MB/s    3m7s[K[?25h[?2026l[?2026h[?25l[A[1Gpulling manifest [K
pulling 2bada8a74506:  87% ▕███████████████   ▏ 4.1 GB/4.7 GB  3.3 MB/s    3m7s[K[?25h[?2026l[?2026h[?25l[A[1Gpulling manifest [K
pulling 2bada8a74506:  87% ▕███████████████   ▏ 4.1 GB/4.7 GB  3.3 MB/s    3m7s[K[?25h[?2026l[?2026h[?25l[A[1Gpulling manifest [K
pulling 2bada8a74506:  87% ▕███████████████   ▏ 4.1 GB/4.7 GB  3.3 MB/s    3m7s[K[?25h[?2026l[?2026h[?25l[A[1Gpulling manifest [K
pulling 2bada8a74506:  87% ▕███████████████   ▏ 4.1 GB/4.7 GB  3.3 MB/s    3m7s[K[?25h[?2026l[?2026h[?25l[A[1Gpulling manifest [K
pulling 2bada8a74506:  87% ▕███████████████   ▏ 4.1 GB/4.7 GB  3.3 MB/s    3m6s[K[?25h[?2026l[?2026h[?25l[A[1Gpulling manifest [K
pulling 2bada8a74506:  87% ▕███████████████   ▏ 4.1 GB/4.7 GB  3.3 MB/s    3m6s[K[?25h[?2026l[?2026h[?25l[A[1Gpulling manifest [K
pulling 2bada8a74506:  87% ▕███████████████   ▏ 4.1 GB/4.7 GB  3.3 MB/s    3m6s[K[?25h[?2026l[?2026h[?25l[A[1Gpulling manifest [K
pulling 2bada8a74506:  87% ▕███████████████   ▏ 4.1 GB/4.7 GB  3.3 MB/s    3m6s[K[?25h[?2026l[?2026h[?25l[A[1Gpulling manifest [K
pulling 2bada8a74506:  87% ▕███████████████   ▏ 4.1 GB/4.7 GB  3.3 MB/s    3m6s[K[?25h[?2026l[?2026h[?25l[A[1Gpulling manifest [K
pulling 2bada8a74506:  87% ▕███████████████   ▏ 4.1 GB/4.7 GB  3.1 MB/s   3m19s[K[?25h[?2026l[?2026h[?25l[A[1Gpulling manifest [K
pulling 2bada8a74506:  87% ▕███████████████   ▏ 4.1 GB/4.7 GB  3.1 MB/s   3m19s[K[?25h[?2026l[?2026h[?25l[A[1Gpulling manifest [K
pulling 2bada8a74506:  87% ▕███████████████   ▏ 4.1 GB/4.7 GB  3.1 MB/s   3m19s[K[?25h[?2026l[?2026h[?25l[A[1Gpulling manifest [K
pulling 2bada8a74506:  87% ▕███████████████   ▏ 4.1 GB/4.7 GB  3.1 MB/s   3m18s[K[?25h[?2026l[?2026h[?25l[A[1Gpulling manifest [K
pulling 2bada8a74506:  87% ▕███████████████   ▏ 4.1 GB/4.7 GB  3.1 MB/s   3m18s[K[?25h[?2026l[?2026h[?25l[A[1Gpulling manifest [K
pulling 2bada8a74506:  87% ▕███████████████   ▏ 4.1 GB/4.7 GB  3.1 MB/s   3m18s[K[?25h[?2026l[?2026h[?25l[A[1Gpulling manifest [K
pulling 2bada8a74506:  87% ▕███████████████   ▏ 4.1 GB/4.7 GB  3.1 MB/s   3m18s[K[?25h[?2026l[?2026h[?25l[A[1Gpulling manifest [K
pulling 2bada8a74506:  87% ▕███████████████   ▏ 4.1 GB/4.7 GB  3.1 MB/s   3m18s[K[?25h[?2026l[?2026h[?25l[A[1Gpulling manifest [K
pulling 2bada8a74506:  87% ▕███████████████   ▏ 4.1 GB/4.7 GB  3.1 MB/s   3m18s[K[?25h[?2026l[?2026h[?25l[A[1Gpulling manifest [K
pulling 2bada8a74506:  87% ▕███████████████   ▏ 4.1 GB/4.7 GB  3.1 MB/s   3m18s[K[?25h[?2026l[?2026h[?25l[A[1Gpulling manifest [K
pulling 2bada8a74506:  87% ▕███████████████   ▏ 4.1 GB/4.7 GB  2.9 MB/s   3m34s[K[?25h[?2026l[?2026h[?25l[A[1Gpulling manifest [K
pulling 2bada8a74506:  87% ▕███████████████   ▏ 4.1 GB/4.7 GB  2.9 MB/s   3m34s[K[?25h[?2026l[?2026h[?25l[A[1Gpulling manifest [K
pulling 2bada8a74506:  87% ▕███████████████   ▏ 4.1 GB/4.7 GB  2.9 MB/s   3m34s[K[?25h[?2026l[?2026h[?25l[A[1Gpulling manifest [K
pulling 2bada8a74506:  87% ▕███████████████   ▏ 4.1 GB/4.7 GB  2.9 MB/s   3m34s[K[?25h[?2026l[?2026h[?25l[A[1Gpulling manifest [K
pulling 2bada8a74506:  87% ▕███████████████   ▏ 4.1 GB/4.7 GB  2.9 MB/s   3m34s[K[?25h[?2026l[?2026h[?25l[A[1Gpulling manifest [K
pulling 2bada8a74506:  87% ▕███████████████   ▏ 4.1 GB/4.7 GB  2.9 MB/s   3m33s[K[?25h[?2026l[?2026h[?25l[A[1Gpulling manifest [K
pulling 2bada8a74506:  87% ▕███████████████   ▏ 4.1 GB/4.7 GB  2.9 MB/s   3m33s[K[?25h[?2026l[?2026h[?25l[A[1Gpulling manifest [K
pulling 2bada8a74506:  87% ▕███████████████   ▏ 4.1 GB/4.7 GB  2.9 MB/s   3m33s[K[?25h[?2026l[?2026h[?25l[A[1Gpulling manifest [K
pulling 2bada8a74506:  87% ▕███████████████   ▏ 4.1 GB/4.7 GB  2.9 MB/s   3m33s[K[?25h[?2026l[?2026h[?25l[A[1Gpulling manifest [K
pulling 2bada8a74506:  87% ▕███████████████   ▏ 4.1 GB/4.7 GB  2.9 MB/s   3m33s[K[?25h[?2026l[?2026h[?25l[A[1Gpulling manifest [K
pulling 2bada8a74506:  87% ▕███████████████   ▏ 4.1 GB/4.7 GB  2.9 MB/s   3m33s[K[?25h[?2026l[?2026h[?25l[A[1Gpulling manifest [K
pulling 2bada8a74506:  87% ▕███████████████   ▏ 4.1 GB/4.7 GB  2.8 MB/s   3m41s[K[?25h[?2026l[?2026h[?25l[A[1Gpulling manifest [K
pulling 2bada8a74506:  87% ▕███████████████   ▏ 4.1 GB/4.7 GB  2.8 MB/s   3m41s[K[?25h[?2026l[?2026h[?25l[A[1Gpulling manifest [K
pulling 2bada8a74506:  87% ▕███████████████   ▏ 4.1 GB/4.7 GB  2.8 MB/s   3m40s[K[?25h[?2026l[?2026h[?25l[A[1Gpulling manifest [K
pulling 2bada8a74506:  87% ▕███████████████   ▏ 4.1 GB/4.7 GB  2.8 MB/s   3m40s[K[?25h[?2026l[?2026h[?25l[A[1Gpulling manifest [K
pulling 2bada8a74506:  87% ▕███████████████   ▏ 4.1 GB/4.7 GB  2.8 MB/s   3m40s[K[?25h[?2026l[?2026h[?25l[A[1Gpulling manifest [K
pulling 2bada8a74506:  87% ▕███████████████   ▏ 4.1 GB/4.7 GB  2.8 MB/s   3m40s[K[?25h[?2026l[?2026h[?25l[A[1Gpulling manifest [K
pulling 2bada8a74506:  87% ▕███████████████   ▏ 4.1 GB/4.7 GB  2.8 MB/s   3m40s[K[?25h[?2026l[?2026h[?25l[A[1Gpulling manifest [K
pulling 2bada8a74506:  87% ▕███████████████   ▏ 4.1 GB/4.7 GB  2.8 MB/s   3m40s[K[?25h[?2026l[?2026h[?25l[A[1Gpulling manifest [K
pulling 2bada8a74506:  87% ▕███████████████   ▏ 4.1 GB/4.7 GB  2.8 MB/s   3m39s[K[?25h[?2026l[?2026h[?25l[A[1Gpulling manifest [K
pulling 2bada8a74506:  87% ▕███████████████   ▏ 4.1 GB/4.7 GB  2.8 MB/s   3m39s[K[?25h[?2026l[?2026h[?25l[A[1Gpulling manifest [K
pulling 2bada8a74506:  87% ▕███████████████   ▏ 4.1 GB/4.7 GB  2.9 MB/s   3m30s[K[?25h[?2026l[?2026h[?25l[A[1Gpulling manifest [K
pulling 2bada8a74506:  87% ▕███████████████   ▏ 4.1 GB/4.7 GB  2.9 MB/s   3m30s[K[?25h[?2026l[?2026h[?25l[A[1Gpulling manifest [K
pulling 2bada8a74506:  87% ▕███████████████   ▏ 4.1 GB/4.7 GB  2.9 MB/s   3m30s[K[?25h[?2026l[?2026h[?25l[A[1Gpulling manifest [K
pulling 2bada8a74506:  87% ▕███████████████   ▏ 4.1 GB/4.7 GB  2.9 MB/s   3m30s[K[?25h[?2026l[?2026h[?25l[A[1Gpulling manifest [K
pulling 2bada8a74506:  87% ▕███████████████   ▏ 4.1 GB/4.7 GB  2.9 MB/s   3m29s[K[?25h[?2026l[?2026h[?25l[A[1Gpulling manifest [K
pulling 2bada8a74506:  87% ▕███████████████   ▏ 4.1 GB/4.7 GB  2.9 MB/s   3m29s[K[?25h[?2026l[?2026h[?25l[A[1Gpulling manifest [K
pulling 2bada8a74506:  87% ▕███████████████   ▏ 4.1 GB/4.7 GB  2.9 MB/s   3m29s[K[?25h[?2026l[?2026h[?25l[A[1Gpulling manifest [K
pulling 2bada8a74506:  87% ▕███████████████   ▏ 4.1 GB/4.7 GB  2.9 MB/s   3m29s[K[?25h[?2026l[?2026h[?25l[A[1Gpulling manifest [K
pulling 2bada8a74506:  87% ▕███████████████   ▏ 4.1 GB/4.7 GB  2.9 MB/s   3m29s[K[?25h[?2026l[?2026h[?25l[A[1Gpulling manifest [K
pulling 2bada8a74506:  87% ▕███████████████   ▏ 4.1 GB/4.7 GB  2.9 MB/s   3m29s[K[?25h[?2026l[?2026h[?25l[A[1Gpulling manifest [K
pulling 2bada8a74506:  87% ▕███████████████   ▏ 4.1 GB/4.7 GB  3.2 MB/s   3m10s[K[?25h[?2026l[?2026h[?25l[A[1Gpulling manifest [K
pulling 2bada8a74506:  87% ▕███████████████   ▏ 4.1 GB/4.7 GB  3.2 MB/s   3m10s[K[?25h[?2026l[?2026h[?25l[A[1Gpulling manifest [K
pulling 2bada8a74506:  87% ▕███████████████   ▏ 4.1 GB/4.7 GB  3.2 MB/s   3m10s[K[?25h[?2026l[?2026h[?25l[A[1Gpulling manifest [K
pulling 2bada8a74506:  87% ▕███████████████   ▏ 4.1 GB/4.7 GB  3.2 MB/s   3m10s[K[?25h[?2026l[?2026h[?25l[A[1Gpulling manifest [K
pulling 2bada8a74506:  87% ▕███████████████   ▏ 4.1 GB/4.7 GB  3.2 MB/s   3m10s[K[?25h[?2026l[?2026h[?25l[A[1Gpulling manifest [K
pulling 2bada8a74506:  87% ▕███████████████   ▏ 4.1 GB/4.7 GB  3.2 MB/s   3m10s[K[?25h[?2026l[?2026h[?25l[A[1Gpulling manifest [K
pulling 2bada8a74506:  87% ▕███████████████   ▏ 4.1 GB/4.7 GB  3.2 MB/s   3m10s[K[?25h[?2026l[?2026h[?25l[A[1Gpulling manifest [K
pulling 2bada8a74506:  87% ▕███████████████   ▏ 4.1 GB/4.7 GB  3.2 MB/s   3m10s[K[?25h[?2026l[?2026h[?25l[A[1Gpulling manifest [K
pulling 2bada8a74506:  87% ▕███████████████   ▏ 4.1 GB/4.7 GB  3.2 MB/s   3m10s[K[?25h[?2026l[?2026h[?25l[A[1Gpulling manifest [K
pulling 2bada8a74506:  87% ▕███████████████   ▏ 4.1 GB/4.7 GB  3.2 MB/s   3m10s[K[?25h[?2026l[?2026h[?25l[A[1Gpulling manifest [K
pulling 2bada8a74506:  87% ▕███████████████   ▏ 4.1 GB/4.7 GB  3.3 MB/s    3m4s[K[?25h[?2026l[?2026h[?25l[A[1Gpulling manifest [K
pulling 2bada8a74506:  87% ▕███████████████   ▏ 4.1 GB/4.7 GB  3.3 MB/s    3m4s[K[?25h[?2026l[?2026h[?25l[A[1Gpulling manifest [K
pulling 2bada8a74506:  87% ▕███████████████   ▏ 4.1 GB/4.7 GB  3.3 MB/s    3m4s[K[?25h[?2026l[?2026h[?25l[A[1Gpulling manifest [K
pulling 2bada8a74506:  87% ▕███████████████   ▏ 4.1 GB/4.7 GB  3.3 MB/s    3m4s[K[?25h[?2026l[?2026h[?25l[A[1Gpulling manifest [K
pulling 2bada8a74506:  87% ▕███████████████   ▏ 4.1 GB/4.7 GB  3.3 MB/s    3m4s[K[?25h[?2026l[?2026h[?25l[A[1Gpulling manifest [K
pulling 2bada8a74506:  87% ▕███████████████   ▏ 4.1 GB/4.7 GB  3.3 MB/s    3m4s[K[?25h[?2026l[?2026h[?25l[A[1Gpulling manifest [K
pulling 2bada8a74506:  87% ▕███████████████   ▏ 4.1 GB/4.7 GB  3.3 MB/s    3m4s[K[?25h[?2026l[?2026h[?25l[A[1Gpulling manifest [K
pulling 2bada8a74506:  87% ▕███████████████   ▏ 4.1 GB/4.7 GB  3.3 MB/s    3m4s[K[?25h[?2026l[?2026h[?25l[A[1Gpulling manifest [K
pulling 2bada8a74506:  87% ▕███████████████   ▏ 4.1 GB/4.7 GB  3.3 MB/s    3m3s[K[?25h[?2026l[?2026h[?25l[A[1Gpulling manifest [K
pulling 2bada8a74506:  87% ▕███████████████   ▏ 4.1 GB/4.7 GB  3.3 MB/s    3m3s[K[?25h[?2026l[?2026h[?25l[A[1Gpulling manifest [K
pulling 2bada8a74506:  87% ▕███████████████   ▏ 4.1 GB/4.7 GB  3.4 MB/s   2m58s[K[?25h[?2026l[?2026h[?25l[A[1Gpulling manifest [K
pulling 2bada8a74506:  87% ▕███████████████   ▏ 4.1 GB/4.7 GB  3.4 MB/s   2m58s[K[?25h[?2026l[?2026h[?25l[A[1Gpulling manifest [K
pulling 2bada8a74506:  87% ▕███████████████   ▏ 4.1 GB/4.7 GB  3.4 MB/s   2m58s[K[?25h[?2026l[?2026h[?25l[A[1Gpulling manifest [K
pulling 2bada8a74506:  87% ▕███████████████   ▏ 4.1 GB/4.7 GB  3.4 MB/s   2m57s[K[?25h[?2026l[?2026h[?25l[A[1Gpulling manifest [K
pulling 2bada8a74506:  87% ▕███████████████   ▏ 4.1 GB/4.7 GB  3.4 MB/s   2m57s[K[?25h[?2026l[?2026h[?25l[A[1Gpulling manifest [K
pulling 2bada8a74506:  87% ▕███████████████   ▏ 4.1 GB/4.7 GB  3.4 MB/s   2m57s[K[?25h[?2026l[?2026h[?25l[A[1Gpulling manifest [K
pulling 2bada8a74506:  87% ▕███████████████   ▏ 4.1 GB/4.7 GB  3.4 MB/s   2m57s[K[?25h[?2026l[?2026h[?25l[A[1Gpulling manifest [K
pulling 2bada8a74506:  87% ▕███████████████   ▏ 4.1 GB/4.7 GB  3.4 MB/s   2m57s[K[?25h[?2026l[?2026h[?25l[A[1Gpulling manifest [K
pulling 2bada8a74506:  87% ▕███████████████   ▏ 4.1 GB/4.7 GB  3.4 MB/s   2m57s[K[?25h[?2026l[?2026h[?25l[A[1Gpulling manifest [K
pulling 2bada8a74506:  87% ▕███████████████   ▏ 4.1 GB/4.7 GB  3.4 MB/s   2m56s[K[?25h[?2026l[?2026h[?25l[A[1Gpulling manifest [K
pulling 2bada8a74506:  87% ▕███████████████   ▏ 4.1 GB/4.7 GB  3.4 MB/s   2m56s[K[?25h[?2026l[?2026h[?25l[A[1Gpulling manifest [K
pulling 2bada8a74506:  87% ▕███████████████   ▏ 4.1 GB/4.7 GB  3.9 MB/s   2m32s[K[?25h[?2026l[?2026h[?25l[A[1Gpulling manifest [K
pulling 2bada8a74506:  87% ▕███████████████   ▏ 4.1 GB/4.7 GB  3.9 MB/s   2m32s[K[?25h[?2026l[?2026h[?25l[A[1Gpulling manifest [K
pulling 2bada8a74506:  87% ▕███████████████   ▏ 4.1 GB/4.7 GB  3.9 MB/s   2m32s[K[?25h[?2026l[?2026h[?25l[A[1Gpulling manifest [K
pulling 2bada8a74506:  87% ▕███████████████   ▏ 4.1 GB/4.7 GB  3.9 MB/s   2m31s[K[?25h[?2026l[?2026h[?25l[A[1Gpulling manifest [K
pulling 2bada8a74506:  87% ▕███████████████   ▏ 4.1 GB/4.7 GB  3.9 MB/s   2m31s[K[?25h[?2026l[?2026h[?25l[A[1Gpulling manifest [K
pulling 2bada8a74506:  87% ▕███████████████   ▏ 4.1 GB/4.7 GB  3.9 MB/s   2m31s[K[?25h[?2026l[?2026h[?25l[A[1Gpulling manifest [K
pulling 2bada8a74506:  87% ▕███████████████   ▏ 4.1 GB/4.7 GB  3.9 MB/s   2m31s[K[?25h[?2026l[?2026h[?25l[A[1Gpulling manifest [K
pulling 2bada8a74506:  87% ▕███████████████   ▏ 4.1 GB/4.7 GB  3.9 MB/s   2m31s[K[?25h[?2026l[?2026h[?25l[A[1Gpulling manifest [K
pulling 2bada8a74506:  87% ▕███████████████   ▏ 4.1 GB/4.7 GB  3.9 MB/s   2m31s[K[?25h[?2026l[?2026h[?25l[A[1Gpulling manifest [K
pulling 2bada8a74506:  87% ▕███████████████   ▏ 4.1 GB/4.7 GB  3.9 MB/s   2m31s[K[?25h[?2026l[?2026h[?25l[A[1Gpulling manifest [K
pulling 2bada8a74506:  87% ▕███████████████   ▏ 4.1 GB/4.7 GB  4.1 MB/s   2m21s[K[?25h[?2026l[?2026h[?25l[A[1Gpulling manifest [K
pulling 2bada8a74506:  87% ▕███████████████   ▏ 4.1 GB/4.7 GB  4.1 MB/s   2m21s[K[?25h[?2026l[?2026h[?25l[A[1Gpulling manifest [K
pulling 2bada8a74506:  87% ▕███████████████   ▏ 4.1 GB/4.7 GB  4.1 MB/s   2m21s[K[?25h[?2026l[?2026h[?25l[A[1Gpulling manifest [K
pulling 2bada8a74506:  88% ▕███████████████   ▏ 4.1 GB/4.7 GB  4.1 MB/s   2m21s[K[?25h[?2026l[?2026h[?25l[A[1Gpulling manifest [K
pulling 2bada8a74506:  88% ▕███████████████   ▏ 4.1 GB/4.7 GB  4.1 MB/s   2m21s[K[?25h[?2026l[?2026h[?25l[A[1Gpulling manifest [K
pulling 2bada8a74506:  88% ▕███████████████   ▏ 4.1 GB/4.7 GB  4.1 MB/s   2m21s[K[?25h[?2026l[?2026h[?25l[A[1Gpulling manifest [K
pulling 2bada8a74506:  88% ▕███████████████   ▏ 4.1 GB/4.7 GB  4.1 MB/s   2m21s[K[?25h[?2026l[?2026h[?25l[A[1Gpulling manifest [K
pulling 2bada8a74506:  88% ▕███████████████   ▏ 4.1 GB/4.7 GB  4.1 MB/s   2m20s[K[?25h[?2026l[?2026h[?25l[A[1Gpulling manifest [K
pulling 2bada8a74506:  88% ▕███████████████   ▏ 4.1 GB/4.7 GB  4.1 MB/s   2m20s[K[?25h[?2026l[?2026h[?25l[A[1Gpulling manifest [K
pulling 2bada8a74506:  88% ▕███████████████   ▏ 4.1 GB/4.7 GB  4.1 MB/s   2m20s[K[?25h[?2026l[?2026h[?25l[A[1Gpulling manifest [K
pulling 2bada8a74506:  88% ▕███████████████   ▏ 4.1 GB/4.7 GB  4.4 MB/s   2m12s[K[?25h[?2026l[?2026h[?25l[A[1Gpulling manifest [K
pulling 2bada8a74506:  88% ▕███████████████   ▏ 4.1 GB/4.7 GB  4.4 MB/s   2m12s[K[?25h[?2026l[?2026h[?25l[A[1Gpulling manifest [K
pulling 2bada8a74506:  88% ▕███████████████   ▏ 4.1 GB/4.7 GB  4.4 MB/s   2m12s[K[?25h[?2026l[?2026h[?25l[A[1Gpulling manifest [K
pulling 2bada8a74506:  88% ▕███████████████   ▏ 4.1 GB/4.7 GB  4.4 MB/s   2m12s[K[?25h[?2026l[?2026h[?25l[A[1Gpulling manifest [K
pulling 2bada8a74506:  88% ▕███████████████   ▏ 4.1 GB/4.7 GB  4.4 MB/s   2m12s[K[?25h[?2026l[?2026h[?25l[A[1Gpulling manifest [K
pulling 2bada8a74506:  88% ▕███████████████   ▏ 4.1 GB/4.7 GB  4.4 MB/s   2m12s[K[?25h[?2026l[?2026h[?25l[A[1Gpulling manifest [K
pulling 2bada8a74506:  88% ▕███████████████   ▏ 4.1 GB/4.7 GB  4.4 MB/s   2m12s[K[?25h[?2026l[?2026h[?25l[A[1Gpulling manifest [K
pulling 2bada8a74506:  88% ▕███████████████   ▏ 4.1 GB/4.7 GB  4.4 MB/s   2m12s[K[?25h[?2026l[?2026h[?25l[A[1Gpulling manifest [K
pulling 2bada8a74506:  88% ▕███████████████   ▏ 4.1 GB/4.7 GB  4.4 MB/s   2m12s[K[?25h[?2026l[?2026h[?25l[A[1Gpulling manifest [K
pulling 2bada8a74506:  88% ▕███████████████   ▏ 4.1 GB/4.7 GB  4.4 MB/s   2m12s[K[?25h[?2026l[?2026h[?25l[A[1Gpulling manifest [K
pulling 2bada8a74506:  88% ▕███████████████   ▏ 4.1 GB/4.7 GB  4.5 MB/s    2m7s[K[?25h[?2026l[?2026h[?25l[A[1Gpulling manifest [K
pulling 2bada8a74506:  88% ▕███████████████   ▏ 4.1 GB/4.7 GB  4.5 MB/s    2m7s[K[?25h[?2026l[?2026h[?25l[A[1Gpulling manifest [K
pulling 2bada8a74506:  88% ▕███████████████   ▏ 4.1 GB/4.7 GB  4.5 MB/s    2m6s[K[?25h[?2026l[?2026h[?25l[A[1Gpulling manifest [K
pulling 2bada8a74506:  88% ▕███████████████   ▏ 4.1 GB/4.7 GB  4.5 MB/s    2m6s[K[?25h[?2026l[?2026h[?25l[A[1Gpulling manifest [K
pulling 2bada8a74506:  88% ▕███████████████   ▏ 4.1 GB/4.7 GB  4.5 MB/s    2m6s[K[?25h[?2026l[?2026h[?25l[A[1Gpulling manifest [K
pulling 2bada8a74506:  88% ▕███████████████   ▏ 4.1 GB/4.7 GB  4.5 MB/s    2m6s[K[?25h[?2026l[?2026h[?25l[A[1Gpulling manifest [K
pulling 2bada8a74506:  88% ▕███████████████   ▏ 4.1 GB/4.7 GB  4.5 MB/s    2m6s[K[?25h[?2026l[?2026h[?25l[A[1Gpulling manifest [K
pulling 2bada8a74506:  88% ▕███████████████   ▏ 4.1 GB/4.7 GB  4.5 MB/s    2m6s[K[?25h[?2026l[?2026h[?25l[A[1Gpulling manifest [K
pulling 2bada8a74506:  88% ▕███████████████   ▏ 4.1 GB/4.7 GB  4.5 MB/s    2m6s[K[?25h[?2026l[?2026h[?25l[A[1Gpulling manifest [K
pulling 2bada8a74506:  88% ▕███████████████   ▏ 4.1 GB/4.7 GB  4.5 MB/s    2m6s[K[?25h[?2026l[?2026h[?25l[A[1Gpulling manifest [K
pulling 2bada8a74506:  88% ▕███████████████   ▏ 4.1 GB/4.7 GB  4.6 MB/s    2m5s[K[?25h[?2026l[?2026h[?25l[A[1Gpulling manifest [K
pulling 2bada8a74506:  88% ▕███████████████   ▏ 4.1 GB/4.7 GB  4.6 MB/s    2m5s[K[?25h[?2026l[?2026h[?25l[A[1Gpulling manifest [K
pulling 2bada8a74506:  88% ▕███████████████   ▏ 4.1 GB/4.7 GB  4.6 MB/s    2m4s[K[?25h[?2026l[?2026h[?25l[A[1Gpulling manifest [K
pulling 2bada8a74506:  88% ▕███████████████   ▏ 4.1 GB/4.7 GB  4.6 MB/s    2m4s[K[?25h[?2026l[?2026h[?25l[A[1Gpulling manifest [K
pulling 2bada8a74506:  88% ▕███████████████   ▏ 4.1 GB/4.7 GB  4.6 MB/s    2m4s[K[?25h[?2026l[?2026h[?25l[A[1Gpulling manifest [K
pulling 2bada8a74506:  88% ▕███████████████   ▏ 4.1 GB/4.7 GB  4.6 MB/s    2m4s[K[?25h[?2026l[?2026h[?25l[A[1Gpulling manifest [K
pulling 2bada8a74506:  88% ▕███████████████   ▏ 4.1 GB/4.7 GB  4.6 MB/s    2m4s[K[?25h[?2026l[?2026h[?25l[A[1Gpulling manifest [K
pulling 2bada8a74506:  88% ▕███████████████   ▏ 4.1 GB/4.7 GB  4.6 MB/s    2m4s[K[?25h[?2026l[?2026h[?25l[A[1Gpulling manifest [K
pulling 2bada8a74506:  88% ▕███████████████   ▏ 4.1 GB/4.7 GB  4.6 MB/s    2m4s[K[?25h[?2026l[?2026h[?25l[A[1Gpulling manifest [K
pulling 2bada8a74506:  88% ▕███████████████   ▏ 4.1 GB/4.7 GB  4.6 MB/s    2m4s[K[?25h[?2026l[?2026h[?25l[A[1Gpulling manifest [K
pulling 2bada8a74506:  88% ▕███████████████   ▏ 4.1 GB/4.7 GB  4.6 MB/s    2m4s[K[?25h[?2026l[?2026h[?25l[A[1Gpulling manifest [K
pulling 2bada8a74506:  88% ▕███████████████   ▏ 4.1 GB/4.7 GB  4.3 MB/s   2m12s[K[?25h[?2026l[?2026h[?25l[A[1Gpulling manifest [K
pulling 2bada8a74506:  88% ▕███████████████   ▏ 4.1 GB/4.7 GB  4.3 MB/s   2m12s[K[?25h[?2026l[?2026h[?25l[A[1Gpulling manifest [K
pulling 2bada8a74506:  88% ▕███████████████   ▏ 4.1 GB/4.7 GB  4.3 MB/s   2m12s[K[?25h[?2026l[?2026h[?25l[A[1Gpulling manifest [K
pulling 2bada8a74506:  88% ▕███████████████   ▏ 4.1 GB/4.7 GB  4.3 MB/s   2m12s[K[?25h[?2026l[?2026h[?25l[A[1Gpulling manifest [K
pulling 2bada8a74506:  88% ▕███████████████   ▏ 4.1 GB/4.7 GB  4.3 MB/s   2m12s[K[?25h[?2026l[?2026h[?25l[A[1Gpulling manifest [K
pulling 2bada8a74506:  88% ▕███████████████   ▏ 4.1 GB/4.7 GB  4.3 MB/s   2m12s[K[?25h[?2026l[?2026h[?25l[A[1Gpulling manifest [K
pulling 2bada8a74506:  88% ▕███████████████   ▏ 4.1 GB/4.7 GB  4.3 MB/s   2m12s[K[?25h[?2026l[?2026h[?25l[A[1Gpulling manifest [K
pulling 2bada8a74506:  88% ▕███████████████   ▏ 4.1 GB/4.7 GB  4.3 MB/s   2m12s[K[?25h[?2026l[?2026h[?25l[A[1Gpulling manifest [K
pulling 2bada8a74506:  88% ▕███████████████   ▏ 4.1 GB/4.7 GB  4.3 MB/s   2m12s[K[?25h[?2026l[?2026h[?25l[A[1Gpulling manifest [K
pulling 2bada8a74506:  88% ▕███████████████   ▏ 4.1 GB/4.7 GB  4.3 MB/s   2m11s[K[?25h[?2026l[?2026h[?25l[A[1Gpulling manifest [K
pulling 2bada8a74506:  88% ▕███████████████   ▏ 4.1 GB/4.7 GB  4.1 MB/s   2m20s[K[?25h[?2026l[?2026h[?25l[A[1Gpulling manifest [K
pulling 2bada8a74506:  88% ▕███████████████   ▏ 4.1 GB/4.7 GB  4.1 MB/s   2m20s[K[?25h[?2026l[?2026h[?25l[A[1Gpulling manifest [K
pulling 2bada8a74506:  88% ▕███████████████   ▏ 4.1 GB/4.7 GB  4.1 MB/s   2m19s[K[?25h[?2026l[?2026h[?25l[A[1Gpulling manifest [K
pulling 2bada8a74506:  88% ▕███████████████   ▏ 4.1 GB/4.7 GB  4.1 MB/s   2m19s[K[?25h[?2026l[?2026h[?25l[A[1Gpulling manifest [K
pulling 2bada8a74506:  88% ▕███████████████   ▏ 4.1 GB/4.7 GB  4.1 MB/s   2m19s[K[?25h[?2026l[?2026h[?25l[A[1Gpulling manifest [K
pulling 2bada8a74506:  88% ▕███████████████   ▏ 4.1 GB/4.7 GB  4.1 MB/s   2m19s[K[?25h[?2026l[?2026h[?25l[A[1Gpulling manifest [K
pulling 2bada8a74506:  88% ▕███████████████   ▏ 4.1 GB/4.7 GB  4.1 MB/s   2m19s[K[?25h[?2026l[?2026h[?25l[A[1Gpulling manifest [K
pulling 2bada8a74506:  88% ▕███████████████   ▏ 4.1 GB/4.7 GB  4.1 MB/s   2m19s[K[?25h[?2026l[?2026h[?25l[A[1Gpulling manifest [K
pulling 2bada8a74506:  88% ▕███████████████   ▏ 4.1 GB/4.7 GB  4.1 MB/s   2m19s[K[?25h[?2026l[?2026h[?25l[A[1Gpulling manifest [K
pulling 2bada8a74506:  88% ▕███████████████   ▏ 4.1 GB/4.7 GB  4.1 MB/s   2m19s[K[?25h[?2026l[?2026h[?25l[A[1Gpulling manifest [K
pulling 2bada8a74506:  88% ▕███████████████   ▏ 4.1 GB/4.7 GB  4.1 MB/s   2m18s[K[?25h[?2026l[?2026h[?25l[A[1Gpulling manifest [K
pulling 2bada8a74506:  88% ▕███████████████   ▏ 4.1 GB/4.7 GB  4.1 MB/s   2m18s[K[?25h[?2026l[?2026h[?25l[A[1Gpulling manifest [K
pulling 2bada8a74506:  88% ▕███████████████   ▏ 4.1 GB/4.7 GB  4.1 MB/s   2m18s[K[?25h[?2026l[?2026h[?25l[A[1Gpulling manifest [K
pulling 2bada8a74506:  88% ▕███████████████   ▏ 4.1 GB/4.7 GB  4.1 MB/s   2m18s[K[?25h[?2026l[?2026h[?25l[A[1Gpulling manifest [K
pulling 2bada8a74506:  88% ▕███████████████   ▏ 4.1 GB/4.7 GB  4.1 MB/s   2m18s[K[?25h[?2026l[?2026h[?25l[A[1Gpulling manifest [K
pulling 2bada8a74506:  88% ▕███████████████   ▏ 4.1 GB/4.7 GB  4.1 MB/s   2m18s[K[?25h[?2026l[?2026h[?25l[A[1Gpulling manifest [K
pulling 2bada8a74506:  88% ▕███████████████   ▏ 4.1 GB/4.7 GB  4.1 MB/s   2m18s[K[?25h[?2026l[?2026h[?25l[A[1Gpulling manifest [K
pulling 2bada8a74506:  88% ▕███████████████   ▏ 4.1 GB/4.7 GB  4.1 MB/s   2m18s[K[?25h[?2026l[?2026h[?25l[A[1Gpulling manifest [K
pulling 2bada8a74506:  88% ▕███████████████   ▏ 4.1 GB/4.7 GB  4.1 MB/s   2m18s[K[?25h[?2026l[?2026h[?25l[A[1Gpulling manifest [K
pulling 2bada8a74506:  88% ▕███████████████   ▏ 4.1 GB/4.7 GB  4.1 MB/s   2m18s[K[?25h[?2026l[?2026h[?25l[A[1Gpulling manifest [K
pulling 2bada8a74506:  88% ▕███████████████   ▏ 4.1 GB/4.7 GB  3.9 MB/s   2m22s[K[?25h[?2026l[?2026h[?25l[A[1Gpulling manifest [K
pulling 2bada8a74506:  88% ▕███████████████   ▏ 4.1 GB/4.7 GB  3.9 MB/s   2m22s[K[?25h[?2026l[?2026h[?25l[A[1Gpulling manifest [K
pulling 2bada8a74506:  88% ▕███████████████   ▏ 4.1 GB/4.7 GB  3.9 MB/s   2m22s[K[?25h[?2026l[?2026h[?25l[A[1Gpulling manifest [K
pulling 2bada8a74506:  88% ▕███████████████   ▏ 4.1 GB/4.7 GB  3.9 MB/s   2m22s[K[?25h[?2026l[?2026h[?25l[A[1Gpulling manifest [K
pulling 2bada8a74506:  88% ▕███████████████   ▏ 4.1 GB/4.7 GB  3.9 MB/s   2m22s[K[?25h[?2026l[?2026h[?25l[A[1Gpulling manifest [K
pulling 2bada8a74506:  88% ▕███████████████   ▏ 4.1 GB/4.7 GB  3.9 MB/s   2m22s[K[?25h[?2026l[?2026h[?25l[A[1Gpulling manifest [K
pulling 2bada8a74506:  88% ▕███████████████   ▏ 4.1 GB/4.7 GB  3.9 MB/s   2m22s[K[?25h[?2026l[?2026h[?25l[A[1Gpulling manifest [K
pulling 2bada8a74506:  88% ▕███████████████   ▏ 4.1 GB/4.7 GB  3.9 MB/s   2m22s[K[?25h[?2026l[?2026h[?25l[A[1Gpulling manifest [K
pulling 2bada8a74506:  88% ▕███████████████   ▏ 4.1 GB/4.7 GB  3.9 MB/s   2m22s[K[?25h[?2026l[?2026h[?25l[A[1Gpulling manifest [K
pulling 2bada8a74506:  88% ▕███████████████   ▏ 4.1 GB/4.7 GB  3.9 MB/s   2m22s[K[?25h[?2026l[?2026h[?25l[A[1Gpulling manifest [K
pulling 2bada8a74506:  88% ▕███████████████   ▏ 4.1 GB/4.7 GB  3.4 MB/s   2m45s[K[?25h[?2026l[?2026h[?25l[A[1Gpulling manifest [K
pulling 2bada8a74506:  88% ▕███████████████   ▏ 4.1 GB/4.7 GB  3.4 MB/s   2m45s[K[?25h[?2026l[?2026h[?25l[A[1Gpulling manifest [K
pulling 2bada8a74506:  88% ▕███████████████   ▏ 4.1 GB/4.7 GB  3.4 MB/s   2m45s[K[?25h[?2026l[?2026h[?25l[A[1Gpulling manifest [K
pulling 2bada8a74506:  88% ▕███████████████   ▏ 4.1 GB/4.7 GB  3.4 MB/s   2m45s[K[?25h[?2026l[?2026h[?25l[A[1Gpulling manifest [K
pulling 2bada8a74506:  88% ▕███████████████   ▏ 4.1 GB/4.7 GB  3.4 MB/s   2m45s[K[?25h[?2026l[?2026h[?25l[A[1Gpulling manifest [K
pulling 2bada8a74506:  88% ▕███████████████   ▏ 4.1 GB/4.7 GB  3.4 MB/s   2m45s[K[?25h[?2026l[?2026h[?25l[A[1Gpulling manifest [K
pulling 2bada8a74506:  88% ▕███████████████   ▏ 4.1 GB/4.7 GB  3.4 MB/s   2m45s[K[?25h[?2026l[?2026h[?25l[A[1Gpulling manifest [K
pulling 2bada8a74506:  88% ▕███████████████   ▏ 4.1 GB/4.7 GB  3.4 MB/s   2m45s[K[?25h[?2026l[?2026h[?25l[A[1Gpulling manifest [K
pulling 2bada8a74506:  88% ▕███████████████   ▏ 4.1 GB/4.7 GB  3.4 MB/s   2m44s[K[?25h[?2026l[?2026h[?25l[A[1Gpulling manifest [K
pulling 2bada8a74506:  88% ▕███████████████   ▏ 4.1 GB/4.7 GB  3.4 MB/s   2m44s[K[?25h[?2026l[?2026h[?25l[A[1Gpulling manifest [K
pulling 2bada8a74506:  88% ▕███████████████   ▏ 4.1 GB/4.7 GB  3.4 MB/s   2m44s[K[?25h[?2026l[?2026h[?25l[A[1Gpulling manifest [K
pulling 2bada8a74506:  88% ▕███████████████   ▏ 4.1 GB/4.7 GB  3.2 MB/s   2m55s[K[?25h[?2026l[?2026h[?25l[A[1Gpulling manifest [K
pulling 2bada8a74506:  88% ▕███████████████   ▏ 4.1 GB/4.7 GB  3.2 MB/s   2m55s[K[?25h[?2026l[?2026h[?25l[A[1Gpulling manifest [K
pulling 2bada8a74506:  88% ▕███████████████   ▏ 4.1 GB/4.7 GB  3.2 MB/s   2m55s[K[?25h[?2026l[?2026h[?25l[A[1Gpulling manifest [K
pulling 2bada8a74506:  88% ▕███████████████   ▏ 4.1 GB/4.7 GB  3.2 MB/s   2m55s[K[?25h[?2026l[?2026h[?25l[A[1Gpulling manifest [K
pulling 2bada8a74506:  88% ▕███████████████   ▏ 4.1 GB/4.7 GB  3.2 MB/s   2m55s[K[?25h[?2026l[?2026h[?25l[A[1Gpulling manifest [K
pulling 2bada8a74506:  88% ▕███████████████   ▏ 4.1 GB/4.7 GB  3.2 MB/s   2m55s[K[?25h[?2026l[?2026h[?25l[A[1Gpulling manifest [K
pulling 2bada8a74506:  88% ▕███████████████   ▏ 4.1 GB/4.7 GB  3.2 MB/s   2m55s[K[?25h[?2026l[?2026h[?25l[A[1Gpulling manifest [K
pulling 2bada8a74506:  88% ▕███████████████   ▏ 4.1 GB/4.7 GB  3.2 MB/s   2m55s[K[?25h[?2026l[?2026h[?25l[A[1Gpulling manifest [K
pulling 2bada8a74506:  88% ▕███████████████   ▏ 4.1 GB/4.7 GB  3.2 MB/s   2m55s[K[?25h[?2026l[?2026h[?25l[A[1Gpulling manifest [K
pulling 2bada8a74506:  88% ▕███████████████   ▏ 4.1 GB/4.7 GB  3.2 MB/s   2m55s[K[?25h[?2026l[?2026h[?25l[A[1Gpulling manifest [K
pulling 2bada8a74506:  88% ▕███████████████   ▏ 4.1 GB/4.7 GB  2.9 MB/s    3m9s[K[?25h[?2026l[?2026h[?25l[A[1Gpulling manifest [K
pulling 2bada8a74506:  88% ▕███████████████   ▏ 4.1 GB/4.7 GB  2.9 MB/s    3m9s[K[?25h[?2026l[?2026h[?25l[A[1Gpulling manifest [K
pulling 2bada8a74506:  88% ▕███████████████   ▏ 4.1 GB/4.7 GB  2.9 MB/s    3m8s[K[?25h[?2026l[?2026h[?25l[A[1Gpulling manifest [K
pulling 2bada8a74506:  88% ▕███████████████   ▏ 4.1 GB/4.7 GB  2.9 MB/s    3m8s[K[?25h[?2026l[?2026h[?25l[A[1Gpulling manifest [K
pulling 2bada8a74506:  88% ▕███████████████   ▏ 4.1 GB/4.7 GB  2.9 MB/s    3m8s[K[?25h[?2026l[?2026h[?25l[A[1Gpulling manifest [K
pulling 2bada8a74506:  88% ▕███████████████   ▏ 4.1 GB/4.7 GB  2.9 MB/s    3m8s[K[?25h[?2026l[?2026h[?25l[A[1Gpulling manifest [K
pulling 2bada8a74506:  88% ▕███████████████   ▏ 4.1 GB/4.7 GB  2.9 MB/s    3m8s[K[?25h[?2026l[?2026h[?25l[A[1Gpulling manifest [K
pulling 2bada8a74506:  88% ▕███████████████   ▏ 4.1 GB/4.7 GB  2.9 MB/s    3m8s[K[?25h[?2026l[?2026h[?25l[A[1Gpulling manifest [K
pulling 2bada8a74506:  88% ▕███████████████   ▏ 4.1 GB/4.7 GB  2.9 MB/s    3m8s[K[?25h[?2026l[?2026h[?25l[A[1Gpulling manifest [K
pulling 2bada8a74506:  88% ▕███████████████   ▏ 4.1 GB/4.7 GB  2.9 MB/s    3m8s[K[?25h[?2026l[?2026h[?25l[A[1Gpulling manifest [K
pulling 2bada8a74506:  88% ▕███████████████   ▏ 4.1 GB/4.7 GB  2.6 MB/s   3m29s[K[?25h[?2026l[?2026h[?25l[A[1Gpulling manifest [K
pulling 2bada8a74506:  88% ▕███████████████   ▏ 4.1 GB/4.7 GB  2.6 MB/s   3m29s[K[?25h[?2026l[?2026h[?25l[A[1Gpulling manifest [K
pulling 2bada8a74506:  88% ▕███████████████   ▏ 4.1 GB/4.7 GB  2.6 MB/s   3m29s[K[?25h[?2026l[?2026h[?25l[A[1Gpulling manifest [K
pulling 2bada8a74506:  88% ▕███████████████   ▏ 4.1 GB/4.7 GB  2.6 MB/s   3m29s[K[?25h[?2026l[?2026h[?25l[A[1Gpulling manifest [K
pulling 2bada8a74506:  88% ▕███████████████   ▏ 4.1 GB/4.7 GB  2.6 MB/s   3m29s[K[?25h[?2026l[?2026h[?25l[A[1Gpulling manifest [K
pulling 2bada8a74506:  88% ▕███████████████   ▏ 4.1 GB/4.7 GB  2.6 MB/s   3m29s[K[?25h[?2026l[?2026h[?25l[A[1Gpulling manifest [K
pulling 2bada8a74506:  88% ▕███████████████   ▏ 4.1 GB/4.7 GB  2.6 MB/s   3m29s[K[?25h[?2026l[?2026h[?25l[A[1Gpulling manifest [K
pulling 2bada8a74506:  88% ▕███████████████   ▏ 4.1 GB/4.7 GB  2.6 MB/s   3m29s[K[?25h[?2026l[?2026h[?25l[A[1Gpulling manifest [K
pulling 2bada8a74506:  88% ▕███████████████   ▏ 4.1 GB/4.7 GB  2.6 MB/s   3m28s[K[?25h[?2026l[?2026h[?25l[A[1Gpulling manifest [K
pulling 2bada8a74506:  88% ▕███████████████   ▏ 4.1 GB/4.7 GB  2.6 MB/s   3m28s[K[?25h[?2026l[?2026h[?25l[A[1Gpulling manifest [K
pulling 2bada8a74506:  88% ▕███████████████   ▏ 4.1 GB/4.7 GB  2.5 MB/s   3m43s[K[?25h[?2026l[?2026h[?25l[A[1Gpulling manifest [K
pulling 2bada8a74506:  88% ▕███████████████   ▏ 4.1 GB/4.7 GB  2.5 MB/s   3m43s[K[?25h[?2026l[?2026h[?25l[A[1Gpulling manifest [K
pulling 2bada8a74506:  88% ▕███████████████   ▏ 4.1 GB/4.7 GB  2.5 MB/s   3m43s[K[?25h[?2026l[?2026h[?25l[A[1Gpulling manifest [K
pulling 2bada8a74506:  88% ▕███████████████   ▏ 4.1 GB/4.7 GB  2.5 MB/s   3m42s[K[?25h[?2026l[?2026h[?25l[A[1Gpulling manifest [K
pulling 2bada8a74506:  88% ▕███████████████   ▏ 4.1 GB/4.7 GB  2.5 MB/s   3m42s[K[?25h[?2026l[?2026h[?25l[A[1Gpulling manifest [K
pulling 2bada8a74506:  88% ▕███████████████   ▏ 4.1 GB/4.7 GB  2.5 MB/s   3m42s[K[?25h[?2026l[?2026h[?25l[A[1Gpulling manifest [K
pulling 2bada8a74506:  88% ▕███████████████   ▏ 4.1 GB/4.7 GB  2.5 MB/s   3m42s[K[?25h[?2026l[?2026h[?25l[A[1Gpulling manifest [K
pulling 2bada8a74506:  88% ▕███████████████   ▏ 4.1 GB/4.7 GB  2.5 MB/s   3m42s[K[?25h[?2026l[?2026h[?25l[A[1Gpulling manifest [K
pulling 2bada8a74506:  88% ▕███████████████   ▏ 4.1 GB/4.7 GB  2.5 MB/s   3m42s[K[?25h[?2026l[?2026h[?25l[A[1Gpulling manifest [K
pulling 2bada8a74506:  88% ▕███████████████   ▏ 4.1 GB/4.7 GB  2.5 MB/s   3m42s[K[?25h[?2026l[?2026h[?25l[A[1Gpulling manifest [K
pulling 2bada8a74506:  88% ▕███████████████   ▏ 4.1 GB/4.7 GB  2.6 MB/s   3m34s[K[?25h[?2026l[?2026h[?25l[A[1Gpulling manifest [K
pulling 2bada8a74506:  88% ▕███████████████   ▏ 4.1 GB/4.7 GB  2.6 MB/s   3m34s[K[?25h[?2026l[?2026h[?25l[A[1Gpulling manifest [K
pulling 2bada8a74506:  88% ▕███████████████   ▏ 4.1 GB/4.7 GB  2.6 MB/s   3m34s[K[?25h[?2026l[?2026h[?25l[A[1Gpulling manifest [K
pulling 2bada8a74506:  88% ▕███████████████   ▏ 4.1 GB/4.7 GB  2.6 MB/s   3m34s[K[?25h[?2026l[?2026h[?25l[A[1Gpulling manifest [K
pulling 2bada8a74506:  88% ▕███████████████   ▏ 4.1 GB/4.7 GB  2.6 MB/s   3m34s[K[?25h[?2026l[?2026h[?25l[A[1Gpulling manifest [K
pulling 2bada8a74506:  88% ▕███████████████   ▏ 4.1 GB/4.7 GB  2.6 MB/s   3m34s[K[?25h[?2026l[?2026h[?25l[A[1Gpulling manifest [K
pulling 2bada8a74506:  88% ▕███████████████   ▏ 4.1 GB/4.7 GB  2.6 MB/s   3m34s[K[?25h[?2026l[?2026h[?25l[A[1Gpulling manifest [K
pulling 2bada8a74506:  88% ▕███████████████   ▏ 4.1 GB/4.7 GB  2.6 MB/s   3m34s[K[?25h[?2026l[?2026h[?25l[A[1Gpulling manifest [K
pulling 2bada8a74506:  88% ▕███████████████   ▏ 4.1 GB/4.7 GB  2.6 MB/s   3m34s[K[?25h[?2026l[?2026h[?25l[A[1Gpulling manifest [K
pulling 2bada8a74506:  88% ▕███████████████   ▏ 4.1 GB/4.7 GB  2.6 MB/s   3m34s[K[?25h[?2026l[?2026h[?25l[A[1Gpulling manifest [K
pulling 2bada8a74506:  88% ▕███████████████   ▏ 4.1 GB/4.7 GB  2.6 MB/s   3m34s[K[?25h[?2026l[?2026h[?25l[A[1Gpulling manifest [K
pulling 2bada8a74506:  88% ▕███████████████   ▏ 4.1 GB/4.7 GB  2.4 MB/s   3m46s[K[?25h[?2026l[?2026h[?25l[A[1Gpulling manifest [K
pulling 2bada8a74506:  88% ▕███████████████   ▏ 4.1 GB/4.7 GB  2.4 MB/s   3m46s[K[?25h[?2026l[?2026h[?25l[A[1Gpulling manifest [K
pulling 2bada8a74506:  88% ▕███████████████   ▏ 4.1 GB/4.7 GB  2.4 MB/s   3m46s[K[?25h[?2026l[?2026h[?25l[A[1Gpulling manifest [K
pulling 2bada8a74506:  88% ▕███████████████   ▏ 4.1 GB/4.7 GB  2.4 MB/s   3m46s[K[?25h[?2026l[?2026h[?25l[A[1Gpulling manifest [K
pulling 2bada8a74506:  88% ▕███████████████   ▏ 4.1 GB/4.7 GB  2.4 MB/s   3m46s[K[?25h[?2026l[?2026h[?25l[A[1Gpulling manifest [K
pulling 2bada8a74506:  88% ▕███████████████   ▏ 4.1 GB/4.7 GB  2.4 MB/s   3m46s[K[?25h[?2026l[?2026h[?25l[A[1Gpulling manifest [K
pulling 2bada8a74506:  88% ▕███████████████   ▏ 4.1 GB/4.7 GB  2.4 MB/s   3m46s[K[?25h[?2026l[?2026h[?25l[A[1Gpulling manifest [K
pulling 2bada8a74506:  88% ▕███████████████   ▏ 4.1 GB/4.7 GB  2.4 MB/s   3m46s[K[?25h[?2026l[?2026h[?25l[A[1Gpulling manifest [K
pulling 2bada8a74506:  88% ▕███████████████   ▏ 4.1 GB/4.7 GB  2.4 MB/s   3m45s[K[?25h[?2026l[?2026h[?25l[A[1Gpulling manifest [K
pulling 2bada8a74506:  88% ▕███████████████   ▏ 4.1 GB/4.7 GB  2.4 MB/s   3m45s[K[?25h[?2026l[?2026h[?25l[A[1Gpulling manifest [K
pulling 2bada8a74506:  88% ▕███████████████   ▏ 4.1 GB/4.7 GB  2.4 MB/s   3m46s[K[?25h[?2026l[?2026h[?25l[A[1Gpulling manifest [K
pulling 2bada8a74506:  88% ▕███████████████   ▏ 4.1 GB/4.7 GB  2.4 MB/s   3m46s[K[?25h[?2026l[?2026h[?25l[A[1Gpulling manifest [K
pulling 2bada8a74506:  88% ▕███████████████   ▏ 4.1 GB/4.7 GB  2.4 MB/s   3m45s[K[?25h[?2026l[?2026h[?25l[A[1Gpulling manifest [K
pulling 2bada8a74506:  88% ▕███████████████   ▏ 4.1 GB/4.7 GB  2.4 MB/s   3m45s[K[?25h[?2026l[?2026h[?25l[A[1Gpulling manifest [K
pulling 2bada8a74506:  88% ▕███████████████   ▏ 4.1 GB/4.7 GB  2.4 MB/s   3m45s[K[?25h[?2026l[?2026h[?25l[A[1Gpulling manifest [K
pulling 2bada8a74506:  88% ▕███████████████   ▏ 4.1 GB/4.7 GB  2.4 MB/s   3m45s[K[?25h[?2026l[?2026h[?25l[A[1Gpulling manifest [K
pulling 2bada8a74506:  88% ▕███████████████   ▏ 4.1 GB/4.7 GB  2.4 MB/s   3m45s[K[?25h[?2026l[?2026h[?25l[A[1Gpulling manifest [K
pulling 2bada8a74506:  88% ▕███████████████   ▏ 4.1 GB/4.7 GB  2.4 MB/s   3m45s[K[?25h[?2026l[?2026h[?25l[A[1Gpulling manifest [K
pulling 2bada8a74506:  88% ▕███████████████   ▏ 4.1 GB/4.7 GB  2.4 MB/s   3m45s[K[?25h[?2026l[?2026h[?25l[A[1Gpulling manifest [K
pulling 2bada8a74506:  88% ▕███████████████   ▏ 4.1 GB/4.7 GB  2.4 MB/s   3m45s[K[?25h[?2026l[?2026h[?25l[A[1Gpulling manifest [K
pulling 2bada8a74506:  88% ▕███████████████   ▏ 4.1 GB/4.7 GB  2.5 MB/s   3m39s[K[?25h[?2026l[?2026h[?25l[A[1Gpulling manifest [K
pulling 2bada8a74506:  88% ▕███████████████   ▏ 4.1 GB/4.7 GB  2.5 MB/s   3m39s[K[?25h[?2026l[?2026h[?25l[A[1Gpulling manifest [K
pulling 2bada8a74506:  88% ▕███████████████   ▏ 4.1 GB/4.7 GB  2.5 MB/s   3m39s[K[?25h[?2026l[?2026h[?25l[A[1Gpulling manifest [K
pulling 2bada8a74506:  88% ▕███████████████   ▏ 4.1 GB/4.7 GB  2.5 MB/s   3m39s[K[?25h[?2026l[?2026h[?25l[A[1Gpulling manifest [K
pulling 2bada8a74506:  88% ▕███████████████   ▏ 4.1 GB/4.7 GB  2.5 MB/s   3m39s[K[?25h[?2026l[?2026h[?25l[A[1Gpulling manifest [K
pulling 2bada8a74506:  88% ▕███████████████   ▏ 4.1 GB/4.7 GB  2.5 MB/s   3m38s[K[?25h[?2026l[?2026h[?25l[A[1Gpulling manifest [K
pulling 2bada8a74506:  88% ▕███████████████   ▏ 4.1 GB/4.7 GB  2.5 MB/s   3m38s[K[?25h[?2026l[?2026h[?25l[A[1Gpulling manifest [K
pulling 2bada8a74506:  88% ▕███████████████   ▏ 4.1 GB/4.7 GB  2.5 MB/s   3m38s[K[?25h[?2026l[?2026h[?25l[A[1Gpulling manifest [K
pulling 2bada8a74506:  88% ▕███████████████   ▏ 4.1 GB/4.7 GB  2.5 MB/s   3m38s[K[?25h[?2026l[?2026h[?25l[A[1Gpulling manifest [K
pulling 2bada8a74506:  88% ▕███████████████   ▏ 4.1 GB/4.7 GB  2.5 MB/s   3m38s[K[?25h[?2026l[?2026h[?25l[A[1Gpulling manifest [K
pulling 2bada8a74506:  89% ▕███████████████   ▏ 4.1 GB/4.7 GB  2.5 MB/s   3m37s[K[?25h[?2026l[?2026h[?25l[A[1Gpulling manifest [K
pulling 2bada8a74506:  89% ▕███████████████   ▏ 4.1 GB/4.7 GB  2.5 MB/s   3m37s[K[?25h[?2026l[?2026h[?25l[A[1Gpulling manifest [K
pulling 2bada8a74506:  89% ▕███████████████   ▏ 4.1 GB/4.7 GB  2.5 MB/s   3m37s[K[?25h[?2026l[?2026h[?25l[A[1Gpulling manifest [K
pulling 2bada8a74506:  89% ▕███████████████   ▏ 4.1 GB/4.7 GB  2.5 MB/s   3m37s[K[?25h[?2026l[?2026h[?25l[A[1Gpulling manifest [K
pulling 2bada8a74506:  89% ▕███████████████   ▏ 4.1 GB/4.7 GB  2.5 MB/s   3m37s[K[?25h[?2026l[?2026h[?25l[A[1Gpulling manifest [K
pulling 2bada8a74506:  89% ▕███████████████   ▏ 4.1 GB/4.7 GB  2.5 MB/s   3m36s[K[?25h[?2026l[?2026h[?25l[A[1Gpulling manifest [K
pulling 2bada8a74506:  89% ▕███████████████   ▏ 4.1 GB/4.7 GB  2.5 MB/s   3m36s[K[?25h[?2026l[?2026h[?25l[A[1Gpulling manifest [K
pulling 2bada8a74506:  89% ▕███████████████   ▏ 4.1 GB/4.7 GB  2.5 MB/s   3m36s[K[?25h[?2026l[?2026h[?25l[A[1Gpulling manifest [K
pulling 2bada8a74506:  89% ▕███████████████   ▏ 4.1 GB/4.7 GB  2.5 MB/s   3m36s[K[?25h[?2026l[?2026h[?25l[A[1Gpulling manifest [K
pulling 2bada8a74506:  89% ▕███████████████   ▏ 4.1 GB/4.7 GB  2.5 MB/s   3m36s[K[?25h[?2026l[?2026h[?25l[A[1Gpulling manifest [K
pulling 2bada8a74506:  89% ▕███████████████   ▏ 4.1 GB/4.7 GB  2.5 MB/s   3m36s[K[?25h[?2026l[?2026h[?25l[A[1Gpulling manifest [K
pulling 2bada8a74506:  89% ▕███████████████   ▏ 4.1 GB/4.7 GB  2.5 MB/s   3m36s[K[?25h[?2026l[?2026h[?25l[A[1Gpulling manifest [K
pulling 2bada8a74506:  89% ▕███████████████   ▏ 4.1 GB/4.7 GB  2.5 MB/s   3m36s[K[?25h[?2026l[?2026h[?25l[A[1Gpulling manifest [K
pulling 2bada8a74506:  89% ▕███████████████   ▏ 4.1 GB/4.7 GB  2.5 MB/s   3m36s[K[?25h[?2026l[?2026h[?25l[A[1Gpulling manifest [K
pulling 2bada8a74506:  89% ▕███████████████   ▏ 4.1 GB/4.7 GB  2.5 MB/s   3m36s[K[?25h[?2026l[?2026h[?25l[A[1Gpulling manifest [K
pulling 2bada8a74506:  89% ▕███████████████   ▏ 4.1 GB/4.7 GB  2.5 MB/s   3m36s[K[?25h[?2026l[?2026h[?25l[A[1Gpulling manifest [K
pulling 2bada8a74506:  89% ▕███████████████   ▏ 4.1 GB/4.7 GB  2.5 MB/s   3m36s[K[?25h[?2026l[?2026h[?25l[A[1Gpulling manifest [K
pulling 2bada8a74506:  89% ▕███████████████   ▏ 4.1 GB/4.7 GB  2.5 MB/s   3m36s[K[?25h[?2026l[?2026h[?25l[A[1Gpulling manifest [K
pulling 2bada8a74506:  89% ▕███████████████   ▏ 4.1 GB/4.7 GB  2.5 MB/s   3m36s[K[?25h[?2026l[?2026h[?25l[A[1Gpulling manifest [K
pulling 2bada8a74506:  89% ▕███████████████   ▏ 4.1 GB/4.7 GB  2.5 MB/s   3m35s[K[?25h[?2026l[?2026h[?25l[A[1Gpulling manifest [K
pulling 2bada8a74506:  89% ▕███████████████   ▏ 4.1 GB/4.7 GB  2.5 MB/s   3m35s[K[?25h[?2026l[?2026h[?25l[A[1Gpulling manifest [K
pulling 2bada8a74506:  89% ▕███████████████   ▏ 4.1 GB/4.7 GB  2.5 MB/s   3m34s[K[?25h[?2026l[?2026h[?25l[A[1Gpulling manifest [K
pulling 2bada8a74506:  89% ▕███████████████   ▏ 4.2 GB/4.7 GB  2.5 MB/s   3m34s[K[?25h[?2026l[?2026h[?25l[A[1Gpulling manifest [K
pulling 2bada8a74506:  89% ▕███████████████   ▏ 4.2 GB/4.7 GB  2.5 MB/s   3m34s[K[?25h[?2026l[?2026h[?25l[A[1Gpulling manifest [K
pulling 2bada8a74506:  89% ▕███████████████   ▏ 4.2 GB/4.7 GB  2.5 MB/s   3m34s[K[?25h[?2026l[?2026h[?25l[A[1Gpulling manifest [K
pulling 2bada8a74506:  89% ▕███████████████   ▏ 4.2 GB/4.7 GB  2.5 MB/s   3m34s[K[?25h[?2026l[?2026h[?25l[A[1Gpulling manifest [K
pulling 2bada8a74506:  89% ▕███████████████   ▏ 4.2 GB/4.7 GB  2.5 MB/s   3m34s[K[?25h[?2026l[?2026h[?25l[A[1Gpulling manifest [K
pulling 2bada8a74506:  89% ▕███████████████   ▏ 4.2 GB/4.7 GB  2.5 MB/s   3m34s[K[?25h[?2026l[?2026h[?25l[A[1Gpulling manifest [K
pulling 2bada8a74506:  89% ▕███████████████   ▏ 4.2 GB/4.7 GB  2.5 MB/s   3m33s[K[?25h[?2026l[?2026h[?25l[A[1Gpulling manifest [K
pulling 2bada8a74506:  89% ▕███████████████   ▏ 4.2 GB/4.7 GB  2.5 MB/s   3m33s[K[?25h[?2026l[?2026h[?25l[A[1Gpulling manifest [K
pulling 2bada8a74506:  89% ▕███████████████   ▏ 4.2 GB/4.7 GB  2.5 MB/s   3m33s[K[?25h[?2026l[?2026h[?25l[A[1Gpulling manifest [K
pulling 2bada8a74506:  89% ▕███████████████   ▏ 4.2 GB/4.7 GB  2.6 MB/s   3m27s[K[?25h[?2026l[?2026h[?25l[A[1Gpulling manifest [K
pulling 2bada8a74506:  89% ▕███████████████   ▏ 4.2 GB/4.7 GB  2.6 MB/s   3m27s[K[?25h[?2026l[?2026h[?25l[A[1Gpulling manifest [K
pulling 2bada8a74506:  89% ▕███████████████   ▏ 4.2 GB/4.7 GB  2.6 MB/s   3m27s[K[?25h[?2026l[?2026h[?25l[A[1Gpulling manifest [K
pulling 2bada8a74506:  89% ▕███████████████   ▏ 4.2 GB/4.7 GB  2.6 MB/s   3m27s[K[?25h[?2026l[?2026h[?25l[A[1Gpulling manifest [K
pulling 2bada8a74506:  89% ▕███████████████   ▏ 4.2 GB/4.7 GB  2.6 MB/s   3m27s[K[?25h[?2026l[?2026h[?25l[A[1Gpulling manifest [K
pulling 2bada8a74506:  89% ▕███████████████   ▏ 4.2 GB/4.7 GB  2.6 MB/s   3m27s[K[?25h[?2026l[?2026h[?25l[A[1Gpulling manifest [K
pulling 2bada8a74506:  89% ▕███████████████   ▏ 4.2 GB/4.7 GB  2.6 MB/s   3m26s[K[?25h[?2026l[?2026h[?25l[A[1Gpulling manifest [K
pulling 2bada8a74506:  89% ▕███████████████   ▏ 4.2 GB/4.7 GB  2.6 MB/s   3m26s[K[?25h[?2026l[?2026h[?25l[A[1Gpulling manifest [K
pulling 2bada8a74506:  89% ▕███████████████   ▏ 4.2 GB/4.7 GB  2.6 MB/s   3m26s[K[?25h[?2026l[?2026h[?25l[A[1Gpulling manifest [K
pulling 2bada8a74506:  89% ▕███████████████   ▏ 4.2 GB/4.7 GB  2.6 MB/s   3m26s[K[?25h[?2026l[?2026h[?25l[A[1Gpulling manifest [K
pulling 2bada8a74506:  89% ▕███████████████   ▏ 4.2 GB/4.7 GB  2.4 MB/s   3m36s[K[?25h[?2026l[?2026h[?25l[A[1Gpulling manifest [K
pulling 2bada8a74506:  89% ▕███████████████   ▏ 4.2 GB/4.7 GB  2.4 MB/s   3m36s[K[?25h[?2026l[?2026h[?25l[A[1Gpulling manifest [K
pulling 2bada8a74506:  89% ▕███████████████   ▏ 4.2 GB/4.7 GB  2.4 MB/s   3m36s[K[?25h[?2026l[?2026h[?25l[A[1Gpulling manifest [K
pulling 2bada8a74506:  89% ▕███████████████   ▏ 4.2 GB/4.7 GB  2.4 MB/s   3m36s[K[?25h[?2026l[?2026h[?25l[A[1Gpulling manifest [K
pulling 2bada8a74506:  89% ▕███████████████   ▏ 4.2 GB/4.7 GB  2.4 MB/s   3m36s[K[?25h[?2026l[?2026h[?25l[A[1Gpulling manifest [K
pulling 2bada8a74506:  89% ▕███████████████   ▏ 4.2 GB/4.7 GB  2.4 MB/s   3m36s[K[?25h[?2026l[?2026h[?25l[A[1Gpulling manifest [K
pulling 2bada8a74506:  89% ▕███████████████   ▏ 4.2 GB/4.7 GB  2.4 MB/s   3m36s[K[?25h[?2026l[?2026h[?25l[A[1Gpulling manifest [K
pulling 2bada8a74506:  89% ▕███████████████   ▏ 4.2 GB/4.7 GB  2.4 MB/s   3m35s[K[?25h[?2026l[?2026h[?25l[A[1Gpulling manifest [K
pulling 2bada8a74506:  89% ▕███████████████   ▏ 4.2 GB/4.7 GB  2.4 MB/s   3m35s[K[?25h[?2026l[?2026h[?25l[A[1Gpulling manifest [K
pulling 2bada8a74506:  89% ▕███████████████   ▏ 4.2 GB/4.7 GB  2.4 MB/s   3m35s[K[?25h[?2026l[?2026h[?25l[A[1Gpulling manifest [K
pulling 2bada8a74506:  89% ▕███████████████   ▏ 4.2 GB/4.7 GB  2.3 MB/s   3m44s[K[?25h[?2026l[?2026h[?25l[A[1Gpulling manifest [K
pulling 2bada8a74506:  89% ▕███████████████   ▏ 4.2 GB/4.7 GB  2.3 MB/s   3m44s[K[?25h[?2026l[?2026h[?25l[A[1Gpulling manifest [K
pulling 2bada8a74506:  89% ▕███████████████   ▏ 4.2 GB/4.7 GB  2.3 MB/s   3m44s[K[?25h[?2026l[?2026h[?25l[A[1Gpulling manifest [K
pulling 2bada8a74506:  89% ▕███████████████   ▏ 4.2 GB/4.7 GB  2.3 MB/s   3m44s[K[?25h[?2026l[?2026h[?25l[A[1Gpulling manifest [K
pulling 2bada8a74506:  89% ▕███████████████   ▏ 4.2 GB/4.7 GB  2.3 MB/s   3m44s[K[?25h[?2026l[?2026h[?25l[A[1Gpulling manifest [K
pulling 2bada8a74506:  89% ▕███████████████   ▏ 4.2 GB/4.7 GB  2.3 MB/s   3m44s[K[?25h[?2026l[?2026h[?25l[A[1Gpulling manifest [K
pulling 2bada8a74506:  89% ▕███████████████   ▏ 4.2 GB/4.7 GB  2.3 MB/s   3m44s[K[?25h[?2026l[?2026h[?25l[A[1Gpulling manifest [K
pulling 2bada8a74506:  89% ▕███████████████   ▏ 4.2 GB/4.7 GB  2.3 MB/s   3m44s[K[?25h[?2026l[?2026h[?25l[A[1Gpulling manifest [K
pulling 2bada8a74506:  89% ▕███████████████   ▏ 4.2 GB/4.7 GB  2.3 MB/s   3m44s[K[?25h[?2026l[?2026h[?25l[A[1Gpulling manifest [K
pulling 2bada8a74506:  89% ▕███████████████   ▏ 4.2 GB/4.7 GB  2.3 MB/s   3m44s[K[?25h[?2026l[?2026h[?25l[A[1Gpulling manifest [K
pulling 2bada8a74506:  89% ▕███████████████   ▏ 4.2 GB/4.7 GB  2.3 MB/s   3m45s[K[?25h[?2026l[?2026h[?25l[A[1Gpulling manifest [K
pulling 2bada8a74506:  89% ▕███████████████   ▏ 4.2 GB/4.7 GB  2.3 MB/s   3m44s[K[?25h[?2026l[?2026h[?25l[A[1Gpulling manifest [K
pulling 2bada8a74506:  89% ▕███████████████   ▏ 4.2 GB/4.7 GB  2.3 MB/s   3m44s[K[?25h[?2026l[?2026h[?25l[A[1Gpulling manifest [K
pulling 2bada8a74506:  89% ▕███████████████   ▏ 4.2 GB/4.7 GB  2.3 MB/s   3m44s[K[?25h[?2026l[?2026h[?25l[A[1Gpulling manifest [K
pulling 2bada8a74506:  89% ▕███████████████   ▏ 4.2 GB/4.7 GB  2.3 MB/s   3m44s[K[?25h[?2026l[?2026h[?25l[A[1Gpulling manifest [K
pulling 2bada8a74506:  89% ▕███████████████   ▏ 4.2 GB/4.7 GB  2.3 MB/s   3m44s[K[?25h[?2026l[?2026h[?25l[A[1Gpulling manifest [K
pulling 2bada8a74506:  89% ▕███████████████   ▏ 4.2 GB/4.7 GB  2.3 MB/s   3m44s[K[?25h[?2026l[?2026h[?25l[A[1Gpulling manifest [K
pulling 2bada8a74506:  89% ▕███████████████   ▏ 4.2 GB/4.7 GB  2.3 MB/s   3m44s[K[?25h[?2026l[?2026h[?25l[A[1Gpulling manifest [K
pulling 2bada8a74506:  89% ▕███████████████   ▏ 4.2 GB/4.7 GB  2.3 MB/s   3m44s[K[?25h[?2026l[?2026h[?25l[A[1Gpulling manifest [K
pulling 2bada8a74506:  89% ▕███████████████   ▏ 4.2 GB/4.7 GB  2.3 MB/s   3m44s[K[?25h[?2026l[?2026h[?25l[A[1Gpulling manifest [K
pulling 2bada8a74506:  89% ▕███████████████   ▏ 4.2 GB/4.7 GB  2.3 MB/s   3m44s[K[?25h[?2026l[?2026h[?25l[A[1Gpulling manifest [K
pulling 2bada8a74506:  89% ▕███████████████   ▏ 4.2 GB/4.7 GB  2.2 MB/s   3m53s[K[?25h[?2026l[?2026h[?25l[A[1Gpulling manifest [K
pulling 2bada8a74506:  89% ▕███████████████   ▏ 4.2 GB/4.7 GB  2.2 MB/s   3m53s[K[?25h[?2026l[?2026h[?25l[A[1Gpulling manifest [K
pulling 2bada8a74506:  89% ▕███████████████   ▏ 4.2 GB/4.7 GB  2.2 MB/s   3m53s[K[?25h[?2026l[?2026h[?25l[A[1Gpulling manifest [K
pulling 2bada8a74506:  89% ▕███████████████   ▏ 4.2 GB/4.7 GB  2.2 MB/s   3m52s[K[?25h[?2026l[?2026h[?25l[A[1Gpulling manifest [K
pulling 2bada8a74506:  89% ▕███████████████   ▏ 4.2 GB/4.7 GB  2.2 MB/s   3m52s[K[?25h[?2026l[?2026h[?25l[A[1Gpulling manifest [K
pulling 2bada8a74506:  89% ▕███████████████   ▏ 4.2 GB/4.7 GB  2.2 MB/s   3m52s[K[?25h[?2026l[?2026h[?25l[A[1Gpulling manifest [K
pulling 2bada8a74506:  89% ▕███████████████   ▏ 4.2 GB/4.7 GB  2.2 MB/s   3m52s[K[?25h[?2026l[?2026h[?25l[A[1Gpulling manifest [K
pulling 2bada8a74506:  89% ▕███████████████   ▏ 4.2 GB/4.7 GB  2.2 MB/s   3m52s[K[?25h[?2026l[?2026h[?25l[A[1Gpulling manifest [K
pulling 2bada8a74506:  89% ▕███████████████   ▏ 4.2 GB/4.7 GB  2.2 MB/s   3m52s[K[?25h[?2026l[?2026h[?25l[A[1Gpulling manifest [K
pulling 2bada8a74506:  89% ▕███████████████   ▏ 4.2 GB/4.7 GB  2.2 MB/s   3m52s[K[?25h[?2026l[?2026h[?25l[A[1Gpulling manifest [K
pulling 2bada8a74506:  89% ▕████████████████  ▏ 4.2 GB/4.7 GB  2.2 MB/s   3m52s[K[?25h[?2026l[?2026h[?25l[A[1Gpulling manifest [K
pulling 2bada8a74506:  89% ▕████████████████  ▏ 4.2 GB/4.7 GB  2.2 MB/s   3m52s[K[?25h[?2026l[?2026h[?25l[A[1Gpulling manifest [K
pulling 2bada8a74506:  89% ▕████████████████  ▏ 4.2 GB/4.7 GB  2.2 MB/s   3m52s[K[?25h[?2026l[?2026h[?25l[A[1Gpulling manifest [K
pulling 2bada8a74506:  89% ▕████████████████  ▏ 4.2 GB/4.7 GB  2.2 MB/s   3m52s[K[?25h[?2026l[?2026h[?25l[A[1Gpulling manifest [K
pulling 2bada8a74506:  89% ▕████████████████  ▏ 4.2 GB/4.7 GB  2.2 MB/s   3m52s[K[?25h[?2026l[?2026h[?25l[A[1Gpulling manifest [K
pulling 2bada8a74506:  89% ▕████████████████  ▏ 4.2 GB/4.7 GB  2.2 MB/s   3m52s[K[?25h[?2026l[?2026h[?25l[A[1Gpulling manifest [K
pulling 2bada8a74506:  89% ▕████████████████  ▏ 4.2 GB/4.7 GB  2.2 MB/s   3m52s[K[?25h[?2026l[?2026h[?25l[A[1Gpulling manifest [K
pulling 2bada8a74506:  89% ▕████████████████  ▏ 4.2 GB/4.7 GB  2.2 MB/s   3m52s[K[?25h[?2026l[?2026h[?25l[A[1Gpulling manifest [K
pulling 2bada8a74506:  89% ▕████████████████  ▏ 4.2 GB/4.7 GB  2.2 MB/s   3m52s[K[?25h[?2026l[?2026h[?25l[A[1Gpulling manifest [K
pulling 2bada8a74506:  89% ▕████████████████  ▏ 4.2 GB/4.7 GB  2.2 MB/s   3m52s[K[?25h[?2026l[?2026h[?25l[A[1Gpulling manifest [K
pulling 2bada8a74506:  89% ▕████████████████  ▏ 4.2 GB/4.7 GB  2.3 MB/s   3m46s[K[?25h[?2026l[?2026h[?25l[A[1Gpulling manifest [K
pulling 2bada8a74506:  89% ▕████████████████  ▏ 4.2 GB/4.7 GB  2.3 MB/s   3m46s[K[?25h[?2026l[?2026h[?25l[A[1Gpulling manifest [K
pulling 2bada8a74506:  89% ▕████████████████  ▏ 4.2 GB/4.7 GB  2.3 MB/s   3m45s[K[?25h[?2026l[?2026h[?25l[A[1Gpulling manifest [K
pulling 2bada8a74506:  89% ▕████████████████  ▏ 4.2 GB/4.7 GB  2.3 MB/s   3m45s[K[?25h[?2026l[?2026h[?25l[A[1Gpulling manifest [K
pulling 2bada8a74506:  89% ▕████████████████  ▏ 4.2 GB/4.7 GB  2.3 MB/s   3m45s[K[?25h[?2026l[?2026h[?25l[A[1Gpulling manifest [K
pulling 2bada8a74506:  89% ▕████████████████  ▏ 4.2 GB/4.7 GB  2.3 MB/s   3m45s[K[?25h[?2026l[?2026h[?25l[A[1Gpulling manifest [K
pulling 2bada8a74506:  89% ▕████████████████  ▏ 4.2 GB/4.7 GB  2.3 MB/s   3m45s[K[?25h[?2026l[?2026h[?25l[A[1Gpulling manifest [K
pulling 2bada8a74506:  89% ▕████████████████  ▏ 4.2 GB/4.7 GB  2.3 MB/s   3m45s[K[?25h[?2026l[?2026h[?25l[A[1Gpulling manifest [K
pulling 2bada8a74506:  89% ▕████████████████  ▏ 4.2 GB/4.7 GB  2.3 MB/s   3m44s[K[?25h[?2026l[?2026h[?25l[A[1Gpulling manifest [K
pulling 2bada8a74506:  89% ▕████████████████  ▏ 4.2 GB/4.7 GB  2.3 MB/s   3m44s[K[?25h[?2026l[?2026h[?25l[A[1Gpulling manifest [K
pulling 2bada8a74506:  89% ▕████████████████  ▏ 4.2 GB/4.7 GB  2.4 MB/s   3m30s[K[?25h[?2026l[?2026h[?25l[A[1Gpulling manifest [K
pulling 2bada8a74506:  89% ▕████████████████  ▏ 4.2 GB/4.7 GB  2.4 MB/s   3m29s[K[?25h[?2026l[?2026h[?25l[A[1Gpulling manifest [K
pulling 2bada8a74506:  89% ▕████████████████  ▏ 4.2 GB/4.7 GB  2.4 MB/s   3m29s[K[?25h[?2026l[?2026h[?25l[A[1Gpulling manifest [K
pulling 2bada8a74506:  89% ▕████████████████  ▏ 4.2 GB/4.7 GB  2.4 MB/s   3m29s[K[?25h[?2026l[?2026h[?25l[A[1Gpulling manifest [K
pulling 2bada8a74506:  89% ▕████████████████  ▏ 4.2 GB/4.7 GB  2.4 MB/s   3m29s[K[?25h[?2026l[?2026h[?25l[A[1Gpulling manifest [K
pulling 2bada8a74506:  89% ▕████████████████  ▏ 4.2 GB/4.7 GB  2.4 MB/s   3m29s[K[?25h[?2026l[?2026h[?25l[A[1Gpulling manifest [K
pulling 2bada8a74506:  89% ▕████████████████  ▏ 4.2 GB/4.7 GB  2.4 MB/s   3m29s[K[?25h[?2026l[?2026h[?25l[A[1Gpulling manifest [K
pulling 2bada8a74506:  89% ▕████████████████  ▏ 4.2 GB/4.7 GB  2.4 MB/s   3m29s[K[?25h[?2026l[?2026h[?25l[A[1Gpulling manifest [K
pulling 2bada8a74506:  89% ▕████████████████  ▏ 4.2 GB/4.7 GB  2.4 MB/s   3m29s[K[?25h[?2026l[?2026h[?25l[A[1Gpulling manifest [K
pulling 2bada8a74506:  89% ▕████████████████  ▏ 4.2 GB/4.7 GB  2.4 MB/s   3m28s[K[?25h[?2026l[?2026h[?25l[A[1Gpulling manifest [K
pulling 2bada8a74506:  89% ▕████████████████  ▏ 4.2 GB/4.7 GB  2.5 MB/s   3m25s[K[?25h[?2026l[?2026h[?25l[A[1Gpulling manifest [K
pulling 2bada8a74506:  89% ▕████████████████  ▏ 4.2 GB/4.7 GB  2.5 MB/s   3m25s[K[?25h[?2026l[?2026h[?25l[A[1Gpulling manifest [K
pulling 2bada8a74506:  89% ▕████████████████  ▏ 4.2 GB/4.7 GB  2.5 MB/s   3m25s[K[?25h[?2026l[?2026h[?25l[A[1Gpulling manifest [K
pulling 2bada8a74506:  89% ▕████████████████  ▏ 4.2 GB/4.7 GB  2.5 MB/s   3m25s[K[?25h[?2026l[?2026h[?25l[A[1Gpulling manifest [K
pulling 2bada8a74506:  89% ▕████████████████  ▏ 4.2 GB/4.7 GB  2.5 MB/s   3m24s[K[?25h[?2026l[?2026h[?25l[A[1Gpulling manifest [K
pulling 2bada8a74506:  89% ▕████████████████  ▏ 4.2 GB/4.7 GB  2.5 MB/s   3m24s[K[?25h[?2026l[?2026h[?25l[A[1Gpulling manifest [K
pulling 2bada8a74506:  89% ▕████████████████  ▏ 4.2 GB/4.7 GB  2.5 MB/s   3m24s[K[?25h[?2026l[?2026h[?25l[A[1Gpulling manifest [K
pulling 2bada8a74506:  89% ▕████████████████  ▏ 4.2 GB/4.7 GB  2.5 MB/s   3m24s[K[?25h[?2026l[?2026h[?25l[A[1Gpulling manifest [K
pulling 2bada8a74506:  89% ▕████████████████  ▏ 4.2 GB/4.7 GB  2.5 MB/s   3m24s[K[?25h[?2026l[?2026h[?25l[A[1Gpulling manifest [K
pulling 2bada8a74506:  89% ▕████████████████  ▏ 4.2 GB/4.7 GB  2.5 MB/s   3m24s[K[?25h[?2026l[?2026h[?25l[A[1Gpulling manifest [K
pulling 2bada8a74506:  89% ▕████████████████  ▏ 4.2 GB/4.7 GB  2.5 MB/s   3m24s[K[?25h[?2026l[?2026h[?25l[A[1Gpulling manifest [K
pulling 2bada8a74506:  89% ▕████████████████  ▏ 4.2 GB/4.7 GB  2.6 MB/s   3m13s[K[?25h[?2026l[?2026h[?25l[A[1Gpulling manifest [K
pulling 2bada8a74506:  89% ▕████████████████  ▏ 4.2 GB/4.7 GB  2.6 MB/s   3m13s[K[?25h[?2026l[?2026h[?25l[A[1Gpulling manifest [K
pulling 2bada8a74506:  89% ▕████████████████  ▏ 4.2 GB/4.7 GB  2.6 MB/s   3m13s[K[?25h[?2026l[?2026h[?25l[A[1Gpulling manifest [K
pulling 2bada8a74506:  89% ▕████████████████  ▏ 4.2 GB/4.7 GB  2.6 MB/s   3m13s[K[?25h[?2026l[?2026h[?25l[A[1Gpulling manifest [K
pulling 2bada8a74506:  89% ▕████████████████  ▏ 4.2 GB/4.7 GB  2.6 MB/s   3m13s[K[?25h[?2026l[?2026h[?25l[A[1Gpulling manifest [K
pulling 2bada8a74506:  89% ▕████████████████  ▏ 4.2 GB/4.7 GB  2.6 MB/s   3m13s[K[?25h[?2026l[?2026h[?25l[A[1Gpulling manifest [K
pulling 2bada8a74506:  89% ▕████████████████  ▏ 4.2 GB/4.7 GB  2.6 MB/s   3m13s[K[?25h[?2026l[?2026h[?25l[A[1Gpulling manifest [K
pulling 2bada8a74506:  89% ▕████████████████  ▏ 4.2 GB/4.7 GB  2.6 MB/s   3m13s[K[?25h[?2026l[?2026h[?25l[A[1Gpulling manifest [K
pulling 2bada8a74506:  89% ▕████████████████  ▏ 4.2 GB/4.7 GB  2.6 MB/s   3m13s[K[?25h[?2026l[?2026h[?25l[A[1Gpulling manifest [K
pulling 2bada8a74506:  89% ▕████████████████  ▏ 4.2 GB/4.7 GB  2.6 MB/s   3m12s[K[?25h[?2026l[?2026h[?25l[A[1Gpulling manifest [K
pulling 2bada8a74506:  89% ▕████████████████  ▏ 4.2 GB/4.7 GB  2.7 MB/s    3m6s[K[?25h[?2026l[?2026h[?25l[A[1Gpulling manifest [K
pulling 2bada8a74506:  89% ▕████████████████  ▏ 4.2 GB/4.7 GB  2.7 MB/s    3m6s[K[?25h[?2026l[?2026h[?25l[A[1Gpulling manifest [K
pulling 2bada8a74506:  89% ▕████████████████  ▏ 4.2 GB/4.7 GB  2.7 MB/s    3m6s[K[?25h[?2026l[?2026h[?25l[A[1Gpulling manifest [K
pulling 2bada8a74506:  89% ▕████████████████  ▏ 4.2 GB/4.7 GB  2.7 MB/s    3m6s[K[?25h[?2026l[?2026h[?25l[A[1Gpulling manifest [K
pulling 2bada8a74506:  89% ▕████████████████  ▏ 4.2 GB/4.7 GB  2.7 MB/s    3m6s[K[?25h[?2026l[?2026h[?25l[A[1Gpulling manifest [K
pulling 2bada8a74506:  89% ▕████████████████  ▏ 4.2 GB/4.7 GB  2.7 MB/s    3m6s[K[?25h[?2026l[?2026h[?25l[A[1Gpulling manifest [K
pulling 2bada8a74506:  89% ▕████████████████  ▏ 4.2 GB/4.7 GB  2.7 MB/s    3m6s[K[?25h[?2026l[?2026h[?25l[A[1Gpulling manifest [K
pulling 2bada8a74506:  89% ▕████████████████  ▏ 4.2 GB/4.7 GB  2.7 MB/s    3m5s[K[?25h[?2026l[?2026h[?25l[A[1Gpulling manifest [K
pulling 2bada8a74506:  89% ▕████████████████  ▏ 4.2 GB/4.7 GB  2.7 MB/s    3m5s[K[?25h[?2026l[?2026h[?25l[A[1Gpulling manifest [K
pulling 2bada8a74506:  89% ▕████████████████  ▏ 4.2 GB/4.7 GB  2.7 MB/s    3m5s[K[?25h[?2026l[?2026h[?25l[A[1Gpulling manifest [K
pulling 2bada8a74506:  89% ▕████████████████  ▏ 4.2 GB/4.7 GB  2.8 MB/s   2m56s[K[?25h[?2026l[?2026h[?25l[A[1Gpulling manifest [K
pulling 2bada8a74506:  89% ▕████████████████  ▏ 4.2 GB/4.7 GB  2.8 MB/s   2m56s[K[?25h[?2026l[?2026h[?25l[A[1Gpulling manifest [K
pulling 2bada8a74506:  89% ▕████████████████  ▏ 4.2 GB/4.7 GB  2.8 MB/s   2m56s[K[?25h[?2026l[?2026h[?25l[A[1Gpulling manifest [K
pulling 2bada8a74506:  89% ▕████████████████  ▏ 4.2 GB/4.7 GB  2.8 MB/s   2m56s[K[?25h[?2026l[?2026h[?25l[A[1Gpulling manifest [K
pulling 2bada8a74506:  89% ▕████████████████  ▏ 4.2 GB/4.7 GB  2.8 MB/s   2m56s[K[?25h[?2026l[?2026h[?25l[A[1Gpulling manifest [K
pulling 2bada8a74506:  89% ▕████████████████  ▏ 4.2 GB/4.7 GB  2.8 MB/s   2m56s[K[?25h[?2026l[?2026h[?25l[A[1Gpulling manifest [K
pulling 2bada8a74506:  89% ▕████████████████  ▏ 4.2 GB/4.7 GB  2.8 MB/s   2m56s[K[?25h[?2026l[?2026h[?25l[A[1Gpulling manifest [K
pulling 2bada8a74506:  89% ▕████████████████  ▏ 4.2 GB/4.7 GB  2.8 MB/s   2m55s[K[?25h[?2026l[?2026h[?25l[A[1Gpulling manifest [K
pulling 2bada8a74506:  89% ▕████████████████  ▏ 4.2 GB/4.7 GB  2.8 MB/s   2m55s[K[?25h[?2026l[?2026h[?25l[A[1Gpulling manifest [K
pulling 2bada8a74506:  89% ▕████████████████  ▏ 4.2 GB/4.7 GB  2.8 MB/s   2m55s[K[?25h[?2026l[?2026h[?25l[A[1Gpulling manifest [K
pulling 2bada8a74506:  89% ▕████████████████  ▏ 4.2 GB/4.7 GB  3.0 MB/s   2m44s[K[?25h[?2026l[?2026h[?25l[A[1Gpulling manifest [K
pulling 2bada8a74506:  89% ▕████████████████  ▏ 4.2 GB/4.7 GB  3.0 MB/s   2m44s[K[?25h[?2026l[?2026h[?25l[A[1Gpulling manifest [K
pulling 2bada8a74506:  89% ▕████████████████  ▏ 4.2 GB/4.7 GB  3.0 MB/s   2m44s[K[?25h[?2026l[?2026h[?25l[A[1Gpulling manifest [K
pulling 2bada8a74506:  89% ▕████████████████  ▏ 4.2 GB/4.7 GB  3.0 MB/s   2m44s[K[?25h[?2026l[?2026h[?25l[A[1Gpulling manifest [K
pulling 2bada8a74506:  89% ▕████████████████  ▏ 4.2 GB/4.7 GB  3.0 MB/s   2m44s[K[?25h[?2026l[?2026h[?25l[A[1Gpulling manifest [K
pulling 2bada8a74506:  89% ▕████████████████  ▏ 4.2 GB/4.7 GB  3.0 MB/s   2m44s[K[?25h[?2026l[?2026h[?25l[A[1Gpulling manifest [K
pulling 2bada8a74506:  89% ▕████████████████  ▏ 4.2 GB/4.7 GB  3.0 MB/s   2m43s[K[?25h[?2026l[?2026h[?25l[A[1Gpulling manifest [K
pulling 2bada8a74506:  89% ▕████████████████  ▏ 4.2 GB/4.7 GB  3.0 MB/s   2m43s[K[?25h[?2026l[?2026h[?25l[A[1Gpulling manifest [K
pulling 2bada8a74506:  89% ▕████████████████  ▏ 4.2 GB/4.7 GB  3.0 MB/s   2m43s[K[?25h[?2026l[?2026h[?25l[A[1Gpulling manifest [K
pulling 2bada8a74506:  89% ▕████████████████  ▏ 4.2 GB/4.7 GB  3.0 MB/s   2m43s[K[?25h[?2026l[?2026h[?25l[A[1Gpulling manifest [K
pulling 2bada8a74506:  89% ▕████████████████  ▏ 4.2 GB/4.7 GB  3.1 MB/s   2m39s[K[?25h[?2026l[?2026h[?25l[A[1Gpulling manifest [K
pulling 2bada8a74506:  89% ▕████████████████  ▏ 4.2 GB/4.7 GB  3.1 MB/s   2m39s[K[?25h[?2026l[?2026h[?25l[A[1Gpulling manifest [K
pulling 2bada8a74506:  89% ▕████████████████  ▏ 4.2 GB/4.7 GB  3.1 MB/s   2m39s[K[?25h[?2026l[?2026h[?25l[A[1Gpulling manifest [K
pulling 2bada8a74506:  89% ▕████████████████  ▏ 4.2 GB/4.7 GB  3.1 MB/s   2m39s[K[?25h[?2026l[?2026h[?25l[A[1Gpulling manifest [K
pulling 2bada8a74506:  89% ▕████████████████  ▏ 4.2 GB/4.7 GB  3.1 MB/s   2m39s[K[?25h[?2026l[?2026h[?25l[A[1Gpulling manifest [K
pulling 2bada8a74506:  89% ▕████████████████  ▏ 4.2 GB/4.7 GB  3.1 MB/s   2m39s[K[?25h[?2026l[?2026h[?25l[A[1Gpulling manifest [K
pulling 2bada8a74506:  89% ▕████████████████  ▏ 4.2 GB/4.7 GB  3.1 MB/s   2m39s[K[?25h[?2026l[?2026h[?25l[A[1Gpulling manifest [K
pulling 2bada8a74506:  89% ▕████████████████  ▏ 4.2 GB/4.7 GB  3.1 MB/s   2m39s[K[?25h[?2026l[?2026h[?25l[A[1Gpulling manifest [K
pulling 2bada8a74506:  89% ▕████████████████  ▏ 4.2 GB/4.7 GB  3.1 MB/s   2m39s[K[?25h[?2026l[?2026h[?25l[A[1Gpulling manifest [K
pulling 2bada8a74506:  89% ▕████████████████  ▏ 4.2 GB/4.7 GB  3.1 MB/s   2m39s[K[?25h[?2026l[?2026h[?25l[A[1Gpulling manifest [K
pulling 2bada8a74506:  89% ▕████████████████  ▏ 4.2 GB/4.7 GB  3.1 MB/s   2m39s[K[?25h[?2026l[?2026h[?25l[A[1Gpulling manifest [K
pulling 2bada8a74506:  89% ▕████████████████  ▏ 4.2 GB/4.7 GB  3.1 MB/s   2m38s[K[?25h[?2026l[?2026h[?25l[A[1Gpulling manifest [K
pulling 2bada8a74506:  89% ▕████████████████  ▏ 4.2 GB/4.7 GB  3.1 MB/s   2m38s[K[?25h[?2026l[?2026h[?25l[A[1Gpulling manifest [K
pulling 2bada8a74506:  89% ▕████████████████  ▏ 4.2 GB/4.7 GB  3.1 MB/s   2m38s[K[?25h[?2026l[?2026h[?25l[A[1Gpulling manifest [K
pulling 2bada8a74506:  90% ▕████████████████  ▏ 4.2 GB/4.7 GB  3.1 MB/s   2m38s[K[?25h[?2026l[?2026h[?25l[A[1Gpulling manifest [K
pulling 2bada8a74506:  90% ▕████████████████  ▏ 4.2 GB/4.7 GB  3.1 MB/s   2m38s[K[?25h[?2026l[?2026h[?25l[A[1Gpulling manifest [K
pulling 2bada8a74506:  90% ▕████████████████  ▏ 4.2 GB/4.7 GB  3.1 MB/s   2m38s[K[?25h[?2026l[?2026h[?25l[A[1Gpulling manifest [K
pulling 2bada8a74506:  90% ▕████████████████  ▏ 4.2 GB/4.7 GB  3.1 MB/s   2m38s[K[?25h[?2026l[?2026h[?25l[A[1Gpulling manifest [K
pulling 2bada8a74506:  90% ▕████████████████  ▏ 4.2 GB/4.7 GB  3.1 MB/s   2m38s[K[?25h[?2026l[?2026h[?25l[A[1Gpulling manifest [K
pulling 2bada8a74506:  90% ▕████████████████  ▏ 4.2 GB/4.7 GB  3.1 MB/s   2m38s[K[?25h[?2026l[?2026h[?25l[A[1Gpulling manifest [K
pulling 2bada8a74506:  90% ▕████████████████  ▏ 4.2 GB/4.7 GB  3.1 MB/s   2m37s[K[?25h[?2026l[?2026h[?25l[A[1Gpulling manifest [K
pulling 2bada8a74506:  90% ▕████████████████  ▏ 4.2 GB/4.7 GB  3.1 MB/s   2m37s[K[?25h[?2026l[?2026h[?25l[A[1Gpulling manifest [K
pulling 2bada8a74506:  90% ▕████████████████  ▏ 4.2 GB/4.7 GB  3.1 MB/s   2m37s[K[?25h[?2026l[?2026h[?25l[A[1Gpulling manifest [K
pulling 2bada8a74506:  90% ▕████████████████  ▏ 4.2 GB/4.7 GB  3.1 MB/s   2m37s[K[?25h[?2026l[?2026h[?25l[A[1Gpulling manifest [K
pulling 2bada8a74506:  90% ▕████████████████  ▏ 4.2 GB/4.7 GB  3.1 MB/s   2m37s[K[?25h[?2026l[?2026h[?25l[A[1Gpulling manifest [K
pulling 2bada8a74506:  90% ▕████████████████  ▏ 4.2 GB/4.7 GB  3.1 MB/s   2m37s[K[?25h[?2026l[?2026h[?25l[A[1Gpulling manifest [K
pulling 2bada8a74506:  90% ▕████████████████  ▏ 4.2 GB/4.7 GB  3.1 MB/s   2m37s[K[?25h[?2026l[?2026h[?25l[A[1Gpulling manifest [K
pulling 2bada8a74506:  90% ▕████████████████  ▏ 4.2 GB/4.7 GB  3.1 MB/s   2m37s[K[?25h[?2026l[?2026h[?25l[A[1Gpulling manifest [K
pulling 2bada8a74506:  90% ▕████████████████  ▏ 4.2 GB/4.7 GB  3.1 MB/s   2m37s[K[?25h[?2026l[?2026h[?25l[A[1Gpulling manifest [K
pulling 2bada8a74506:  90% ▕████████████████  ▏ 4.2 GB/4.7 GB  3.1 MB/s   2m37s[K[?25h[?2026l[?2026h[?25l[A[1Gpulling manifest [K
pulling 2bada8a74506:  90% ▕████████████████  ▏ 4.2 GB/4.7 GB  3.1 MB/s   2m37s[K[?25h[?2026l[?2026h[?25l[A[1Gpulling manifest [K
pulling 2bada8a74506:  90% ▕████████████████  ▏ 4.2 GB/4.7 GB  2.9 MB/s   2m45s[K[?25h[?2026l[?2026h[?25l[A[1Gpulling manifest [K
pulling 2bada8a74506:  90% ▕████████████████  ▏ 4.2 GB/4.7 GB  2.9 MB/s   2m45s[K[?25h[?2026l[?2026h[?25l[A[1Gpulling manifest [K
pulling 2bada8a74506:  90% ▕████████████████  ▏ 4.2 GB/4.7 GB  2.9 MB/s   2m45s[K[?25h[?2026l[?2026h[?25l[A[1Gpulling manifest [K
pulling 2bada8a74506:  90% ▕████████████████  ▏ 4.2 GB/4.7 GB  2.9 MB/s   2m45s[K[?25h[?2026l[?2026h[?25l[A[1Gpulling manifest [K
pulling 2bada8a74506:  90% ▕████████████████  ▏ 4.2 GB/4.7 GB  2.9 MB/s   2m45s[K[?25h[?2026l[?2026h[?25l[A[1Gpulling manifest [K
pulling 2bada8a74506:  90% ▕████████████████  ▏ 4.2 GB/4.7 GB  2.9 MB/s   2m45s[K[?25h[?2026l[?2026h[?25l[A[1Gpulling manifest [K
pulling 2bada8a74506:  90% ▕████████████████  ▏ 4.2 GB/4.7 GB  2.9 MB/s   2m45s[K[?25h[?2026l[?2026h[?25l[A[1Gpulling manifest [K
pulling 2bada8a74506:  90% ▕████████████████  ▏ 4.2 GB/4.7 GB  2.9 MB/s   2m45s[K[?25h[?2026l[?2026h[?25l[A[1Gpulling manifest [K
pulling 2bada8a74506:  90% ▕████████████████  ▏ 4.2 GB/4.7 GB  2.9 MB/s   2m45s[K[?25h[?2026l[?2026h[?25l[A[1Gpulling manifest [K
pulling 2bada8a74506:  90% ▕████████████████  ▏ 4.2 GB/4.7 GB  2.9 MB/s   2m45s[K[?25h[?2026l[?2026h[?25l[A[1Gpulling manifest [K
pulling 2bada8a74506:  90% ▕████████████████  ▏ 4.2 GB/4.7 GB  2.9 MB/s   2m46s[K[?25h[?2026l[?2026h[?25l[A[1Gpulling manifest [K
pulling 2bada8a74506:  90% ▕████████████████  ▏ 4.2 GB/4.7 GB  2.9 MB/s   2m46s[K[?25h[?2026l[?2026h[?25l[A[1Gpulling manifest [K
pulling 2bada8a74506:  90% ▕████████████████  ▏ 4.2 GB/4.7 GB  2.9 MB/s   2m46s[K[?25h[?2026l[?2026h[?25l[A[1Gpulling manifest [K
pulling 2bada8a74506:  90% ▕████████████████  ▏ 4.2 GB/4.7 GB  2.9 MB/s   2m46s[K[?25h[?2026l[?2026h[?25l[A[1Gpulling manifest [K
pulling 2bada8a74506:  90% ▕████████████████  ▏ 4.2 GB/4.7 GB  2.9 MB/s   2m45s[K[?25h[?2026l[?2026h[?25l[A[1Gpulling manifest [K
pulling 2bada8a74506:  90% ▕████████████████  ▏ 4.2 GB/4.7 GB  2.9 MB/s   2m45s[K[?25h[?2026l[?2026h[?25l[A[1Gpulling manifest [K
pulling 2bada8a74506:  90% ▕████████████████  ▏ 4.2 GB/4.7 GB  2.9 MB/s   2m45s[K[?25h[?2026l[?2026h[?25l[A[1Gpulling manifest [K
pulling 2bada8a74506:  90% ▕████████████████  ▏ 4.2 GB/4.7 GB  2.9 MB/s   2m45s[K[?25h[?2026l[?2026h[?25l[A[1Gpulling manifest [K
pulling 2bada8a74506:  90% ▕████████████████  ▏ 4.2 GB/4.7 GB  2.9 MB/s   2m45s[K[?25h[?2026l[?2026h[?25l[A[1Gpulling manifest [K
pulling 2bada8a74506:  90% ▕████████████████  ▏ 4.2 GB/4.7 GB  2.9 MB/s   2m45s[K[?25h[?2026l[?2026h[?25l[A[1Gpulling manifest [K
pulling 2bada8a74506:  90% ▕████████████████  ▏ 4.2 GB/4.7 GB  2.7 MB/s   2m57s[K[?25h[?2026l[?2026h[?25l[A[1Gpulling manifest [K
pulling 2bada8a74506:  90% ▕████████████████  ▏ 4.2 GB/4.7 GB  2.7 MB/s   2m57s[K[?25h[?2026l[?2026h[?25l[A[1Gpulling manifest [K
pulling 2bada8a74506:  90% ▕████████████████  ▏ 4.2 GB/4.7 GB  2.7 MB/s   2m57s[K[?25h[?2026l[?2026h[?25l[A[1Gpulling manifest [K
pulling 2bada8a74506:  90% ▕████████████████  ▏ 4.2 GB/4.7 GB  2.7 MB/s   2m57s[K[?25h[?2026l[?2026h[?25l[A[1Gpulling manifest [K
pulling 2bada8a74506:  90% ▕████████████████  ▏ 4.2 GB/4.7 GB  2.7 MB/s   2m57s[K[?25h[?2026l[?2026h[?25l[A[1Gpulling manifest [K
pulling 2bada8a74506:  90% ▕████████████████  ▏ 4.2 GB/4.7 GB  2.7 MB/s   2m57s[K[?25h[?2026l[?2026h[?25l[A[1Gpulling manifest [K
pulling 2bada8a74506:  90% ▕████████████████  ▏ 4.2 GB/4.7 GB  2.7 MB/s   2m57s[K[?25h[?2026l[?2026h[?25l[A[1Gpulling manifest [K
pulling 2bada8a74506:  90% ▕████████████████  ▏ 4.2 GB/4.7 GB  2.7 MB/s   2m57s[K[?25h[?2026l[?2026h[?25l[A[1Gpulling manifest [K
pulling 2bada8a74506:  90% ▕████████████████  ▏ 4.2 GB/4.7 GB  2.7 MB/s   2m57s[K[?25h[?2026l[?2026h[?25l[A[1Gpulling manifest [K
pulling 2bada8a74506:  90% ▕████████████████  ▏ 4.2 GB/4.7 GB  2.7 MB/s   2m57s[K[?25h[?2026l[?2026h[?25l[A[1Gpulling manifest [K
pulling 2bada8a74506:  90% ▕████████████████  ▏ 4.2 GB/4.7 GB  2.7 MB/s   2m57s[K[?25h[?2026l[?2026h[?25l[A[1Gpulling manifest [K
pulling 2bada8a74506:  90% ▕████████████████  ▏ 4.2 GB/4.7 GB  2.7 MB/s   2m57s[K[?25h[?2026l[?2026h[?25l[A[1Gpulling manifest [K
pulling 2bada8a74506:  90% ▕████████████████  ▏ 4.2 GB/4.7 GB  2.7 MB/s   2m57s[K[?25h[?2026l[?2026h[?25l[A[1Gpulling manifest [K
pulling 2bada8a74506:  90% ▕████████████████  ▏ 4.2 GB/4.7 GB  2.7 MB/s   2m57s[K[?25h[?2026l[?2026h[?25l[A[1Gpulling manifest [K
pulling 2bada8a74506:  90% ▕████████████████  ▏ 4.2 GB/4.7 GB  2.7 MB/s   2m57s[K[?25h[?2026l[?2026h[?25l[A[1Gpulling manifest [K
pulling 2bada8a74506:  90% ▕████████████████  ▏ 4.2 GB/4.7 GB  2.7 MB/s   2m57s[K[?25h[?2026l[?2026h[?25l[A[1Gpulling manifest [K
pulling 2bada8a74506:  90% ▕████████████████  ▏ 4.2 GB/4.7 GB  2.7 MB/s   2m57s[K[?25h[?2026l[?2026h[?25l[A[1Gpulling manifest [K
pulling 2bada8a74506:  90% ▕████████████████  ▏ 4.2 GB/4.7 GB  2.7 MB/s   2m57s[K[?25h[?2026l[?2026h[?25l[A[1Gpulling manifest [K
pulling 2bada8a74506:  90% ▕████████████████  ▏ 4.2 GB/4.7 GB  2.7 MB/s   2m57s[K[?25h[?2026l[?2026h[?25l[A[1Gpulling manifest [K
pulling 2bada8a74506:  90% ▕████████████████  ▏ 4.2 GB/4.7 GB  2.7 MB/s   2m57s[K[?25h[?2026l[?2026h[?25l[A[1Gpulling manifest [K
pulling 2bada8a74506:  90% ▕████████████████  ▏ 4.2 GB/4.7 GB  2.7 MB/s   2m57s[K[?25h[?2026l[?2026h[?25l[A[1Gpulling manifest [K
pulling 2bada8a74506:  90% ▕████████████████  ▏ 4.2 GB/4.7 GB  2.4 MB/s   3m15s[K[?25h[?2026l[?2026h[?25l[A[1Gpulling manifest [K
pulling 2bada8a74506:  90% ▕████████████████  ▏ 4.2 GB/4.7 GB  2.4 MB/s   3m15s[K[?25h[?2026l[?2026h[?25l[A[1Gpulling manifest [K
pulling 2bada8a74506:  90% ▕████████████████  ▏ 4.2 GB/4.7 GB  2.4 MB/s   3m15s[K[?25h[?2026l[?2026h[?25l[A[1Gpulling manifest [K
pulling 2bada8a74506:  90% ▕████████████████  ▏ 4.2 GB/4.7 GB  2.4 MB/s   3m15s[K[?25h[?2026l[?2026h[?25l[A[1Gpulling manifest [K
pulling 2bada8a74506:  90% ▕████████████████  ▏ 4.2 GB/4.7 GB  2.4 MB/s   3m15s[K[?25h[?2026l[?2026h[?25l[A[1Gpulling manifest [K
pulling 2bada8a74506:  90% ▕████████████████  ▏ 4.2 GB/4.7 GB  2.4 MB/s   3m15s[K[?25h[?2026l[?2026h[?25l[A[1Gpulling manifest [K
pulling 2bada8a74506:  90% ▕████████████████  ▏ 4.2 GB/4.7 GB  2.4 MB/s   3m15s[K[?25h[?2026l[?2026h[?25l[A[1Gpulling manifest [K
pulling 2bada8a74506:  90% ▕████████████████  ▏ 4.2 GB/4.7 GB  2.4 MB/s   3m15s[K[?25h[?2026l[?2026h[?25l[A[1Gpulling manifest [K
pulling 2bada8a74506:  90% ▕████████████████  ▏ 4.2 GB/4.7 GB  2.4 MB/s   3m15s[K[?25h[?2026l[?2026h[?25l[A[1Gpulling manifest [K
pulling 2bada8a74506:  90% ▕████████████████  ▏ 4.2 GB/4.7 GB  2.4 MB/s   3m15s[K[?25h[?2026l[?2026h[?25l[A[1Gpulling manifest [K
pulling 2bada8a74506:  90% ▕████████████████  ▏ 4.2 GB/4.7 GB  2.3 MB/s   3m29s[K[?25h[?2026l[?2026h[?25l[A[1Gpulling manifest [K
pulling 2bada8a74506:  90% ▕████████████████  ▏ 4.2 GB/4.7 GB  2.3 MB/s   3m29s[K[?25h[?2026l[?2026h[?25l[A[1Gpulling manifest [K
pulling 2bada8a74506:  90% ▕████████████████  ▏ 4.2 GB/4.7 GB  2.3 MB/s   3m29s[K[?25h[?2026l[?2026h[?25l[A[1Gpulling manifest [K
pulling 2bada8a74506:  90% ▕████████████████  ▏ 4.2 GB/4.7 GB  2.3 MB/s   3m29s[K[?25h[?2026l[?2026h[?25l[A[1Gpulling manifest [K
pulling 2bada8a74506:  90% ▕████████████████  ▏ 4.2 GB/4.7 GB  2.3 MB/s   3m29s[K[?25h[?2026l[?2026h[?25l[A[1Gpulling manifest [K
pulling 2bada8a74506:  90% ▕████████████████  ▏ 4.2 GB/4.7 GB  2.3 MB/s   3m29s[K[?25h[?2026l[?2026h[?25l[A[1Gpulling manifest [K
pulling 2bada8a74506:  90% ▕████████████████  ▏ 4.2 GB/4.7 GB  2.3 MB/s   3m29s[K[?25h[?2026l[?2026h[?25l[A[1Gpulling manifest [K
pulling 2bada8a74506:  90% ▕████████████████  ▏ 4.2 GB/4.7 GB  2.3 MB/s   3m29s[K[?25h[?2026l[?2026h[?25l[A[1Gpulling manifest [K
pulling 2bada8a74506:  90% ▕████████████████  ▏ 4.2 GB/4.7 GB  2.3 MB/s   3m29s[K[?25h[?2026l[?2026h[?25l[A[1Gpulling manifest [K
pulling 2bada8a74506:  90% ▕████████████████  ▏ 4.2 GB/4.7 GB  2.3 MB/s   3m29s[K[?25h[?2026l[?2026h[?25l[A[1Gpulling manifest [K
pulling 2bada8a74506:  90% ▕████████████████  ▏ 4.2 GB/4.7 GB  2.2 MB/s   3m38s[K[?25h[?2026l[?2026h[?25l[A[1Gpulling manifest [K
pulling 2bada8a74506:  90% ▕████████████████  ▏ 4.2 GB/4.7 GB  2.2 MB/s   3m38s[K[?25h[?2026l[?2026h[?25l[A[1Gpulling manifest [K
pulling 2bada8a74506:  90% ▕████████████████  ▏ 4.2 GB/4.7 GB  2.2 MB/s   3m38s[K[?25h[?2026l[?2026h[?25l[A[1Gpulling manifest [K
pulling 2bada8a74506:  90% ▕████████████████  ▏ 4.2 GB/4.7 GB  2.2 MB/s   3m38s[K[?25h[?2026l[?2026h[?25l[A[1Gpulling manifest [K
pulling 2bada8a74506:  90% ▕████████████████  ▏ 4.2 GB/4.7 GB  2.2 MB/s   3m37s[K[?25h[?2026l[?2026h[?25l[A[1Gpulling manifest [K
pulling 2bada8a74506:  90% ▕████████████████  ▏ 4.2 GB/4.7 GB  2.2 MB/s   3m37s[K[?25h[?2026l[?2026h[?25l[A[1Gpulling manifest [K
pulling 2bada8a74506:  90% ▕████████████████  ▏ 4.2 GB/4.7 GB  2.2 MB/s   3m37s[K[?25h[?2026l[?2026h[?25l[A[1Gpulling manifest [K
pulling 2bada8a74506:  90% ▕████████████████  ▏ 4.2 GB/4.7 GB  2.2 MB/s   3m37s[K[?25h[?2026l[?2026h[?25l[A[1Gpulling manifest [K
pulling 2bada8a74506:  90% ▕████████████████  ▏ 4.2 GB/4.7 GB  2.2 MB/s   3m37s[K[?25h[?2026l[?2026h[?25l[A[1Gpulling manifest [K
pulling 2bada8a74506:  90% ▕████████████████  ▏ 4.2 GB/4.7 GB  2.2 MB/s   3m37s[K[?25h[?2026l[?2026h[?25l[A[1Gpulling manifest [K
pulling 2bada8a74506:  90% ▕████████████████  ▏ 4.2 GB/4.7 GB  2.2 MB/s   3m31s[K[?25h[?2026l[?2026h[?25l[A[1Gpulling manifest [K
pulling 2bada8a74506:  90% ▕████████████████  ▏ 4.2 GB/4.7 GB  2.2 MB/s   3m31s[K[?25h[?2026l[?2026h[?25l[A[1Gpulling manifest [K
pulling 2bada8a74506:  90% ▕████████████████  ▏ 4.2 GB/4.7 GB  2.2 MB/s   3m31s[K[?25h[?2026l[?2026h[?25l[A[1Gpulling manifest [K
pulling 2bada8a74506:  90% ▕████████████████  ▏ 4.2 GB/4.7 GB  2.2 MB/s   3m30s[K[?25h[?2026l[?2026h[?25l[A[1Gpulling manifest [K
pulling 2bada8a74506:  90% ▕████████████████  ▏ 4.2 GB/4.7 GB  2.2 MB/s   3m30s[K[?25h[?2026l[?2026h[?25l[A[1Gpulling manifest [K
pulling 2bada8a74506:  90% ▕████████████████  ▏ 4.2 GB/4.7 GB  2.2 MB/s   3m30s[K[?25h[?2026l[?2026h[?25l[A[1Gpulling manifest [K
pulling 2bada8a74506:  90% ▕████████████████  ▏ 4.2 GB/4.7 GB  2.2 MB/s   3m30s[K[?25h[?2026l[?2026h[?25l[A[1Gpulling manifest [K
pulling 2bada8a74506:  90% ▕████████████████  ▏ 4.2 GB/4.7 GB  2.2 MB/s   3m30s[K[?25h[?2026l[?2026h[?25l[A[1Gpulling manifest [K
pulling 2bada8a74506:  90% ▕████████████████  ▏ 4.2 GB/4.7 GB  2.2 MB/s   3m30s[K[?25h[?2026l[?2026h[?25l[A[1Gpulling manifest [K
pulling 2bada8a74506:  90% ▕████████████████  ▏ 4.2 GB/4.7 GB  2.2 MB/s   3m30s[K[?25h[?2026l[?2026h[?25l[A[1Gpulling manifest [K
pulling 2bada8a74506:  90% ▕████████████████  ▏ 4.2 GB/4.7 GB  2.2 MB/s   3m30s[K[?25h[?2026l[?2026h[?25l[A[1Gpulling manifest [K
pulling 2bada8a74506:  90% ▕████████████████  ▏ 4.2 GB/4.7 GB  2.1 MB/s   3m41s[K[?25h[?2026l[?2026h[?25l[A[1Gpulling manifest [K
pulling 2bada8a74506:  90% ▕████████████████  ▏ 4.2 GB/4.7 GB  2.1 MB/s   3m40s[K[?25h[?2026l[?2026h[?25l[A[1Gpulling manifest [K
pulling 2bada8a74506:  90% ▕████████████████  ▏ 4.2 GB/4.7 GB  2.1 MB/s   3m40s[K[?25h[?2026l[?2026h[?25l[A[1Gpulling manifest [K
pulling 2bada8a74506:  90% ▕████████████████  ▏ 4.2 GB/4.7 GB  2.1 MB/s   3m40s[K[?25h[?2026l[?2026h[?25l[A[1Gpulling manifest [K
pulling 2bada8a74506:  90% ▕████████████████  ▏ 4.2 GB/4.7 GB  2.1 MB/s   3m40s[K[?25h[?2026l[?2026h[?25l[A[1Gpulling manifest [K
pulling 2bada8a74506:  90% ▕████████████████  ▏ 4.2 GB/4.7 GB  2.1 MB/s   3m40s[K[?25h[?2026l[?2026h[?25l[A[1Gpulling manifest [K
pulling 2bada8a74506:  90% ▕████████████████  ▏ 4.2 GB/4.7 GB  2.1 MB/s   3m39s[K[?25h[?2026l[?2026h[?25l[A[1Gpulling manifest [K
pulling 2bada8a74506:  90% ▕████████████████  ▏ 4.2 GB/4.7 GB  2.1 MB/s   3m39s[K[?25h[?2026l[?2026h[?25l[A[1Gpulling manifest [K
pulling 2bada8a74506:  90% ▕████████████████  ▏ 4.2 GB/4.7 GB  2.1 MB/s   3m39s[K[?25h[?2026l[?2026h[?25l[A[1Gpulling manifest [K
pulling 2bada8a74506:  90% ▕████████████████  ▏ 4.2 GB/4.7 GB  2.1 MB/s   3m39s[K[?25h[?2026l[?2026h[?25l[A[1Gpulling manifest [K
pulling 2bada8a74506:  90% ▕████████████████  ▏ 4.2 GB/4.7 GB  2.4 MB/s   3m17s[K[?25h[?2026l[?2026h[?25l[A[1Gpulling manifest [K
pulling 2bada8a74506:  90% ▕████████████████  ▏ 4.2 GB/4.7 GB  2.4 MB/s   3m17s[K[?25h[?2026l[?2026h[?25l[A[1Gpulling manifest [K
pulling 2bada8a74506:  90% ▕████████████████  ▏ 4.2 GB/4.7 GB  2.4 MB/s   3m16s[K[?25h[?2026l[?2026h[?25l[A[1Gpulling manifest [K
pulling 2bada8a74506:  90% ▕████████████████  ▏ 4.2 GB/4.7 GB  2.4 MB/s   3m16s[K[?25h[?2026l[?2026h[?25l[A[1Gpulling manifest [K
pulling 2bada8a74506:  90% ▕████████████████  ▏ 4.2 GB/4.7 GB  2.4 MB/s   3m16s[K[?25h[?2026l[?2026h[?25l[A[1Gpulling manifest [K
pulling 2bada8a74506:  90% ▕████████████████  ▏ 4.2 GB/4.7 GB  2.4 MB/s   3m16s[K[?25h[?2026l[?2026h[?25l[A[1Gpulling manifest [K
pulling 2bada8a74506:  90% ▕████████████████  ▏ 4.2 GB/4.7 GB  2.4 MB/s   3m16s[K[?25h[?2026l[?2026h[?25l[A[1Gpulling manifest [K
pulling 2bada8a74506:  90% ▕████████████████  ▏ 4.2 GB/4.7 GB  2.4 MB/s   3m16s[K[?25h[?2026l[?2026h[?25l[A[1Gpulling manifest [K
pulling 2bada8a74506:  90% ▕████████████████  ▏ 4.2 GB/4.7 GB  2.4 MB/s   3m15s[K[?25h[?2026l[?2026h[?25l[A[1Gpulling manifest [K
pulling 2bada8a74506:  90% ▕████████████████  ▏ 4.2 GB/4.7 GB  2.4 MB/s   3m15s[K[?25h[?2026l[?2026h[?25l[A[1Gpulling manifest [K
pulling 2bada8a74506:  90% ▕████████████████  ▏ 4.2 GB/4.7 GB  2.5 MB/s    3m1s[K[?25h[?2026l[?2026h[?25l[A[1Gpulling manifest [K
pulling 2bada8a74506:  90% ▕████████████████  ▏ 4.2 GB/4.7 GB  2.5 MB/s    3m1s[K[?25h[?2026l[?2026h[?25l[A[1Gpulling manifest [K
pulling 2bada8a74506:  90% ▕████████████████  ▏ 4.2 GB/4.7 GB  2.5 MB/s    3m0s[K[?25h[?2026l[?2026h[?25l[A[1Gpulling manifest [K
pulling 2bada8a74506:  90% ▕████████████████  ▏ 4.2 GB/4.7 GB  2.5 MB/s    3m0s[K[?25h[?2026l[?2026h[?25l[A[1Gpulling manifest [K
pulling 2bada8a74506:  90% ▕████████████████  ▏ 4.2 GB/4.7 GB  2.5 MB/s    3m0s[K[?25h[?2026l[?2026h[?25l[A[1Gpulling manifest [K
pulling 2bada8a74506:  90% ▕████████████████  ▏ 4.2 GB/4.7 GB  2.5 MB/s    3m0s[K[?25h[?2026l[?2026h[?25l[A[1Gpulling manifest [K
pulling 2bada8a74506:  90% ▕████████████████  ▏ 4.2 GB/4.7 GB  2.5 MB/s    3m0s[K[?25h[?2026l[?2026h[?25l[A[1Gpulling manifest [K
pulling 2bada8a74506:  90% ▕████████████████  ▏ 4.2 GB/4.7 GB  2.5 MB/s    3m0s[K[?25h[?2026l[?2026h[?25l[A[1Gpulling manifest [K
pulling 2bada8a74506:  90% ▕████████████████  ▏ 4.2 GB/4.7 GB  2.5 MB/s    3m0s[K[?25h[?2026l[?2026h[?25l[A[1Gpulling manifest [K
pulling 2bada8a74506:  90% ▕████████████████  ▏ 4.2 GB/4.7 GB  2.5 MB/s    3m0s[K[?25h[?2026l[?2026h[?25l[A[1Gpulling manifest [K
pulling 2bada8a74506:  90% ▕████████████████  ▏ 4.2 GB/4.7 GB  2.7 MB/s   2m51s[K[?25h[?2026l[?2026h[?25l[A[1Gpulling manifest [K
pulling 2bada8a74506:  90% ▕████████████████  ▏ 4.2 GB/4.7 GB  2.7 MB/s   2m50s[K[?25h[?2026l[?2026h[?25l[A[1Gpulling manifest [K
pulling 2bada8a74506:  90% ▕████████████████  ▏ 4.2 GB/4.7 GB  2.7 MB/s   2m50s[K[?25h[?2026l[?2026h[?25l[A[1Gpulling manifest [K
pulling 2bada8a74506:  90% ▕████████████████  ▏ 4.2 GB/4.7 GB  2.7 MB/s   2m50s[K[?25h[?2026l[?2026h[?25l[A[1Gpulling manifest [K
pulling 2bada8a74506:  90% ▕████████████████  ▏ 4.2 GB/4.7 GB  2.7 MB/s   2m50s[K[?25h[?2026l[?2026h[?25l[A[1Gpulling manifest [K
pulling 2bada8a74506:  90% ▕████████████████  ▏ 4.2 GB/4.7 GB  2.7 MB/s   2m50s[K[?25h[?2026l[?2026h[?25l[A[1Gpulling manifest [K
pulling 2bada8a74506:  90% ▕████████████████  ▏ 4.2 GB/4.7 GB  2.7 MB/s   2m50s[K[?25h[?2026l[?2026h[?25l[A[1Gpulling manifest [K
pulling 2bada8a74506:  90% ▕████████████████  ▏ 4.2 GB/4.7 GB  2.7 MB/s   2m50s[K[?25h[?2026l[?2026h[?25l[A[1Gpulling manifest [K
pulling 2bada8a74506:  90% ▕████████████████  ▏ 4.2 GB/4.7 GB  2.7 MB/s   2m49s[K[?25h[?2026l[?2026h[?25l[A[1Gpulling manifest [K
pulling 2bada8a74506:  90% ▕████████████████  ▏ 4.2 GB/4.7 GB  2.7 MB/s   2m49s[K[?25h[?2026l[?2026h[?25l[A[1Gpulling manifest [K
pulling 2bada8a74506:  90% ▕████████████████  ▏ 4.2 GB/4.7 GB  2.8 MB/s   2m41s[K[?25h[?2026l[?2026h[?25l[A[1Gpulling manifest [K
pulling 2bada8a74506:  90% ▕████████████████  ▏ 4.2 GB/4.7 GB  2.8 MB/s   2m41s[K[?25h[?2026l[?2026h[?25l[A[1Gpulling manifest [K
pulling 2bada8a74506:  90% ▕████████████████  ▏ 4.2 GB/4.7 GB  2.8 MB/s   2m41s[K[?25h[?2026l[?2026h[?25l[A[1Gpulling manifest [K
pulling 2bada8a74506:  90% ▕████████████████  ▏ 4.2 GB/4.7 GB  2.8 MB/s   2m41s[K[?25h[?2026l[?2026h[?25l[A[1Gpulling manifest [K
pulling 2bada8a74506:  90% ▕████████████████  ▏ 4.2 GB/4.7 GB  2.8 MB/s   2m41s[K[?25h[?2026l[?2026h[?25l[A[1Gpulling manifest [K
pulling 2bada8a74506:  90% ▕████████████████  ▏ 4.2 GB/4.7 GB  2.8 MB/s   2m41s[K[?25h[?2026l[?2026h[?25l[A[1Gpulling manifest [K
pulling 2bada8a74506:  90% ▕████████████████  ▏ 4.2 GB/4.7 GB  2.8 MB/s   2m41s[K[?25h[?2026l[?2026h[?25l[A[1Gpulling manifest [K
pulling 2bada8a74506:  90% ▕████████████████  ▏ 4.2 GB/4.7 GB  2.8 MB/s   2m41s[K[?25h[?2026l[?2026h[?25l[A[1Gpulling manifest [K
pulling 2bada8a74506:  90% ▕████████████████  ▏ 4.2 GB/4.7 GB  2.8 MB/s   2m41s[K[?25h[?2026l[?2026h[?25l[A[1Gpulling manifest [K
pulling 2bada8a74506:  90% ▕████████████████  ▏ 4.2 GB/4.7 GB  2.8 MB/s   2m41s[K[?25h[?2026l[?2026h[?25l[A[1Gpulling manifest [K
pulling 2bada8a74506:  90% ▕████████████████  ▏ 4.2 GB/4.7 GB  2.8 MB/s   2m40s[K[?25h[?2026l[?2026h[?25l[A[1Gpulling manifest [K
pulling 2bada8a74506:  90% ▕████████████████  ▏ 4.2 GB/4.7 GB  2.9 MB/s   2m34s[K[?25h[?2026l[?2026h[?25l[A[1Gpulling manifest [K
pulling 2bada8a74506:  90% ▕████████████████  ▏ 4.2 GB/4.7 GB  2.9 MB/s   2m33s[K[?25h[?2026l[?2026h[?25l[A[1Gpulling manifest [K
pulling 2bada8a74506:  90% ▕████████████████  ▏ 4.2 GB/4.7 GB  2.9 MB/s   2m33s[K[?25h[?2026l[?2026h[?25l[A[1Gpulling manifest [K
pulling 2bada8a74506:  90% ▕████████████████  ▏ 4.2 GB/4.7 GB  2.9 MB/s   2m33s[K[?25h[?2026l[?2026h[?25l[A[1Gpulling manifest [K
pulling 2bada8a74506:  90% ▕████████████████  ▏ 4.2 GB/4.7 GB  2.9 MB/s   2m33s[K[?25h[?2026l[?2026h[?25l[A[1Gpulling manifest [K
pulling 2bada8a74506:  90% ▕████████████████  ▏ 4.2 GB/4.7 GB  2.9 MB/s   2m33s[K[?25h[?2026l[?2026h[?25l[A[1Gpulling manifest [K
pulling 2bada8a74506:  90% ▕████████████████  ▏ 4.2 GB/4.7 GB  2.9 MB/s   2m33s[K[?25h[?2026l[?2026h[?25l[A[1Gpulling manifest [K
pulling 2bada8a74506:  90% ▕████████████████  ▏ 4.2 GB/4.7 GB  2.9 MB/s   2m33s[K[?25h[?2026l[?2026h[?25l[A[1Gpulling manifest [K
pulling 2bada8a74506:  90% ▕████████████████  ▏ 4.2 GB/4.7 GB  2.9 MB/s   2m33s[K[?25h[?2026l[?2026h[?25l[A[1Gpulling manifest [K
pulling 2bada8a74506:  90% ▕████████████████  ▏ 4.2 GB/4.7 GB  2.9 MB/s   2m33s[K[?25h[?2026l[?2026h[?25l[A[1Gpulling manifest [K
pulling 2bada8a74506:  90% ▕████████████████  ▏ 4.2 GB/4.7 GB  3.0 MB/s   2m31s[K[?25h[?2026l[?2026h[?25l[A[1Gpulling manifest [K
pulling 2bada8a74506:  90% ▕████████████████  ▏ 4.2 GB/4.7 GB  3.0 MB/s   2m31s[K[?25h[?2026l[?2026h[?25l[A[1Gpulling manifest [K
pulling 2bada8a74506:  90% ▕████████████████  ▏ 4.2 GB/4.7 GB  3.0 MB/s   2m31s[K[?25h[?2026l[?2026h[?25l[A[1Gpulling manifest [K
pulling 2bada8a74506:  90% ▕████████████████  ▏ 4.2 GB/4.7 GB  3.0 MB/s   2m31s[K[?25h[?2026l[?2026h[?25l[A[1Gpulling manifest [K
pulling 2bada8a74506:  90% ▕████████████████  ▏ 4.2 GB/4.7 GB  3.0 MB/s   2m31s[K[?25h[?2026l[?2026h[?25l[A[1Gpulling manifest [K
pulling 2bada8a74506:  90% ▕████████████████  ▏ 4.2 GB/4.7 GB  3.0 MB/s   2m30s[K[?25h[?2026l[?2026h[?25l[A[1Gpulling manifest [K
pulling 2bada8a74506:  90% ▕████████████████  ▏ 4.2 GB/4.7 GB  3.0 MB/s   2m30s[K[?25h[?2026l[?2026h[?25l[A[1Gpulling manifest [K
pulling 2bada8a74506:  90% ▕████████████████  ▏ 4.2 GB/4.7 GB  3.0 MB/s   2m30s[K[?25h[?2026l[?2026h[?25l[A[1Gpulling manifest [K
pulling 2bada8a74506:  91% ▕████████████████  ▏ 4.2 GB/4.7 GB  3.0 MB/s   2m29s[K[?25h[?2026l[?2026h[?25l[A[1Gpulling manifest [K
pulling 2bada8a74506:  91% ▕████████████████  ▏ 4.2 GB/4.7 GB  3.0 MB/s   2m29s[K[?25h[?2026l[?2026h[?25l[A[1Gpulling manifest [K
pulling 2bada8a74506:  91% ▕████████████████  ▏ 4.2 GB/4.7 GB  3.6 MB/s    2m3s[K[?25h[?2026l[?2026h[?25l[A[1Gpulling manifest [K
pulling 2bada8a74506:  91% ▕████████████████  ▏ 4.2 GB/4.7 GB  3.6 MB/s    2m3s[K[?25h[?2026l[?2026h[?25l[A[1Gpulling manifest [K
pulling 2bada8a74506:  91% ▕████████████████  ▏ 4.2 GB/4.7 GB  3.6 MB/s    2m3s[K[?25h[?2026l[?2026h[?25l[A[1Gpulling manifest [K
pulling 2bada8a74506:  91% ▕████████████████  ▏ 4.2 GB/4.7 GB  3.6 MB/s    2m3s[K[?25h[?2026l[?2026h[?25l[A[1Gpulling manifest [K
pulling 2bada8a74506:  91% ▕████████████████  ▏ 4.2 GB/4.7 GB  3.6 MB/s    2m3s[K[?25h[?2026l[?2026h[?25l[A[1Gpulling manifest [K
pulling 2bada8a74506:  91% ▕████████████████  ▏ 4.2 GB/4.7 GB  3.6 MB/s    2m3s[K[?25h[?2026l[?2026h[?25l[A[1Gpulling manifest [K
pulling 2bada8a74506:  91% ▕████████████████  ▏ 4.2 GB/4.7 GB  3.6 MB/s    2m2s[K[?25h[?2026l[?2026h[?25l[A[1Gpulling manifest [K
pulling 2bada8a74506:  91% ▕████████████████  ▏ 4.2 GB/4.7 GB  3.6 MB/s    2m2s[K[?25h[?2026l[?2026h[?25l[A[1Gpulling manifest [K
pulling 2bada8a74506:  91% ▕████████████████  ▏ 4.2 GB/4.7 GB  3.6 MB/s    2m2s[K[?25h[?2026l[?2026h[?25l[A[1Gpulling manifest [K
pulling 2bada8a74506:  91% ▕████████████████  ▏ 4.2 GB/4.7 GB  3.6 MB/s    2m2s[K[?25h[?2026l[?2026h[?25l[A[1Gpulling manifest [K
pulling 2bada8a74506:  91% ▕████████████████  ▏ 4.2 GB/4.7 GB  3.8 MB/s   1m56s[K[?25h[?2026l[?2026h[?25l[A[1Gpulling manifest [K
pulling 2bada8a74506:  91% ▕████████████████  ▏ 4.2 GB/4.7 GB  3.8 MB/s   1m56s[K[?25h[?2026l[?2026h[?25l[A[1Gpulling manifest [K
pulling 2bada8a74506:  91% ▕████████████████  ▏ 4.2 GB/4.7 GB  3.8 MB/s   1m56s[K[?25h[?2026l[?2026h[?25l[A[1Gpulling manifest [K
pulling 2bada8a74506:  91% ▕████████████████  ▏ 4.2 GB/4.7 GB  3.8 MB/s   1m56s[K[?25h[?2026l[?2026h[?25l[A[1Gpulling manifest [K
pulling 2bada8a74506:  91% ▕████████████████  ▏ 4.2 GB/4.7 GB  3.8 MB/s   1m56s[K[?25h[?2026l[?2026h[?25l[A[1Gpulling manifest [K
pulling 2bada8a74506:  91% ▕████████████████  ▏ 4.2 GB/4.7 GB  3.8 MB/s   1m56s[K[?25h[?2026l[?2026h[?25l[A[1Gpulling manifest [K
pulling 2bada8a74506:  91% ▕████████████████  ▏ 4.2 GB/4.7 GB  3.8 MB/s   1m56s[K[?25h[?2026l[?2026h[?25l[A[1Gpulling manifest [K
pulling 2bada8a74506:  91% ▕████████████████  ▏ 4.2 GB/4.7 GB  3.8 MB/s   1m56s[K[?25h[?2026l[?2026h[?25l[A[1Gpulling manifest [K
pulling 2bada8a74506:  91% ▕████████████████  ▏ 4.2 GB/4.7 GB  3.8 MB/s   1m55s[K[?25h[?2026l[?2026h[?25l[A[1Gpulling manifest [K
pulling 2bada8a74506:  91% ▕████████████████  ▏ 4.2 GB/4.7 GB  3.8 MB/s   1m55s[K[?25h[?2026l[?2026h[?25l[A[1Gpulling manifest [K
pulling 2bada8a74506:  91% ▕████████████████  ▏ 4.2 GB/4.7 GB  4.1 MB/s   1m44s[K[?25h[?2026l[?2026h[?25l[A[1Gpulling manifest [K
pulling 2bada8a74506:  91% ▕████████████████  ▏ 4.2 GB/4.7 GB  4.1 MB/s   1m44s[K[?25h[?2026l[?2026h[?25l[A[1Gpulling manifest [K
pulling 2bada8a74506:  91% ▕████████████████  ▏ 4.3 GB/4.7 GB  4.1 MB/s   1m44s[K[?25h[?2026l[?2026h[?25l[A[1Gpulling manifest [K
pulling 2bada8a74506:  91% ▕████████████████  ▏ 4.3 GB/4.7 GB  4.1 MB/s   1m44s[K[?25h[?2026l[?2026h[?25l[A[1Gpulling manifest [K
pulling 2bada8a74506:  91% ▕████████████████  ▏ 4.3 GB/4.7 GB  4.1 MB/s   1m44s[K[?25h[?2026l[?2026h[?25l[A[1Gpulling manifest [K
pulling 2bada8a74506:  91% ▕████████████████  ▏ 4.3 GB/4.7 GB  4.1 MB/s   1m44s[K[?25h[?2026l[?2026h[?25l[A[1Gpulling manifest [K
pulling 2bada8a74506:  91% ▕████████████████  ▏ 4.3 GB/4.7 GB  4.1 MB/s   1m43s[K[?25h[?2026l[?2026h[?25l[A[1Gpulling manifest [K
pulling 2bada8a74506:  91% ▕████████████████  ▏ 4.3 GB/4.7 GB  4.1 MB/s   1m43s[K[?25h[?2026l[?2026h[?25l[A[1Gpulling manifest [K
pulling 2bada8a74506:  91% ▕████████████████  ▏ 4.3 GB/4.7 GB  4.1 MB/s   1m43s[K[?25h[?2026l[?2026h[?25l[A[1Gpulling manifest [K
pulling 2bada8a74506:  91% ▕████████████████  ▏ 4.3 GB/4.7 GB  4.1 MB/s   1m43s[K[?25h[?2026l[?2026h[?25l[A[1Gpulling manifest [K
pulling 2bada8a74506:  91% ▕████████████████  ▏ 4.3 GB/4.7 GB  4.1 MB/s   1m43s[K[?25h[?2026l[?2026h[?25l[A[1Gpulling manifest [K
pulling 2bada8a74506:  91% ▕████████████████  ▏ 4.3 GB/4.7 GB  4.1 MB/s   1m43s[K[?25h[?2026l[?2026h[?25l[A[1Gpulling manifest [K
pulling 2bada8a74506:  91% ▕████████████████  ▏ 4.3 GB/4.7 GB  4.1 MB/s   1m43s[K[?25h[?2026l[?2026h[?25l[A[1Gpulling manifest [K
pulling 2bada8a74506:  91% ▕████████████████  ▏ 4.3 GB/4.7 GB  4.1 MB/s   1m43s[K[?25h[?2026l[?2026h[?25l[A[1Gpulling manifest [K
pulling 2bada8a74506:  91% ▕████████████████  ▏ 4.3 GB/4.7 GB  4.1 MB/s   1m43s[K[?25h[?2026l[?2026h[?25l[A[1Gpulling manifest [K
pulling 2bada8a74506:  91% ▕████████████████  ▏ 4.3 GB/4.7 GB  4.1 MB/s   1m43s[K[?25h[?2026l[?2026h[?25l[A[1Gpulling manifest [K
pulling 2bada8a74506:  91% ▕████████████████  ▏ 4.3 GB/4.7 GB  4.1 MB/s   1m43s[K[?25h[?2026l[?2026h[?25l[A[1Gpulling manifest [K
pulling 2bada8a74506:  91% ▕████████████████  ▏ 4.3 GB/4.7 GB  4.1 MB/s   1m42s[K[?25h[?2026l[?2026h[?25l[A[1Gpulling manifest [K
pulling 2bada8a74506:  91% ▕████████████████  ▏ 4.3 GB/4.7 GB  4.1 MB/s   1m42s[K[?25h[?2026l[?2026h[?25l[A[1Gpulling manifest [K
pulling 2bada8a74506:  91% ▕████████████████  ▏ 4.3 GB/4.7 GB  4.1 MB/s   1m42s[K[?25h[?2026l[?2026h[?25l[A[1Gpulling manifest [K
pulling 2bada8a74506:  91% ▕████████████████  ▏ 4.3 GB/4.7 GB  4.1 MB/s   1m42s[K[?25h[?2026l[?2026h[?25l[A[1Gpulling manifest [K
pulling 2bada8a74506:  91% ▕████████████████  ▏ 4.3 GB/4.7 GB  4.2 MB/s   1m40s[K[?25h[?2026l[?2026h[?25l[A[1Gpulling manifest [K
pulling 2bada8a74506:  91% ▕████████████████  ▏ 4.3 GB/4.7 GB  4.2 MB/s   1m40s[K[?25h[?2026l[?2026h[?25l[A[1Gpulling manifest [K
pulling 2bada8a74506:  91% ▕████████████████  ▏ 4.3 GB/4.7 GB  4.2 MB/s   1m40s[K[?25h[?2026l[?2026h[?25l[A[1Gpulling manifest [K
pulling 2bada8a74506:  91% ▕████████████████  ▏ 4.3 GB/4.7 GB  4.2 MB/s   1m40s[K[?25h[?2026l[?2026h[?25l[A[1Gpulling manifest [K
pulling 2bada8a74506:  91% ▕████████████████  ▏ 4.3 GB/4.7 GB  4.2 MB/s   1m40s[K[?25h[?2026l[?2026h[?25l[A[1Gpulling manifest [K
pulling 2bada8a74506:  91% ▕████████████████  ▏ 4.3 GB/4.7 GB  4.2 MB/s   1m39s[K[?25h[?2026l[?2026h[?25l[A[1Gpulling manifest [K
pulling 2bada8a74506:  91% ▕████████████████  ▏ 4.3 GB/4.7 GB  4.2 MB/s   1m39s[K[?25h[?2026l[?2026h[?25l[A[1Gpulling manifest [K
pulling 2bada8a74506:  91% ▕████████████████  ▏ 4.3 GB/4.7 GB  4.2 MB/s   1m39s[K[?25h[?2026l[?2026h[?25l[A[1Gpulling manifest [K
pulling 2bada8a74506:  91% ▕████████████████  ▏ 4.3 GB/4.7 GB  4.2 MB/s   1m39s[K[?25h[?2026l[?2026h[?25l[A[1Gpulling manifest [K
pulling 2bada8a74506:  91% ▕████████████████  ▏ 4.3 GB/4.7 GB  4.2 MB/s   1m39s[K[?25h[?2026l[?2026h[?25l[A[1Gpulling manifest [K
pulling 2bada8a74506:  91% ▕████████████████  ▏ 4.3 GB/4.7 GB  4.5 MB/s   1m33s[K[?25h[?2026l[?2026h[?25l[A[1Gpulling manifest [K
pulling 2bada8a74506:  91% ▕████████████████  ▏ 4.3 GB/4.7 GB  4.5 MB/s   1m33s[K[?25h[?2026l[?2026h[?25l[A[1Gpulling manifest [K
pulling 2bada8a74506:  91% ▕████████████████  ▏ 4.3 GB/4.7 GB  4.5 MB/s   1m33s[K[?25h[?2026l[?2026h[?25l[A[1Gpulling manifest [K
pulling 2bada8a74506:  91% ▕████████████████  ▏ 4.3 GB/4.7 GB  4.5 MB/s   1m33s[K[?25h[?2026l[?2026h[?25l[A[1Gpulling manifest [K
pulling 2bada8a74506:  91% ▕████████████████  ▏ 4.3 GB/4.7 GB  4.5 MB/s   1m33s[K[?25h[?2026l[?2026h[?25l[A[1Gpulling manifest [K
pulling 2bada8a74506:  91% ▕████████████████  ▏ 4.3 GB/4.7 GB  4.5 MB/s   1m33s[K[?25h[?2026l[?2026h[?25l[A[1Gpulling manifest [K
pulling 2bada8a74506:  91% ▕████████████████  ▏ 4.3 GB/4.7 GB  4.5 MB/s   1m33s[K[?25h[?2026l[?2026h[?25l[A[1Gpulling manifest [K
pulling 2bada8a74506:  91% ▕████████████████  ▏ 4.3 GB/4.7 GB  4.5 MB/s   1m32s[K[?25h[?2026l[?2026h[?25l[A[1Gpulling manifest [K
pulling 2bada8a74506:  91% ▕████████████████  ▏ 4.3 GB/4.7 GB  4.5 MB/s   1m32s[K[?25h[?2026l[?2026h[?25l[A[1Gpulling manifest [K
pulling 2bada8a74506:  91% ▕████████████████  ▏ 4.3 GB/4.7 GB  4.5 MB/s   1m32s[K[?25h[?2026l[?2026h[?25l[A[1Gpulling manifest [K
pulling 2bada8a74506:  91% ▕████████████████  ▏ 4.3 GB/4.7 GB  4.6 MB/s   1m29s[K[?25h[?2026l[?2026h[?25l[A[1Gpulling manifest [K
pulling 2bada8a74506:  91% ▕████████████████  ▏ 4.3 GB/4.7 GB  4.6 MB/s   1m29s[K[?25h[?2026l[?2026h[?25l[A[1Gpulling manifest [K
pulling 2bada8a74506:  91% ▕████████████████  ▏ 4.3 GB/4.7 GB  4.6 MB/s   1m29s[K[?25h[?2026l[?2026h[?25l[A[1Gpulling manifest [K
pulling 2bada8a74506:  91% ▕████████████████  ▏ 4.3 GB/4.7 GB  4.6 MB/s   1m29s[K[?25h[?2026l[?2026h[?25l[A[1Gpulling manifest [K
pulling 2bada8a74506:  91% ▕████████████████  ▏ 4.3 GB/4.7 GB  4.6 MB/s   1m29s[K[?25h[?2026l[?2026h[?25l[A[1Gpulling manifest [K
pulling 2bada8a74506:  91% ▕████████████████  ▏ 4.3 GB/4.7 GB  4.6 MB/s   1m29s[K[?25h[?2026l[?2026h[?25l[A[1Gpulling manifest [K
pulling 2bada8a74506:  91% ▕████████████████  ▏ 4.3 GB/4.7 GB  4.6 MB/s   1m29s[K[?25h[?2026l[?2026h[?25l[A[1Gpulling manifest [K
pulling 2bada8a74506:  91% ▕████████████████  ▏ 4.3 GB/4.7 GB  4.6 MB/s   1m29s[K[?25h[?2026l[?2026h[?25l[A[1Gpulling manifest [K
pulling 2bada8a74506:  91% ▕████████████████  ▏ 4.3 GB/4.7 GB  4.6 MB/s   1m29s[K[?25h[?2026l[?2026h[?25l[A[1Gpulling manifest [K
pulling 2bada8a74506:  91% ▕████████████████  ▏ 4.3 GB/4.7 GB  4.6 MB/s   1m29s[K[?25h[?2026l[?2026h[?25l[A[1Gpulling manifest [K
pulling 2bada8a74506:  91% ▕████████████████  ▏ 4.3 GB/4.7 GB  4.9 MB/s   1m24s[K[?25h[?2026l[?2026h[?25l[A[1Gpulling manifest [K
pulling 2bada8a74506:  91% ▕████████████████  ▏ 4.3 GB/4.7 GB  4.9 MB/s   1m24s[K[?25h[?2026l[?2026h[?25l[A[1Gpulling manifest [K
pulling 2bada8a74506:  91% ▕████████████████  ▏ 4.3 GB/4.7 GB  4.9 MB/s   1m23s[K[?25h[?2026l[?2026h[?25l[A[1Gpulling manifest [K
pulling 2bada8a74506:  91% ▕████████████████  ▏ 4.3 GB/4.7 GB  4.9 MB/s   1m23s[K[?25h[?2026l[?2026h[?25l[A[1Gpulling manifest [K
pulling 2bada8a74506:  91% ▕████████████████  ▏ 4.3 GB/4.7 GB  4.9 MB/s   1m23s[K[?25h[?2026l[?2026h[?25l[A[1Gpulling manifest [K
pulling 2bada8a74506:  91% ▕████████████████  ▏ 4.3 GB/4.7 GB  4.9 MB/s   1m23s[K[?25h[?2026l[?2026h[?25l[A[1Gpulling manifest [K
pulling 2bada8a74506:  91% ▕████████████████  ▏ 4.3 GB/4.7 GB  4.9 MB/s   1m23s[K[?25h[?2026l[?2026h[?25l[A[1Gpulling manifest [K
pulling 2bada8a74506:  91% ▕████████████████  ▏ 4.3 GB/4.7 GB  4.9 MB/s   1m23s[K[?25h[?2026l[?2026h[?25l[A[1Gpulling manifest [K
pulling 2bada8a74506:  91% ▕████████████████  ▏ 4.3 GB/4.7 GB  4.9 MB/s   1m23s[K[?25h[?2026l[?2026h[?25l[A[1Gpulling manifest [K
pulling 2bada8a74506:  91% ▕████████████████  ▏ 4.3 GB/4.7 GB  4.9 MB/s   1m23s[K[?25h[?2026l[?2026h[?25l[A[1Gpulling manifest [K
pulling 2bada8a74506:  91% ▕████████████████  ▏ 4.3 GB/4.7 GB  4.9 MB/s   1m23s[K[?25h[?2026l[?2026h[?25l[A[1Gpulling manifest [K
pulling 2bada8a74506:  91% ▕████████████████  ▏ 4.3 GB/4.7 GB  5.2 MB/s   1m17s[K[?25h[?2026l[?2026h[?25l[A[1Gpulling manifest [K
pulling 2bada8a74506:  91% ▕████████████████  ▏ 4.3 GB/4.7 GB  5.2 MB/s   1m17s[K[?25h[?2026l[?2026h[?25l[A[1Gpulling manifest [K
pulling 2bada8a74506:  91% ▕████████████████  ▏ 4.3 GB/4.7 GB  5.2 MB/s   1m17s[K[?25h[?2026l[?2026h[?25l[A[1Gpulling manifest [K
pulling 2bada8a74506:  91% ▕████████████████  ▏ 4.3 GB/4.7 GB  5.2 MB/s   1m17s[K[?25h[?2026l[?2026h[?25l[A[1Gpulling manifest [K
pulling 2bada8a74506:  91% ▕████████████████  ▏ 4.3 GB/4.7 GB  5.2 MB/s   1m17s[K[?25h[?2026l[?2026h[?25l[A[1Gpulling manifest [K
pulling 2bada8a74506:  91% ▕████████████████  ▏ 4.3 GB/4.7 GB  5.2 MB/s   1m16s[K[?25h[?2026l[?2026h[?25l[A[1Gpulling manifest [K
pulling 2bada8a74506:  91% ▕████████████████  ▏ 4.3 GB/4.7 GB  5.2 MB/s   1m16s[K[?25h[?2026l[?2026h[?25l[A[1Gpulling manifest [K
pulling 2bada8a74506:  91% ▕████████████████  ▏ 4.3 GB/4.7 GB  5.2 MB/s   1m16s[K[?25h[?2026l[?2026h[?25l[A[1Gpulling manifest [K
pulling 2bada8a74506:  91% ▕████████████████  ▏ 4.3 GB/4.7 GB  5.2 MB/s   1m16s[K[?25h[?2026l[?2026h[?25l[A[1Gpulling manifest [K
pulling 2bada8a74506:  91% ▕████████████████  ▏ 4.3 GB/4.7 GB  5.2 MB/s   1m16s[K[?25h[?2026l[?2026h[?25l[A[1Gpulling manifest [K
pulling 2bada8a74506:  91% ▕████████████████  ▏ 4.3 GB/4.7 GB  5.0 MB/s   1m20s[K[?25h[?2026l[?2026h[?25l[A[1Gpulling manifest [K
pulling 2bada8a74506:  92% ▕████████████████  ▏ 4.3 GB/4.7 GB  5.0 MB/s   1m20s[K[?25h[?2026l[?2026h[?25l[A[1Gpulling manifest [K
pulling 2bada8a74506:  92% ▕████████████████  ▏ 4.3 GB/4.7 GB  5.0 MB/s   1m19s[K[?25h[?2026l[?2026h[?25l[A[1Gpulling manifest [K
pulling 2bada8a74506:  92% ▕████████████████  ▏ 4.3 GB/4.7 GB  5.0 MB/s   1m19s[K[?25h[?2026l[?2026h[?25l[A[1Gpulling manifest [K
pulling 2bada8a74506:  92% ▕████████████████  ▏ 4.3 GB/4.7 GB  5.0 MB/s   1m19s[K[?25h[?2026l[?2026h[?25l[A[1Gpulling manifest [K
pulling 2bada8a74506:  92% ▕████████████████  ▏ 4.3 GB/4.7 GB  5.0 MB/s   1m19s[K[?25h[?2026l[?2026h[?25l[A[1Gpulling manifest [K
pulling 2bada8a74506:  92% ▕████████████████  ▏ 4.3 GB/4.7 GB  5.0 MB/s   1m19s[K[?25h[?2026l[?2026h[?25l[A[1Gpulling manifest [K
pulling 2bada8a74506:  92% ▕████████████████  ▏ 4.3 GB/4.7 GB  5.0 MB/s   1m19s[K[?25h[?2026l[?2026h[?25l[A[1Gpulling manifest [K
pulling 2bada8a74506:  92% ▕████████████████  ▏ 4.3 GB/4.7 GB  5.0 MB/s   1m19s[K[?25h[?2026l[?2026h[?25l[A[1Gpulling manifest [K
pulling 2bada8a74506:  92% ▕████████████████  ▏ 4.3 GB/4.7 GB  5.0 MB/s   1m19s[K[?25h[?2026l[?2026h[?25l[A[1Gpulling manifest [K
pulling 2bada8a74506:  92% ▕████████████████  ▏ 4.3 GB/4.7 GB  5.0 MB/s   1m18s[K[?25h[?2026l[?2026h[?25l[A[1Gpulling manifest [K
pulling 2bada8a74506:  92% ▕████████████████  ▏ 4.3 GB/4.7 GB  5.0 MB/s   1m18s[K[?25h[?2026l[?2026h[?25l[A[1Gpulling manifest [K
pulling 2bada8a74506:  92% ▕████████████████  ▏ 4.3 GB/4.7 GB  5.0 MB/s   1m18s[K[?25h[?2026l[?2026h[?25l[A[1Gpulling manifest [K
pulling 2bada8a74506:  92% ▕████████████████  ▏ 4.3 GB/4.7 GB  5.0 MB/s   1m18s[K[?25h[?2026l[?2026h[?25l[A[1Gpulling manifest [K
pulling 2bada8a74506:  92% ▕████████████████  ▏ 4.3 GB/4.7 GB  5.0 MB/s   1m18s[K[?25h[?2026l[?2026h[?25l[A[1Gpulling manifest [K
pulling 2bada8a74506:  92% ▕████████████████  ▏ 4.3 GB/4.7 GB  5.0 MB/s   1m18s[K[?25h[?2026l[?2026h[?25l[A[1Gpulling manifest [K
pulling 2bada8a74506:  92% ▕████████████████  ▏ 4.3 GB/4.7 GB  5.0 MB/s   1m18s[K[?25h[?2026l[?2026h[?25l[A[1Gpulling manifest [K
pulling 2bada8a74506:  92% ▕████████████████  ▏ 4.3 GB/4.7 GB  5.0 MB/s   1m18s[K[?25h[?2026l[?2026h[?25l[A[1Gpulling manifest [K
pulling 2bada8a74506:  92% ▕████████████████  ▏ 4.3 GB/4.7 GB  5.0 MB/s   1m18s[K[?25h[?2026l[?2026h[?25l[A[1Gpulling manifest [K
pulling 2bada8a74506:  92% ▕████████████████  ▏ 4.3 GB/4.7 GB  5.0 MB/s   1m18s[K[?25h[?2026l[?2026h[?25l[A[1Gpulling manifest [K
pulling 2bada8a74506:  92% ▕████████████████  ▏ 4.3 GB/4.7 GB  5.0 MB/s   1m18s[K[?25h[?2026l[?2026h[?25l[A[1Gpulling manifest [K
pulling 2bada8a74506:  92% ▕████████████████  ▏ 4.3 GB/4.7 GB  5.0 MB/s   1m18s[K[?25h[?2026l[?2026h[?25l[A[1Gpulling manifest [K
pulling 2bada8a74506:  92% ▕████████████████  ▏ 4.3 GB/4.7 GB  5.0 MB/s   1m18s[K[?25h[?2026l[?2026h[?25l[A[1Gpulling manifest [K
pulling 2bada8a74506:  92% ▕████████████████  ▏ 4.3 GB/4.7 GB  5.0 MB/s   1m18s[K[?25h[?2026l[?2026h[?25l[A[1Gpulling manifest [K
pulling 2bada8a74506:  92% ▕████████████████  ▏ 4.3 GB/4.7 GB  5.0 MB/s   1m18s[K[?25h[?2026l[?2026h[?25l[A[1Gpulling manifest [K
pulling 2bada8a74506:  92% ▕████████████████  ▏ 4.3 GB/4.7 GB  5.0 MB/s   1m17s[K[?25h[?2026l[?2026h[?25l[A[1Gpulling manifest [K
pulling 2bada8a74506:  92% ▕████████████████  ▏ 4.3 GB/4.7 GB  5.0 MB/s   1m17s[K[?25h[?2026l[?2026h[?25l[A[1Gpulling manifest [K
pulling 2bada8a74506:  92% ▕████████████████  ▏ 4.3 GB/4.7 GB  5.0 MB/s   1m17s[K[?25h[?2026l[?2026h[?25l[A[1Gpulling manifest [K
pulling 2bada8a74506:  92% ▕████████████████  ▏ 4.3 GB/4.7 GB  5.0 MB/s   1m17s[K[?25h[?2026l[?2026h[?25l[A[1Gpulling manifest [K
pulling 2bada8a74506:  92% ▕████████████████  ▏ 4.3 GB/4.7 GB  5.0 MB/s   1m17s[K[?25h[?2026l[?2026h[?25l[A[1Gpulling manifest [K
pulling 2bada8a74506:  92% ▕████████████████  ▏ 4.3 GB/4.7 GB  5.0 MB/s   1m16s[K[?25h[?2026l[?2026h[?25l[A[1Gpulling manifest [K
pulling 2bada8a74506:  92% ▕████████████████  ▏ 4.3 GB/4.7 GB  5.0 MB/s   1m16s[K[?25h[?2026l[?2026h[?25l[A[1Gpulling manifest [K
pulling 2bada8a74506:  92% ▕████████████████  ▏ 4.3 GB/4.7 GB  5.0 MB/s   1m16s[K[?25h[?2026l[?2026h[?25l[A[1Gpulling manifest [K
pulling 2bada8a74506:  92% ▕████████████████  ▏ 4.3 GB/4.7 GB  5.0 MB/s   1m16s[K[?25h[?2026l[?2026h[?25l[A[1Gpulling manifest [K
pulling 2bada8a74506:  92% ▕████████████████  ▏ 4.3 GB/4.7 GB  5.0 MB/s   1m16s[K[?25h[?2026l[?2026h[?25l[A[1Gpulling manifest [K
pulling 2bada8a74506:  92% ▕████████████████  ▏ 4.3 GB/4.7 GB  5.0 MB/s   1m16s[K[?25h[?2026l[?2026h[?25l[A[1Gpulling manifest [K
pulling 2bada8a74506:  92% ▕████████████████  ▏ 4.3 GB/4.7 GB  5.0 MB/s   1m16s[K[?25h[?2026l[?2026h[?25l[A[1Gpulling manifest [K
pulling 2bada8a74506:  92% ▕████████████████  ▏ 4.3 GB/4.7 GB  5.0 MB/s   1m16s[K[?25h[?2026l[?2026h[?25l[A[1Gpulling manifest [K
pulling 2bada8a74506:  92% ▕████████████████  ▏ 4.3 GB/4.7 GB  5.0 MB/s   1m16s[K[?25h[?2026l[?2026h[?25l[A[1Gpulling manifest [K
pulling 2bada8a74506:  92% ▕████████████████  ▏ 4.3 GB/4.7 GB  5.0 MB/s   1m15s[K[?25h[?2026l[?2026h[?25l[A[1Gpulling manifest [K
pulling 2bada8a74506:  92% ▕████████████████  ▏ 4.3 GB/4.7 GB  5.0 MB/s   1m15s[K[?25h[?2026l[?2026h[?25l[A[1Gpulling manifest [K
pulling 2bada8a74506:  92% ▕████████████████  ▏ 4.3 GB/4.7 GB  4.9 MB/s   1m18s[K[?25h[?2026l[?2026h[?25l[A[1Gpulling manifest [K
pulling 2bada8a74506:  92% ▕████████████████  ▏ 4.3 GB/4.7 GB  4.9 MB/s   1m18s[K[?25h[?2026l[?2026h[?25l[A[1Gpulling manifest [K
pulling 2bada8a74506:  92% ▕████████████████  ▏ 4.3 GB/4.7 GB  4.9 MB/s   1m17s[K[?25h[?2026l[?2026h[?25l[A[1Gpulling manifest [K
pulling 2bada8a74506:  92% ▕████████████████  ▏ 4.3 GB/4.7 GB  4.9 MB/s   1m17s[K[?25h[?2026l[?2026h[?25l[A[1Gpulling manifest [K
pulling 2bada8a74506:  92% ▕████████████████  ▏ 4.3 GB/4.7 GB  4.9 MB/s   1m17s[K[?25h[?2026l[?2026h[?25l[A[1Gpulling manifest [K
pulling 2bada8a74506:  92% ▕████████████████  ▏ 4.3 GB/4.7 GB  4.9 MB/s   1m17s[K[?25h[?2026l[?2026h[?25l[A[1Gpulling manifest [K
pulling 2bada8a74506:  92% ▕████████████████  ▏ 4.3 GB/4.7 GB  4.9 MB/s   1m17s[K[?25h[?2026l[?2026h[?25l[A[1Gpulling manifest [K
pulling 2bada8a74506:  92% ▕████████████████  ▏ 4.3 GB/4.7 GB  4.9 MB/s   1m17s[K[?25h[?2026l[?2026h[?25l[A[1Gpulling manifest [K
pulling 2bada8a74506:  92% ▕████████████████  ▏ 4.3 GB/4.7 GB  4.9 MB/s   1m17s[K[?25h[?2026l[?2026h[?25l[A[1Gpulling manifest [K
pulling 2bada8a74506:  92% ▕████████████████  ▏ 4.3 GB/4.7 GB  4.9 MB/s   1m17s[K[?25h[?2026l[?2026h[?25l[A[1Gpulling manifest [K
pulling 2bada8a74506:  92% ▕████████████████  ▏ 4.3 GB/4.7 GB  4.9 MB/s   1m16s[K[?25h[?2026l[?2026h[?25l[A[1Gpulling manifest [K
pulling 2bada8a74506:  92% ▕████████████████  ▏ 4.3 GB/4.7 GB  4.9 MB/s   1m16s[K[?25h[?2026l[?2026h[?25l[A[1Gpulling manifest [K
pulling 2bada8a74506:  92% ▕████████████████  ▏ 4.3 GB/4.7 GB  4.9 MB/s   1m16s[K[?25h[?2026l[?2026h[?25l[A[1Gpulling manifest [K
pulling 2bada8a74506:  92% ▕████████████████  ▏ 4.3 GB/4.7 GB  4.9 MB/s   1m16s[K[?25h[?2026l[?2026h[?25l[A[1Gpulling manifest [K
pulling 2bada8a74506:  92% ▕████████████████  ▏ 4.3 GB/4.7 GB  4.9 MB/s   1m16s[K[?25h[?2026l[?2026h[?25l[A[1Gpulling manifest [K
pulling 2bada8a74506:  92% ▕████████████████  ▏ 4.3 GB/4.7 GB  4.9 MB/s   1m16s[K[?25h[?2026l[?2026h[?25l[A[1Gpulling manifest [K
pulling 2bada8a74506:  92% ▕████████████████  ▏ 4.3 GB/4.7 GB  4.9 MB/s   1m16s[K[?25h[?2026l[?2026h[?25l[A[1Gpulling manifest [K
pulling 2bada8a74506:  92% ▕████████████████  ▏ 4.3 GB/4.7 GB  4.9 MB/s   1m16s[K[?25h[?2026l[?2026h[?25l[A[1Gpulling manifest [K
pulling 2bada8a74506:  92% ▕████████████████  ▏ 4.3 GB/4.7 GB  4.9 MB/s   1m16s[K[?25h[?2026l[?2026h[?25l[A[1Gpulling manifest [K
pulling 2bada8a74506:  92% ▕████████████████  ▏ 4.3 GB/4.7 GB  4.9 MB/s   1m16s[K[?25h[?2026l[?2026h[?25l[A[1Gpulling manifest [K
pulling 2bada8a74506:  92% ▕████████████████  ▏ 4.3 GB/4.7 GB  4.6 MB/s   1m20s[K[?25h[?2026l[?2026h[?25l[A[1Gpulling manifest [K
pulling 2bada8a74506:  92% ▕████████████████  ▏ 4.3 GB/4.7 GB  4.6 MB/s   1m20s[K[?25h[?2026l[?2026h[?25l[A[1Gpulling manifest [K
pulling 2bada8a74506:  92% ▕████████████████  ▏ 4.3 GB/4.7 GB  4.6 MB/s   1m20s[K[?25h[?2026l[?2026h[?25l[A[1Gpulling manifest [K
pulling 2bada8a74506:  92% ▕████████████████  ▏ 4.3 GB/4.7 GB  4.6 MB/s   1m20s[K[?25h[?2026l[?2026h[?25l[A[1Gpulling manifest [K
pulling 2bada8a74506:  92% ▕████████████████  ▏ 4.3 GB/4.7 GB  4.6 MB/s   1m20s[K[?25h[?2026l[?2026h[?25l[A[1Gpulling manifest [K
pulling 2bada8a74506:  92% ▕████████████████  ▏ 4.3 GB/4.7 GB  4.6 MB/s   1m19s[K[?25h[?2026l[?2026h[?25l[A[1Gpulling manifest [K
pulling 2bada8a74506:  92% ▕████████████████  ▏ 4.3 GB/4.7 GB  4.6 MB/s   1m19s[K[?25h[?2026l[?2026h[?25l[A[1Gpulling manifest [K
pulling 2bada8a74506:  92% ▕████████████████  ▏ 4.3 GB/4.7 GB  4.6 MB/s   1m19s[K[?25h[?2026l[?2026h[?25l[A[1Gpulling manifest [K
pulling 2bada8a74506:  92% ▕████████████████  ▏ 4.3 GB/4.7 GB  4.6 MB/s   1m19s[K[?25h[?2026l[?2026h[?25l[A[1Gpulling manifest [K
pulling 2bada8a74506:  92% ▕████████████████  ▏ 4.3 GB/4.7 GB  4.6 MB/s   1m19s[K[?25h[?2026l[?2026h[?25l[A[1Gpulling manifest [K
pulling 2bada8a74506:  92% ▕████████████████  ▏ 4.3 GB/4.7 GB  5.0 MB/s   1m13s[K[?25h[?2026l[?2026h[?25l[A[1Gpulling manifest [K
pulling 2bada8a74506:  92% ▕████████████████  ▏ 4.3 GB/4.7 GB  5.0 MB/s   1m13s[K[?25h[?2026l[?2026h[?25l[A[1Gpulling manifest [K
pulling 2bada8a74506:  92% ▕████████████████  ▏ 4.3 GB/4.7 GB  5.0 MB/s   1m13s[K[?25h[?2026l[?2026h[?25l[A[1Gpulling manifest [K
pulling 2bada8a74506:  92% ▕████████████████  ▏ 4.3 GB/4.7 GB  5.0 MB/s   1m12s[K[?25h[?2026l[?2026h[?25l[A[1Gpulling manifest [K
pulling 2bada8a74506:  92% ▕████████████████  ▏ 4.3 GB/4.7 GB  5.0 MB/s   1m12s[K[?25h[?2026l[?2026h[?25l[A[1Gpulling manifest [K
pulling 2bada8a74506:  92% ▕████████████████  ▏ 4.3 GB/4.7 GB  5.0 MB/s   1m12s[K[?25h[?2026l[?2026h[?25l[A[1Gpulling manifest [K
pulling 2bada8a74506:  92% ▕████████████████  ▏ 4.3 GB/4.7 GB  5.0 MB/s   1m12s[K[?25h[?2026l[?2026h[?25l[A[1Gpulling manifest [K
pulling 2bada8a74506:  92% ▕████████████████  ▏ 4.3 GB/4.7 GB  5.0 MB/s   1m12s[K[?25h[?2026l[?2026h[?25l[A[1Gpulling manifest [K
pulling 2bada8a74506:  92% ▕████████████████  ▏ 4.3 GB/4.7 GB  5.0 MB/s   1m12s[K[?25h[?2026l[?2026h[?25l[A[1Gpulling manifest [K
pulling 2bada8a74506:  92% ▕████████████████  ▏ 4.3 GB/4.7 GB  5.0 MB/s   1m12s[K[?25h[?2026l[?2026h[?25l[A[1Gpulling manifest [K
pulling 2bada8a74506:  92% ▕████████████████  ▏ 4.3 GB/4.7 GB  4.9 MB/s   1m12s[K[?25h[?2026l[?2026h[?25l[A[1Gpulling manifest [K
pulling 2bada8a74506:  92% ▕████████████████  ▏ 4.3 GB/4.7 GB  4.9 MB/s   1m12s[K[?25h[?2026l[?2026h[?25l[A[1Gpulling manifest [K
pulling 2bada8a74506:  92% ▕████████████████  ▏ 4.3 GB/4.7 GB  4.9 MB/s   1m12s[K[?25h[?2026l[?2026h[?25l[A[1Gpulling manifest [K
pulling 2bada8a74506:  92% ▕████████████████  ▏ 4.3 GB/4.7 GB  4.9 MB/s   1m12s[K[?25h[?2026l[?2026h[?25l[A[1Gpulling manifest [K
pulling 2bada8a74506:  92% ▕████████████████  ▏ 4.3 GB/4.7 GB  4.9 MB/s   1m12s[K[?25h[?2026l[?2026h[?25l[A[1Gpulling manifest [K
pulling 2bada8a74506:  92% ▕████████████████  ▏ 4.3 GB/4.7 GB  4.9 MB/s   1m12s[K[?25h[?2026l[?2026h[?25l[A[1Gpulling manifest [K
pulling 2bada8a74506:  92% ▕████████████████  ▏ 4.3 GB/4.7 GB  4.9 MB/s   1m12s[K[?25h[?2026l[?2026h[?25l[A[1Gpulling manifest [K
pulling 2bada8a74506:  92% ▕████████████████  ▏ 4.3 GB/4.7 GB  4.9 MB/s   1m12s[K[?25h[?2026l[?2026h[?25l[A[1Gpulling manifest [K
pulling 2bada8a74506:  92% ▕████████████████  ▏ 4.3 GB/4.7 GB  4.9 MB/s   1m12s[K[?25h[?2026l[?2026h[?25l[A[1Gpulling manifest [K
pulling 2bada8a74506:  92% ▕████████████████  ▏ 4.3 GB/4.7 GB  4.9 MB/s   1m12s[K[?25h[?2026l[?2026h[?25l[A[1Gpulling manifest [K
pulling 2bada8a74506:  92% ▕████████████████  ▏ 4.3 GB/4.7 GB  4.9 MB/s   1m12s[K[?25h[?2026l[?2026h[?25l[A[1Gpulling manifest [K
pulling 2bada8a74506:  92% ▕████████████████  ▏ 4.3 GB/4.7 GB  4.7 MB/s   1m15s[K[?25h[?2026l[?2026h[?25l[A[1Gpulling manifest [K
pulling 2bada8a74506:  92% ▕████████████████  ▏ 4.3 GB/4.7 GB  4.7 MB/s   1m15s[K[?25h[?2026l[?2026h[?25l[A[1Gpulling manifest [K
pulling 2bada8a74506:  92% ▕████████████████  ▏ 4.3 GB/4.7 GB  4.7 MB/s   1m15s[K[?25h[?2026l[?2026h[?25l[A[1Gpulling manifest [K
pulling 2bada8a74506:  92% ▕████████████████  ▏ 4.3 GB/4.7 GB  4.7 MB/s   1m15s[K[?25h[?2026l[?2026h[?25l[A[1Gpulling manifest [K
pulling 2bada8a74506:  92% ▕████████████████  ▏ 4.3 GB/4.7 GB  4.7 MB/s   1m14s[K[?25h[?2026l[?2026h[?25l[A[1Gpulling manifest [K
pulling 2bada8a74506:  92% ▕████████████████  ▏ 4.3 GB/4.7 GB  4.7 MB/s   1m14s[K[?25h[?2026l[?2026h[?25l[A[1Gpulling manifest [K
pulling 2bada8a74506:  92% ▕████████████████  ▏ 4.3 GB/4.7 GB  4.7 MB/s   1m14s[K[?25h[?2026l[?2026h[?25l[A[1Gpulling manifest [K
pulling 2bada8a74506:  92% ▕████████████████  ▏ 4.3 GB/4.7 GB  4.7 MB/s   1m14s[K[?25h[?2026l[?2026h[?25l[A[1Gpulling manifest [K
pulling 2bada8a74506:  92% ▕████████████████  ▏ 4.3 GB/4.7 GB  4.7 MB/s   1m14s[K[?25h[?2026l[?2026h[?25l[A[1Gpulling manifest [K
pulling 2bada8a74506:  92% ▕████████████████  ▏ 4.3 GB/4.7 GB  4.7 MB/s   1m14s[K[?25h[?2026l[?2026h[?25l[A[1Gpulling manifest [K
pulling 2bada8a74506:  92% ▕████████████████  ▏ 4.3 GB/4.7 GB  4.4 MB/s   1m20s[K[?25h[?2026l[?2026h[?25l[A[1Gpulling manifest [K
pulling 2bada8a74506:  92% ▕████████████████  ▏ 4.3 GB/4.7 GB  4.4 MB/s   1m20s[K[?25h[?2026l[?2026h[?25l[A[1Gpulling manifest [K
pulling 2bada8a74506:  92% ▕████████████████  ▏ 4.3 GB/4.7 GB  4.4 MB/s   1m20s[K[?25h[?2026l[?2026h[?25l[A[1Gpulling manifest [K
pulling 2bada8a74506:  92% ▕████████████████  ▏ 4.3 GB/4.7 GB  4.4 MB/s   1m20s[K[?25h[?2026l[?2026h[?25l[A[1Gpulling manifest [K
pulling 2bada8a74506:  92% ▕████████████████  ▏ 4.3 GB/4.7 GB  4.4 MB/s   1m20s[K[?25h[?2026l[?2026h[?25l[A[1Gpulling manifest [K
pulling 2bada8a74506:  92% ▕████████████████  ▏ 4.3 GB/4.7 GB  4.4 MB/s   1m20s[K[?25h[?2026l[?2026h[?25l[A[1Gpulling manifest [K
pulling 2bada8a74506:  92% ▕████████████████  ▏ 4.3 GB/4.7 GB  4.4 MB/s   1m19s[K[?25h[?2026l[?2026h[?25l[A[1Gpulling manifest [K
pulling 2bada8a74506:  92% ▕████████████████  ▏ 4.3 GB/4.7 GB  4.4 MB/s   1m19s[K[?25h[?2026l[?2026h[?25l[A[1Gpulling manifest [K
pulling 2bada8a74506:  92% ▕████████████████  ▏ 4.3 GB/4.7 GB  4.4 MB/s   1m19s[K[?25h[?2026l[?2026h[?25l[A[1Gpulling manifest [K
pulling 2bada8a74506:  92% ▕████████████████  ▏ 4.3 GB/4.7 GB  4.4 MB/s   1m19s[K[?25h[?2026l[?2026h[?25l[A[1Gpulling manifest [K
pulling 2bada8a74506:  92% ▕████████████████  ▏ 4.3 GB/4.7 GB  4.1 MB/s   1m25s[K[?25h[?2026l[?2026h[?25l[A[1Gpulling manifest [K
pulling 2bada8a74506:  92% ▕████████████████  ▏ 4.3 GB/4.7 GB  4.1 MB/s   1m25s[K[?25h[?2026l[?2026h[?25l[A[1Gpulling manifest [K
pulling 2bada8a74506:  92% ▕████████████████  ▏ 4.3 GB/4.7 GB  4.1 MB/s   1m25s[K[?25h[?2026l[?2026h[?25l[A[1Gpulling manifest [K
pulling 2bada8a74506:  92% ▕████████████████  ▏ 4.3 GB/4.7 GB  4.1 MB/s   1m25s[K[?25h[?2026l[?2026h[?25l[A[1Gpulling manifest [K
pulling 2bada8a74506:  93% ▕████████████████  ▏ 4.3 GB/4.7 GB  4.1 MB/s   1m25s[K[?25h[?2026l[?2026h[?25l[A[1Gpulling manifest [K
pulling 2bada8a74506:  93% ▕████████████████  ▏ 4.3 GB/4.7 GB  4.1 MB/s   1m25s[K[?25h[?2026l[?2026h[?25l[A[1Gpulling manifest [K
pulling 2bada8a74506:  93% ▕████████████████  ▏ 4.3 GB/4.7 GB  4.1 MB/s   1m25s[K[?25h[?2026l[?2026h[?25l[A[1Gpulling manifest [K
pulling 2bada8a74506:  93% ▕████████████████  ▏ 4.3 GB/4.7 GB  4.1 MB/s   1m24s[K[?25h[?2026l[?2026h[?25l[A[1Gpulling manifest [K
pulling 2bada8a74506:  93% ▕████████████████  ▏ 4.3 GB/4.7 GB  4.1 MB/s   1m24s[K[?25h[?2026l[?2026h[?25l[A[1Gpulling manifest [K
pulling 2bada8a74506:  93% ▕████████████████  ▏ 4.3 GB/4.7 GB  4.1 MB/s   1m24s[K[?25h[?2026l[?2026h[?25l[A[1Gpulling manifest [K
pulling 2bada8a74506:  93% ▕████████████████  ▏ 4.3 GB/4.7 GB  4.2 MB/s   1m22s[K[?25h[?2026l[?2026h[?25l[A[1Gpulling manifest [K
pulling 2bada8a74506:  93% ▕████████████████  ▏ 4.3 GB/4.7 GB  4.2 MB/s   1m22s[K[?25h[?2026l[?2026h[?25l[A[1Gpulling manifest [K
pulling 2bada8a74506:  93% ▕████████████████  ▏ 4.3 GB/4.7 GB  4.2 MB/s   1m22s[K[?25h[?2026l[?2026h[?25l[A[1Gpulling manifest [K
pulling 2bada8a74506:  93% ▕████████████████  ▏ 4.3 GB/4.7 GB  4.2 MB/s   1m21s[K[?25h[?2026l[?2026h[?25l[A[1Gpulling manifest [K
pulling 2bada8a74506:  93% ▕████████████████  ▏ 4.3 GB/4.7 GB  4.2 MB/s   1m21s[K[?25h[?2026l[?2026h[?25l[A[1Gpulling manifest [K
pulling 2bada8a74506:  93% ▕████████████████  ▏ 4.3 GB/4.7 GB  4.2 MB/s   1m21s[K[?25h[?2026l[?2026h[?25l[A[1Gpulling manifest [K
pulling 2bada8a74506:  93% ▕████████████████  ▏ 4.3 GB/4.7 GB  4.2 MB/s   1m21s[K[?25h[?2026l[?2026h[?25l[A[1Gpulling manifest [K
pulling 2bada8a74506:  93% ▕████████████████  ▏ 4.3 GB/4.7 GB  4.2 MB/s   1m21s[K[?25h[?2026l[?2026h[?25l[A[1Gpulling manifest [K
pulling 2bada8a74506:  93% ▕████████████████  ▏ 4.3 GB/4.7 GB  4.2 MB/s   1m21s[K[?25h[?2026l[?2026h[?25l[A[1Gpulling manifest [K
pulling 2bada8a74506:  93% ▕████████████████  ▏ 4.3 GB/4.7 GB  4.2 MB/s   1m21s[K[?25h[?2026l[?2026h[?25l[A[1Gpulling manifest [K
pulling 2bada8a74506:  93% ▕████████████████  ▏ 4.3 GB/4.7 GB  4.6 MB/s   1m14s[K[?25h[?2026l[?2026h[?25l[A[1Gpulling manifest [K
pulling 2bada8a74506:  93% ▕████████████████  ▏ 4.3 GB/4.7 GB  4.6 MB/s   1m14s[K[?25h[?2026l[?2026h[?25l[A[1Gpulling manifest [K
pulling 2bada8a74506:  93% ▕████████████████  ▏ 4.3 GB/4.7 GB  4.6 MB/s   1m14s[K[?25h[?2026l[?2026h[?25l[A[1Gpulling manifest [K
pulling 2bada8a74506:  93% ▕████████████████  ▏ 4.3 GB/4.7 GB  4.6 MB/s   1m14s[K[?25h[?2026l[?2026h[?25l[A[1Gpulling manifest [K
pulling 2bada8a74506:  93% ▕████████████████  ▏ 4.3 GB/4.7 GB  4.6 MB/s   1m14s[K[?25h[?2026l[?2026h[?25l[A[1Gpulling manifest [K
pulling 2bada8a74506:  93% ▕████████████████  ▏ 4.3 GB/4.7 GB  4.6 MB/s   1m14s[K[?25h[?2026l[?2026h[?25l[A[1Gpulling manifest [K
pulling 2bada8a74506:  93% ▕████████████████  ▏ 4.3 GB/4.7 GB  4.6 MB/s   1m14s[K[?25h[?2026l[?2026h[?25l[A[1Gpulling manifest [K
pulling 2bada8a74506:  93% ▕████████████████  ▏ 4.3 GB/4.7 GB  4.6 MB/s   1m13s[K[?25h[?2026l[?2026h[?25l[A[1Gpulling manifest [K
pulling 2bada8a74506:  93% ▕████████████████  ▏ 4.3 GB/4.7 GB  4.6 MB/s   1m13s[K[?25h[?2026l[?2026h[?25l[A[1Gpulling manifest [K
pulling 2bada8a74506:  93% ▕████████████████  ▏ 4.3 GB/4.7 GB  4.6 MB/s   1m13s[K[?25h[?2026l[?2026h[?25l[A[1Gpulling manifest [K
pulling 2bada8a74506:  93% ▕████████████████  ▏ 4.3 GB/4.7 GB  4.6 MB/s   1m13s[K[?25h[?2026l[?2026h[?25l[A[1Gpulling manifest [K
pulling 2bada8a74506:  93% ▕████████████████  ▏ 4.3 GB/4.7 GB  4.5 MB/s   1m14s[K[?25h[?2026l[?2026h[?25l[A[1Gpulling manifest [K
pulling 2bada8a74506:  93% ▕████████████████  ▏ 4.3 GB/4.7 GB  4.5 MB/s   1m14s[K[?25h[?2026l[?2026h[?25l[A[1Gpulling manifest [K
pulling 2bada8a74506:  93% ▕████████████████  ▏ 4.3 GB/4.7 GB  4.5 MB/s   1m14s[K[?25h[?2026l[?2026h[?25l[A[1Gpulling manifest [K
pulling 2bada8a74506:  93% ▕████████████████  ▏ 4.4 GB/4.7 GB  4.5 MB/s   1m14s[K[?25h[?2026l[?2026h[?25l[A[1Gpulling manifest [K
pulling 2bada8a74506:  93% ▕████████████████  ▏ 4.4 GB/4.7 GB  4.5 MB/s   1m14s[K[?25h[?2026l[?2026h[?25l[A[1Gpulling manifest [K
pulling 2bada8a74506:  93% ▕████████████████  ▏ 4.4 GB/4.7 GB  4.5 MB/s   1m13s[K[?25h[?2026l[?2026h[?25l[A[1Gpulling manifest [K
pulling 2bada8a74506:  93% ▕████████████████  ▏ 4.4 GB/4.7 GB  4.5 MB/s   1m13s[K[?25h[?2026l[?2026h[?25l[A[1Gpulling manifest [K
pulling 2bada8a74506:  93% ▕████████████████  ▏ 4.4 GB/4.7 GB  4.5 MB/s   1m13s[K[?25h[?2026l[?2026h[?25l[A[1Gpulling manifest [K
pulling 2bada8a74506:  93% ▕████████████████  ▏ 4.4 GB/4.7 GB  4.5 MB/s   1m13s[K[?25h[?2026l[?2026h[?25l[A[1Gpulling manifest [K
pulling 2bada8a74506:  93% ▕████████████████  ▏ 4.4 GB/4.7 GB  4.5 MB/s   1m13s[K[?25h[?2026l[?2026h[?25l[A[1Gpulling manifest [K
pulling 2bada8a74506:  93% ▕████████████████  ▏ 4.4 GB/4.7 GB  4.8 MB/s    1m9s[K[?25h[?2026l[?2026h[?25l[A[1Gpulling manifest [K
pulling 2bada8a74506:  93% ▕████████████████  ▏ 4.4 GB/4.7 GB  4.8 MB/s    1m9s[K[?25h[?2026l[?2026h[?25l[A[1Gpulling manifest [K
pulling 2bada8a74506:  93% ▕████████████████  ▏ 4.4 GB/4.7 GB  4.8 MB/s    1m8s[K[?25h[?2026l[?2026h[?25l[A[1Gpulling manifest [K
pulling 2bada8a74506:  93% ▕████████████████  ▏ 4.4 GB/4.7 GB  4.8 MB/s    1m8s[K[?25h[?2026l[?2026h[?25l[A[1Gpulling manifest [K
pulling 2bada8a74506:  93% ▕████████████████  ▏ 4.4 GB/4.7 GB  4.8 MB/s    1m8s[K[?25h[?2026l[?2026h[?25l[A[1Gpulling manifest [K
pulling 2bada8a74506:  93% ▕████████████████  ▏ 4.4 GB/4.7 GB  4.8 MB/s    1m8s[K[?25h[?2026l[?2026h[?25l[A[1Gpulling manifest [K
pulling 2bada8a74506:  93% ▕████████████████  ▏ 4.4 GB/4.7 GB  4.8 MB/s    1m8s[K[?25h[?2026l[?2026h[?25l[A[1Gpulling manifest [K
pulling 2bada8a74506:  93% ▕████████████████  ▏ 4.4 GB/4.7 GB  4.8 MB/s    1m8s[K[?25h[?2026l[?2026h[?25l[A[1Gpulling manifest [K
pulling 2bada8a74506:  93% ▕████████████████  ▏ 4.4 GB/4.7 GB  4.8 MB/s    1m8s[K[?25h[?2026l[?2026h[?25l[A[1Gpulling manifest [K
pulling 2bada8a74506:  93% ▕████████████████  ▏ 4.4 GB/4.7 GB  4.8 MB/s    1m8s[K[?25h[?2026l[?2026h[?25l[A[1Gpulling manifest [K
pulling 2bada8a74506:  93% ▕████████████████  ▏ 4.4 GB/4.7 GB  4.4 MB/s   1m13s[K[?25h[?2026l[?2026h[?25l[A[1Gpulling manifest [K
pulling 2bada8a74506:  93% ▕████████████████  ▏ 4.4 GB/4.7 GB  4.4 MB/s   1m13s[K[?25h[?2026l[?2026h[?25l[A[1Gpulling manifest [K
pulling 2bada8a74506:  93% ▕████████████████  ▏ 4.4 GB/4.7 GB  4.4 MB/s   1m13s[K[?25h[?2026l[?2026h[?25l[A[1Gpulling manifest [K
pulling 2bada8a74506:  93% ▕████████████████  ▏ 4.4 GB/4.7 GB  4.4 MB/s   1m13s[K[?25h[?2026l[?2026h[?25l[A[1Gpulling manifest [K
pulling 2bada8a74506:  93% ▕████████████████  ▏ 4.4 GB/4.7 GB  4.4 MB/s   1m13s[K[?25h[?2026l[?2026h[?25l[A[1Gpulling manifest [K
pulling 2bada8a74506:  93% ▕████████████████  ▏ 4.4 GB/4.7 GB  4.4 MB/s   1m12s[K[?25h[?2026l[?2026h[?25l[A[1Gpulling manifest [K
pulling 2bada8a74506:  93% ▕████████████████  ▏ 4.4 GB/4.7 GB  4.4 MB/s   1m12s[K[?25h[?2026l[?2026h[?25l[A[1Gpulling manifest [K
pulling 2bada8a74506:  93% ▕████████████████  ▏ 4.4 GB/4.7 GB  4.4 MB/s   1m12s[K[?25h[?2026l[?2026h[?25l[A[1Gpulling manifest [K
pulling 2bada8a74506:  93% ▕████████████████  ▏ 4.4 GB/4.7 GB  4.4 MB/s   1m12s[K[?25h[?2026l[?2026h[?25l[A[1Gpulling manifest [K
pulling 2bada8a74506:  93% ▕████████████████  ▏ 4.4 GB/4.7 GB  4.4 MB/s   1m12s[K[?25h[?2026l[?2026h[?25l[A[1Gpulling manifest [K
pulling 2bada8a74506:  93% ▕████████████████  ▏ 4.4 GB/4.7 GB  4.4 MB/s   1m13s[K[?25h[?2026l[?2026h[?25l[A[1Gpulling manifest [K
pulling 2bada8a74506:  93% ▕████████████████  ▏ 4.4 GB/4.7 GB  4.4 MB/s   1m12s[K[?25h[?2026l[?2026h[?25l[A[1Gpulling manifest [K
pulling 2bada8a74506:  93% ▕████████████████  ▏ 4.4 GB/4.7 GB  4.4 MB/s   1m12s[K[?25h[?2026l[?2026h[?25l[A[1Gpulling manifest [K
pulling 2bada8a74506:  93% ▕████████████████  ▏ 4.4 GB/4.7 GB  4.4 MB/s   1m12s[K[?25h[?2026l[?2026h[?25l[A[1Gpulling manifest [K
pulling 2bada8a74506:  93% ▕████████████████  ▏ 4.4 GB/4.7 GB  4.4 MB/s   1m12s[K[?25h[?2026l[?2026h[?25l[A[1Gpulling manifest [K
pulling 2bada8a74506:  93% ▕████████████████  ▏ 4.4 GB/4.7 GB  4.4 MB/s   1m12s[K[?25h[?2026l[?2026h[?25l[A[1Gpulling manifest [K
pulling 2bada8a74506:  93% ▕████████████████  ▏ 4.4 GB/4.7 GB  4.4 MB/s   1m12s[K[?25h[?2026l[?2026h[?25l[A[1Gpulling manifest [K
pulling 2bada8a74506:  93% ▕████████████████  ▏ 4.4 GB/4.7 GB  4.4 MB/s   1m12s[K[?25h[?2026l[?2026h[?25l[A[1Gpulling manifest [K
pulling 2bada8a74506:  93% ▕████████████████  ▏ 4.4 GB/4.7 GB  4.4 MB/s   1m12s[K[?25h[?2026l[?2026h[?25l[A[1Gpulling manifest [K
pulling 2bada8a74506:  93% ▕████████████████  ▏ 4.4 GB/4.7 GB  4.4 MB/s   1m11s[K[?25h[?2026l[?2026h[?25l[A[1Gpulling manifest [K
pulling 2bada8a74506:  93% ▕████████████████  ▏ 4.4 GB/4.7 GB  4.6 MB/s    1m8s[K[?25h[?2026l[?2026h[?25l[A[1Gpulling manifest [K
pulling 2bada8a74506:  93% ▕████████████████  ▏ 4.4 GB/4.7 GB  4.6 MB/s    1m8s[K[?25h[?2026l[?2026h[?25l[A[1Gpulling manifest [K
pulling 2bada8a74506:  93% ▕████████████████  ▏ 4.4 GB/4.7 GB  4.6 MB/s    1m8s[K[?25h[?2026l[?2026h[?25l[A[1Gpulling manifest [K
pulling 2bada8a74506:  93% ▕████████████████  ▏ 4.4 GB/4.7 GB  4.6 MB/s    1m8s[K[?25h[?2026l[?2026h[?25l[A[1Gpulling manifest [K
pulling 2bada8a74506:  93% ▕████████████████  ▏ 4.4 GB/4.7 GB  4.6 MB/s    1m8s[K[?25h[?2026l[?2026h[?25l[A[1Gpulling manifest [K
pulling 2bada8a74506:  93% ▕████████████████  ▏ 4.4 GB/4.7 GB  4.6 MB/s    1m7s[K[?25h[?2026l[?2026h[?25l[A[1Gpulling manifest [K
pulling 2bada8a74506:  93% ▕████████████████  ▏ 4.4 GB/4.7 GB  4.6 MB/s    1m7s[K[?25h[?2026l[?2026h[?25l[A[1Gpulling manifest [K
pulling 2bada8a74506:  93% ▕████████████████  ▏ 4.4 GB/4.7 GB  4.6 MB/s    1m7s[K[?25h[?2026l[?2026h[?25l[A[1Gpulling manifest [K
pulling 2bada8a74506:  93% ▕████████████████  ▏ 4.4 GB/4.7 GB  4.6 MB/s    1m7s[K[?25h[?2026l[?2026h[?25l[A[1Gpulling manifest [K
pulling 2bada8a74506:  93% ▕████████████████  ▏ 4.4 GB/4.7 GB  4.6 MB/s    1m7s[K[?25h[?2026l[?2026h[?25l[A[1Gpulling manifest [K
pulling 2bada8a74506:  93% ▕████████████████  ▏ 4.4 GB/4.7 GB  4.6 MB/s    1m7s[K[?25h[?2026l[?2026h[?25l[A[1Gpulling manifest [K
pulling 2bada8a74506:  93% ▕████████████████  ▏ 4.4 GB/4.7 GB  4.9 MB/s    1m2s[K[?25h[?2026l[?2026h[?25l[A[1Gpulling manifest [K
pulling 2bada8a74506:  93% ▕████████████████  ▏ 4.4 GB/4.7 GB  4.9 MB/s    1m2s[K[?25h[?2026l[?2026h[?25l[A[1Gpulling manifest [K
pulling 2bada8a74506:  93% ▕████████████████  ▏ 4.4 GB/4.7 GB  4.9 MB/s    1m2s[K[?25h[?2026l[?2026h[?25l[A[1Gpulling manifest [K
pulling 2bada8a74506:  93% ▕████████████████  ▏ 4.4 GB/4.7 GB  4.9 MB/s    1m2s[K[?25h[?2026l[?2026h[?25l[A[1Gpulling manifest [K
pulling 2bada8a74506:  93% ▕████████████████  ▏ 4.4 GB/4.7 GB  4.9 MB/s    1m2s[K[?25h[?2026l[?2026h[?25l[A[1Gpulling manifest [K
pulling 2bada8a74506:  93% ▕████████████████  ▏ 4.4 GB/4.7 GB  4.9 MB/s    1m2s[K[?25h[?2026l[?2026h[?25l[A[1Gpulling manifest [K
pulling 2bada8a74506:  93% ▕████████████████  ▏ 4.4 GB/4.7 GB  4.9 MB/s    1m2s[K[?25h[?2026l[?2026h[?25l[A[1Gpulling manifest [K
pulling 2bada8a74506:  93% ▕████████████████  ▏ 4.4 GB/4.7 GB  4.9 MB/s    1m2s[K[?25h[?2026l[?2026h[?25l[A[1Gpulling manifest [K
pulling 2bada8a74506:  93% ▕████████████████  ▏ 4.4 GB/4.7 GB  4.9 MB/s    1m2s[K[?25h[?2026l[?2026h[?25l[A[1Gpulling manifest [K
pulling 2bada8a74506:  93% ▕████████████████  ▏ 4.4 GB/4.7 GB  4.9 MB/s    1m1s[K[?25h[?2026l[?2026h[?25l[A[1Gpulling manifest [K
pulling 2bada8a74506:  94% ▕████████████████  ▏ 4.4 GB/4.7 GB  5.3 MB/s     57s[K[?25h[?2026l[?2026h[?25l[A[1Gpulling manifest [K
pulling 2bada8a74506:  94% ▕████████████████  ▏ 4.4 GB/4.7 GB  5.3 MB/s     57s[K[?25h[?2026l[?2026h[?25l[A[1Gpulling manifest [K
pulling 2bada8a74506:  94% ▕████████████████  ▏ 4.4 GB/4.7 GB  5.3 MB/s     57s[K[?25h[?2026l[?2026h[?25l[A[1Gpulling manifest [K
pulling 2bada8a74506:  94% ▕████████████████  ▏ 4.4 GB/4.7 GB  5.3 MB/s     57s[K[?25h[?2026l[?2026h[?25l[A[1Gpulling manifest [K
pulling 2bada8a74506:  94% ▕████████████████  ▏ 4.4 GB/4.7 GB  5.3 MB/s     57s[K[?25h[?2026l[?2026h[?25l[A[1Gpulling manifest [K
pulling 2bada8a74506:  94% ▕████████████████  ▏ 4.4 GB/4.7 GB  5.3 MB/s     57s[K[?25h[?2026l[?2026h[?25l[A[1Gpulling manifest [K
pulling 2bada8a74506:  94% ▕████████████████  ▏ 4.4 GB/4.7 GB  5.3 MB/s     57s[K[?25h[?2026l[?2026h[?25l[A[1Gpulling manifest [K
pulling 2bada8a74506:  94% ▕████████████████  ▏ 4.4 GB/4.7 GB  5.3 MB/s     57s[K[?25h[?2026l[?2026h[?25l[A[1Gpulling manifest [K
pulling 2bada8a74506:  94% ▕████████████████  ▏ 4.4 GB/4.7 GB  5.3 MB/s     57s[K[?25h[?2026l[?2026h[?25l[A[1Gpulling manifest [K
pulling 2bada8a74506:  94% ▕████████████████  ▏ 4.4 GB/4.7 GB  5.3 MB/s     57s[K[?25h[?2026l[?2026h[?25l[A[1Gpulling manifest [K
pulling 2bada8a74506:  94% ▕████████████████  ▏ 4.4 GB/4.7 GB  5.1 MB/s     58s[K[?25h[?2026l[?2026h[?25l[A[1Gpulling manifest [K
pulling 2bada8a74506:  94% ▕████████████████  ▏ 4.4 GB/4.7 GB  5.1 MB/s     58s[K[?25h[?2026l[?2026h[?25l[A[1Gpulling manifest [K
pulling 2bada8a74506:  94% ▕████████████████  ▏ 4.4 GB/4.7 GB  5.1 MB/s     58s[K[?25h[?2026l[?2026h[?25l[A[1Gpulling manifest [K
pulling 2bada8a74506:  94% ▕████████████████  ▏ 4.4 GB/4.7 GB  5.1 MB/s     58s[K[?25h[?2026l[?2026h[?25l[A[1Gpulling manifest [K
pulling 2bada8a74506:  94% ▕████████████████  ▏ 4.4 GB/4.7 GB  5.1 MB/s     58s[K[?25h[?2026l[?2026h[?25l[A[1Gpulling manifest [K
pulling 2bada8a74506:  94% ▕████████████████  ▏ 4.4 GB/4.7 GB  5.1 MB/s     58s[K[?25h[?2026l[?2026h[?25l[A[1Gpulling manifest [K
pulling 2bada8a74506:  94% ▕████████████████  ▏ 4.4 GB/4.7 GB  5.1 MB/s     58s[K[?25h[?2026l[?2026h[?25l[A[1Gpulling manifest [K
pulling 2bada8a74506:  94% ▕████████████████  ▏ 4.4 GB/4.7 GB  5.1 MB/s     58s[K[?25h[?2026l[?2026h[?25l[A[1Gpulling manifest [K
pulling 2bada8a74506:  94% ▕████████████████  ▏ 4.4 GB/4.7 GB  5.1 MB/s     58s[K[?25h[?2026l[?2026h[?25l[A[1Gpulling manifest [K
pulling 2bada8a74506:  94% ▕████████████████  ▏ 4.4 GB/4.7 GB  5.1 MB/s     58s[K[?25h[?2026l[?2026h[?25l[A[1Gpulling manifest [K
pulling 2bada8a74506:  94% ▕████████████████  ▏ 4.4 GB/4.7 GB  4.8 MB/s    1m2s[K[?25h[?2026l[?2026h[?25l[A[1Gpulling manifest [K
pulling 2bada8a74506:  94% ▕████████████████  ▏ 4.4 GB/4.7 GB  4.8 MB/s    1m2s[K[?25h[?2026l[?2026h[?25l[A[1Gpulling manifest [K
pulling 2bada8a74506:  94% ▕████████████████  ▏ 4.4 GB/4.7 GB  4.8 MB/s    1m2s[K[?25h[?2026l[?2026h[?25l[A[1Gpulling manifest [K
pulling 2bada8a74506:  94% ▕████████████████  ▏ 4.4 GB/4.7 GB  4.8 MB/s    1m2s[K[?25h[?2026l[?2026h[?25l[A[1Gpulling manifest [K
pulling 2bada8a74506:  94% ▕████████████████  ▏ 4.4 GB/4.7 GB  4.8 MB/s    1m2s[K[?25h[?2026l[?2026h[?25l[A[1Gpulling manifest [K
pulling 2bada8a74506:  94% ▕████████████████  ▏ 4.4 GB/4.7 GB  4.8 MB/s    1m1s[K[?25h[?2026l[?2026h[?25l[A[1Gpulling manifest [K
pulling 2bada8a74506:  94% ▕████████████████  ▏ 4.4 GB/4.7 GB  4.8 MB/s    1m1s[K[?25h[?2026l[?2026h[?25l[A[1Gpulling manifest [K
pulling 2bada8a74506:  94% ▕████████████████  ▏ 4.4 GB/4.7 GB  4.8 MB/s    1m1s[K[?25h[?2026l[?2026h[?25l[A[1Gpulling manifest [K
pulling 2bada8a74506:  94% ▕████████████████  ▏ 4.4 GB/4.7 GB  4.8 MB/s    1m1s[K[?25h[?2026l[?2026h[?25l[A[1Gpulling manifest [K
pulling 2bada8a74506:  94% ▕████████████████  ▏ 4.4 GB/4.7 GB  4.8 MB/s    1m1s[K[?25h[?2026l[?2026h[?25l[A[1Gpulling manifest [K
pulling 2bada8a74506:  94% ▕████████████████  ▏ 4.4 GB/4.7 GB  4.7 MB/s    1m1s[K[?25h[?2026l[?2026h[?25l[A[1Gpulling manifest [K
pulling 2bada8a74506:  94% ▕████████████████  ▏ 4.4 GB/4.7 GB  4.7 MB/s    1m1s[K[?25h[?2026l[?2026h[?25l[A[1Gpulling manifest [K
pulling 2bada8a74506:  94% ▕████████████████  ▏ 4.4 GB/4.7 GB  4.7 MB/s    1m1s[K[?25h[?2026l[?2026h[?25l[A[1Gpulling manifest [K
pulling 2bada8a74506:  94% ▕████████████████  ▏ 4.4 GB/4.7 GB  4.7 MB/s    1m1s[K[?25h[?2026l[?2026h[?25l[A[1Gpulling manifest [K
pulling 2bada8a74506:  94% ▕████████████████  ▏ 4.4 GB/4.7 GB  4.7 MB/s    1m1s[K[?25h[?2026l[?2026h[?25l[A[1Gpulling manifest [K
pulling 2bada8a74506:  94% ▕████████████████  ▏ 4.4 GB/4.7 GB  4.7 MB/s    1m0s[K[?25h[?2026l[?2026h[?25l[A[1Gpulling manifest [K
pulling 2bada8a74506:  94% ▕████████████████  ▏ 4.4 GB/4.7 GB  4.7 MB/s    1m0s[K[?25h[?2026l[?2026h[?25l[A[1Gpulling manifest [K
pulling 2bada8a74506:  94% ▕████████████████  ▏ 4.4 GB/4.7 GB  4.7 MB/s    1m0s[K[?25h[?2026l[?2026h[?25l[A[1Gpulling manifest [K
pulling 2bada8a74506:  94% ▕████████████████  ▏ 4.4 GB/4.7 GB  4.7 MB/s    1m0s[K[?25h[?2026l[?2026h[?25l[A[1Gpulling manifest [K
pulling 2bada8a74506:  94% ▕████████████████  ▏ 4.4 GB/4.7 GB  4.7 MB/s    1m0s[K[?25h[?2026l[?2026h[?25l[A[1Gpulling manifest [K
pulling 2bada8a74506:  94% ▕████████████████  ▏ 4.4 GB/4.7 GB  4.7 MB/s    1m0s[K[?25h[?2026l[?2026h[?25l[A[1Gpulling manifest [K
pulling 2bada8a74506:  94% ▕████████████████  ▏ 4.4 GB/4.7 GB  4.9 MB/s     58s[K[?25h[?2026l[?2026h[?25l[A[1Gpulling manifest [K
pulling 2bada8a74506:  94% ▕████████████████  ▏ 4.4 GB/4.7 GB  4.9 MB/s     58s[K[?25h[?2026l[?2026h[?25l[A[1Gpulling manifest [K
pulling 2bada8a74506:  94% ▕████████████████  ▏ 4.4 GB/4.7 GB  4.9 MB/s     58s[K[?25h[?2026l[?2026h[?25l[A[1Gpulling manifest [K
pulling 2bada8a74506:  94% ▕████████████████  ▏ 4.4 GB/4.7 GB  4.9 MB/s     58s[K[?25h[?2026l[?2026h[?25l[A[1Gpulling manifest [K
pulling 2bada8a74506:  94% ▕████████████████  ▏ 4.4 GB/4.7 GB  4.9 MB/s     58s[K[?25h[?2026l[?2026h[?25l[A[1Gpulling manifest [K
pulling 2bada8a74506:  94% ▕████████████████  ▏ 4.4 GB/4.7 GB  4.9 MB/s     58s[K[?25h[?2026l[?2026h[?25l[A[1Gpulling manifest [K
pulling 2bada8a74506:  94% ▕████████████████  ▏ 4.4 GB/4.7 GB  4.9 MB/s     57s[K[?25h[?2026l[?2026h[?25l[A[1Gpulling manifest [K
pulling 2bada8a74506:  94% ▕████████████████  ▏ 4.4 GB/4.7 GB  4.9 MB/s     57s[K[?25h[?2026l[?2026h[?25l[A[1Gpulling manifest [K
pulling 2bada8a74506:  94% ▕████████████████  ▏ 4.4 GB/4.7 GB  4.9 MB/s     57s[K[?25h[?2026l[?2026h[?25l[A[1Gpulling manifest [K
pulling 2bada8a74506:  94% ▕████████████████  ▏ 4.4 GB/4.7 GB  4.9 MB/s     57s[K[?25h[?2026l[?2026h[?25l[A[1Gpulling manifest [K
pulling 2bada8a74506:  94% ▕████████████████  ▏ 4.4 GB/4.7 GB  4.9 MB/s     57s[K[?25h[?2026l[?2026h[?25l[A[1Gpulling manifest [K
pulling 2bada8a74506:  94% ▕████████████████  ▏ 4.4 GB/4.7 GB  4.9 MB/s     57s[K[?25h[?2026l[?2026h[?25l[A[1Gpulling manifest [K
pulling 2bada8a74506:  94% ▕████████████████  ▏ 4.4 GB/4.7 GB  4.9 MB/s     57s[K[?25h[?2026l[?2026h[?25l[A[1Gpulling manifest [K
pulling 2bada8a74506:  94% ▕████████████████  ▏ 4.4 GB/4.7 GB  4.9 MB/s     56s[K[?25h[?2026l[?2026h[?25l[A[1Gpulling manifest [K
pulling 2bada8a74506:  94% ▕████████████████  ▏ 4.4 GB/4.7 GB  4.9 MB/s     56s[K[?25h[?2026l[?2026h[?25l[A[1Gpulling manifest [K
pulling 2bada8a74506:  94% ▕████████████████  ▏ 4.4 GB/4.7 GB  4.9 MB/s     56s[K[?25h[?2026l[?2026h[?25l[A[1Gpulling manifest [K
pulling 2bada8a74506:  94% ▕████████████████  ▏ 4.4 GB/4.7 GB  4.9 MB/s     56s[K[?25h[?2026l[?2026h[?25l[A[1Gpulling manifest [K
pulling 2bada8a74506:  94% ▕████████████████  ▏ 4.4 GB/4.7 GB  4.9 MB/s     56s[K[?25h[?2026l[?2026h[?25l[A[1Gpulling manifest [K
pulling 2bada8a74506:  94% ▕████████████████  ▏ 4.4 GB/4.7 GB  4.9 MB/s     56s[K[?25h[?2026l[?2026h[?25l[A[1Gpulling manifest [K
pulling 2bada8a74506:  94% ▕████████████████  ▏ 4.4 GB/4.7 GB  4.9 MB/s     56s[K[?25h[?2026l[?2026h[?25l[A[1Gpulling manifest [K
pulling 2bada8a74506:  94% ▕████████████████  ▏ 4.4 GB/4.7 GB  4.9 MB/s     56s[K[?25h[?2026l[?2026h[?25l[A[1Gpulling manifest [K
pulling 2bada8a74506:  94% ▕████████████████  ▏ 4.4 GB/4.7 GB  4.9 MB/s     55s[K[?25h[?2026l[?2026h[?25l[A[1Gpulling manifest [K
pulling 2bada8a74506:  94% ▕████████████████  ▏ 4.4 GB/4.7 GB  4.9 MB/s     55s[K[?25h[?2026l[?2026h[?25l[A[1Gpulling manifest [K
pulling 2bada8a74506:  94% ▕████████████████  ▏ 4.4 GB/4.7 GB  4.9 MB/s     55s[K[?25h[?2026l[?2026h[?25l[A[1Gpulling manifest [K
pulling 2bada8a74506:  94% ▕████████████████  ▏ 4.4 GB/4.7 GB  4.9 MB/s     55s[K[?25h[?2026l[?2026h[?25l[A[1Gpulling manifest [K
pulling 2bada8a74506:  94% ▕████████████████  ▏ 4.4 GB/4.7 GB  4.9 MB/s     55s[K[?25h[?2026l[?2026h[?25l[A[1Gpulling manifest [K
pulling 2bada8a74506:  94% ▕████████████████  ▏ 4.4 GB/4.7 GB  4.9 MB/s     55s[K[?25h[?2026l[?2026h[?25l[A[1Gpulling manifest [K
pulling 2bada8a74506:  94% ▕████████████████  ▏ 4.4 GB/4.7 GB  4.9 MB/s     55s[K[?25h[?2026l[?2026h[?25l[A[1Gpulling manifest [K
pulling 2bada8a74506:  94% ▕████████████████  ▏ 4.4 GB/4.7 GB  4.9 MB/s     55s[K[?25h[?2026l[?2026h[?25l[A[1Gpulling manifest [K
pulling 2bada8a74506:  94% ▕████████████████  ▏ 4.4 GB/4.7 GB  4.9 MB/s     55s[K[?25h[?2026l[?2026h[?25l[A[1Gpulling manifest [K
pulling 2bada8a74506:  94% ▕████████████████  ▏ 4.4 GB/4.7 GB  4.8 MB/s     56s[K[?25h[?2026l[?2026h[?25l[A[1Gpulling manifest [K
pulling 2bada8a74506:  94% ▕████████████████  ▏ 4.4 GB/4.7 GB  4.8 MB/s     56s[K[?25h[?2026l[?2026h[?25l[A[1Gpulling manifest [K
pulling 2bada8a74506:  94% ▕████████████████  ▏ 4.4 GB/4.7 GB  4.8 MB/s     56s[K[?25h[?2026l[?2026h[?25l[A[1Gpulling manifest [K
pulling 2bada8a74506:  94% ▕████████████████  ▏ 4.4 GB/4.7 GB  4.8 MB/s     56s[K[?25h[?2026l[?2026h[?25l[A[1Gpulling manifest [K
pulling 2bada8a74506:  94% ▕████████████████  ▏ 4.4 GB/4.7 GB  4.8 MB/s     56s[K[?25h[?2026l[?2026h[?25l[A[1Gpulling manifest [K
pulling 2bada8a74506:  94% ▕████████████████  ▏ 4.4 GB/4.7 GB  4.8 MB/s     56s[K[?25h[?2026l[?2026h[?25l[A[1Gpulling manifest [K
pulling 2bada8a74506:  94% ▕████████████████  ▏ 4.4 GB/4.7 GB  4.8 MB/s     56s[K[?25h[?2026l[?2026h[?25l[A[1Gpulling manifest [K
pulling 2bada8a74506:  94% ▕████████████████  ▏ 4.4 GB/4.7 GB  4.8 MB/s     56s[K[?25h[?2026l[?2026h[?25l[A[1Gpulling manifest [K
pulling 2bada8a74506:  94% ▕████████████████  ▏ 4.4 GB/4.7 GB  4.8 MB/s     56s[K[?25h[?2026l[?2026h[?25l[A[1Gpulling manifest [K
pulling 2bada8a74506:  94% ▕████████████████  ▏ 4.4 GB/4.7 GB  4.8 MB/s     55s[K[?25h[?2026l[?2026h[?25l[A[1Gpulling manifest [K
pulling 2bada8a74506:  94% ▕████████████████  ▏ 4.4 GB/4.7 GB  4.7 MB/s     56s[K[?25h[?2026l[?2026h[?25l[A[1Gpulling manifest [K
pulling 2bada8a74506:  94% ▕████████████████  ▏ 4.4 GB/4.7 GB  4.7 MB/s     56s[K[?25h[?2026l[?2026h[?25l[A[1Gpulling manifest [K
pulling 2bada8a74506:  94% ▕████████████████  ▏ 4.4 GB/4.7 GB  4.7 MB/s     56s[K[?25h[?2026l[?2026h[?25l[A[1Gpulling manifest [K
pulling 2bada8a74506:  94% ▕████████████████  ▏ 4.4 GB/4.7 GB  4.7 MB/s     56s[K[?25h[?2026l[?2026h[?25l[A[1Gpulling manifest [K
pulling 2bada8a74506:  94% ▕████████████████  ▏ 4.4 GB/4.7 GB  4.7 MB/s     56s[K[?25h[?2026l[?2026h[?25l[A[1Gpulling manifest [K
pulling 2bada8a74506:  94% ▕████████████████  ▏ 4.4 GB/4.7 GB  4.7 MB/s     56s[K[?25h[?2026l[?2026h[?25l[A[1Gpulling manifest [K
pulling 2bada8a74506:  94% ▕████████████████  ▏ 4.4 GB/4.7 GB  4.7 MB/s     56s[K[?25h[?2026l[?2026h[?25l[A[1Gpulling manifest [K
pulling 2bada8a74506:  94% ▕████████████████  ▏ 4.4 GB/4.7 GB  4.7 MB/s     56s[K[?25h[?2026l[?2026h[?25l[A[1Gpulling manifest [K
pulling 2bada8a74506:  94% ▕████████████████  ▏ 4.4 GB/4.7 GB  4.7 MB/s     55s[K[?25h[?2026l[?2026h[?25l[A[1Gpulling manifest [K
pulling 2bada8a74506:  94% ▕████████████████  ▏ 4.4 GB/4.7 GB  4.7 MB/s     55s[K[?25h[?2026l[?2026h[?25l[A[1Gpulling manifest [K
pulling 2bada8a74506:  94% ▕████████████████  ▏ 4.4 GB/4.7 GB  4.7 MB/s     55s[K[?25h[?2026l[?2026h[?25l[A[1Gpulling manifest [K
pulling 2bada8a74506:  94% ▕████████████████  ▏ 4.4 GB/4.7 GB  4.9 MB/s     53s[K[?25h[?2026l[?2026h[?25l[A[1Gpulling manifest [K
pulling 2bada8a74506:  94% ▕█████████████████ ▏ 4.4 GB/4.7 GB  4.9 MB/s     53s[K[?25h[?2026l[?2026h[?25l[A[1Gpulling manifest [K
pulling 2bada8a74506:  94% ▕█████████████████ ▏ 4.4 GB/4.7 GB  4.9 MB/s     53s[K[?25h[?2026l[?2026h[?25l[A[1Gpulling manifest [K
pulling 2bada8a74506:  94% ▕█████████████████ ▏ 4.4 GB/4.7 GB  4.9 MB/s     53s[K[?25h[?2026l[?2026h[?25l[A[1Gpulling manifest [K
pulling 2bada8a74506:  94% ▕█████████████████ ▏ 4.4 GB/4.7 GB  4.9 MB/s     53s[K[?25h[?2026l[?2026h[?25l[A[1Gpulling manifest [K
pulling 2bada8a74506:  94% ▕█████████████████ ▏ 4.4 GB/4.7 GB  4.9 MB/s     53s[K[?25h[?2026l[?2026h[?25l[A[1Gpulling manifest [K
pulling 2bada8a74506:  94% ▕█████████████████ ▏ 4.4 GB/4.7 GB  4.9 MB/s     53s[K[?25h[?2026l[?2026h[?25l[A[1Gpulling manifest [K
pulling 2bada8a74506:  95% ▕█████████████████ ▏ 4.4 GB/4.7 GB  4.9 MB/s     52s[K[?25h[?2026l[?2026h[?25l[A[1Gpulling manifest [K
pulling 2bada8a74506:  95% ▕█████████████████ ▏ 4.4 GB/4.7 GB  4.9 MB/s     52s[K[?25h[?2026l[?2026h[?25l[A[1Gpulling manifest [K
pulling 2bada8a74506:  95% ▕█████████████████ ▏ 4.4 GB/4.7 GB  4.9 MB/s     52s[K[?25h[?2026l[?2026h[?25l[A[1Gpulling manifest [K
pulling 2bada8a74506:  95% ▕█████████████████ ▏ 4.4 GB/4.7 GB  4.9 MB/s     51s[K[?25h[?2026l[?2026h[?25l[A[1Gpulling manifest [K
pulling 2bada8a74506:  95% ▕█████████████████ ▏ 4.4 GB/4.7 GB  4.9 MB/s     51s[K[?25h[?2026l[?2026h[?25l[A[1Gpulling manifest [K
pulling 2bada8a74506:  95% ▕█████████████████ ▏ 4.4 GB/4.7 GB  4.9 MB/s     51s[K[?25h[?2026l[?2026h[?25l[A[1Gpulling manifest [K
pulling 2bada8a74506:  95% ▕█████████████████ ▏ 4.4 GB/4.7 GB  4.9 MB/s     51s[K[?25h[?2026l[?2026h[?25l[A[1Gpulling manifest [K
pulling 2bada8a74506:  95% ▕█████████████████ ▏ 4.4 GB/4.7 GB  4.9 MB/s     51s[K[?25h[?2026l[?2026h[?25l[A[1Gpulling manifest [K
pulling 2bada8a74506:  95% ▕█████████████████ ▏ 4.4 GB/4.7 GB  4.9 MB/s     51s[K[?25h[?2026l[?2026h[?25l[A[1Gpulling manifest [K
pulling 2bada8a74506:  95% ▕█████████████████ ▏ 4.4 GB/4.7 GB  4.9 MB/s     51s[K[?25h[?2026l[?2026h[?25l[A[1Gpulling manifest [K
pulling 2bada8a74506:  95% ▕█████████████████ ▏ 4.4 GB/4.7 GB  4.9 MB/s     51s[K[?25h[?2026l[?2026h[?25l[A[1Gpulling manifest [K
pulling 2bada8a74506:  95% ▕█████████████████ ▏ 4.4 GB/4.7 GB  4.9 MB/s     51s[K[?25h[?2026l[?2026h[?25l[A[1Gpulling manifest [K
pulling 2bada8a74506:  95% ▕█████████████████ ▏ 4.4 GB/4.7 GB  4.9 MB/s     50s[K[?25h[?2026l[?2026h[?25l[A[1Gpulling manifest [K
pulling 2bada8a74506:  95% ▕█████████████████ ▏ 4.4 GB/4.7 GB  5.0 MB/s     50s[K[?25h[?2026l[?2026h[?25l[A[1Gpulling manifest [K
pulling 2bada8a74506:  95% ▕█████████████████ ▏ 4.4 GB/4.7 GB  5.0 MB/s     50s[K[?25h[?2026l[?2026h[?25l[A[1Gpulling manifest [K
pulling 2bada8a74506:  95% ▕█████████████████ ▏ 4.4 GB/4.7 GB  5.0 MB/s     49s[K[?25h[?2026l[?2026h[?25l[A[1Gpulling manifest [K
pulling 2bada8a74506:  95% ▕█████████████████ ▏ 4.4 GB/4.7 GB  5.0 MB/s     49s[K[?25h[?2026l[?2026h[?25l[A[1Gpulling manifest [K
pulling 2bada8a74506:  95% ▕█████████████████ ▏ 4.4 GB/4.7 GB  5.0 MB/s     49s[K[?25h[?2026l[?2026h[?25l[A[1Gpulling manifest [K
pulling 2bada8a74506:  95% ▕█████████████████ ▏ 4.4 GB/4.7 GB  5.0 MB/s     49s[K[?25h[?2026l[?2026h[?25l[A[1Gpulling manifest [K
pulling 2bada8a74506:  95% ▕█████████████████ ▏ 4.4 GB/4.7 GB  5.0 MB/s     49s[K[?25h[?2026l[?2026h[?25l[A[1Gpulling manifest [K
pulling 2bada8a74506:  95% ▕█████████████████ ▏ 4.4 GB/4.7 GB  5.0 MB/s     49s[K[?25h[?2026l[?2026h[?25l[A[1Gpulling manifest [K
pulling 2bada8a74506:  95% ▕█████████████████ ▏ 4.4 GB/4.7 GB  5.0 MB/s     49s[K[?25h[?2026l[?2026h[?25l[A[1Gpulling manifest [K
pulling 2bada8a74506:  95% ▕█████████████████ ▏ 4.4 GB/4.7 GB  5.0 MB/s     49s[K[?25h[?2026l[?2026h[?25l[A[1Gpulling manifest [K
pulling 2bada8a74506:  95% ▕█████████████████ ▏ 4.4 GB/4.7 GB  5.1 MB/s     48s[K[?25h[?2026l[?2026h[?25l[A[1Gpulling manifest [K
pulling 2bada8a74506:  95% ▕█████████████████ ▏ 4.4 GB/4.7 GB  5.1 MB/s     48s[K[?25h[?2026l[?2026h[?25l[A[1Gpulling manifest [K
pulling 2bada8a74506:  95% ▕█████████████████ ▏ 4.4 GB/4.7 GB  5.1 MB/s     48s[K[?25h[?2026l[?2026h[?25l[A[1Gpulling manifest [K
pulling 2bada8a74506:  95% ▕█████████████████ ▏ 4.4 GB/4.7 GB  5.1 MB/s     48s[K[?25h[?2026l[?2026h[?25l[A[1Gpulling manifest [K
pulling 2bada8a74506:  95% ▕█████████████████ ▏ 4.4 GB/4.7 GB  5.1 MB/s     48s[K[?25h[?2026l[?2026h[?25l[A[1Gpulling manifest [K
pulling 2bada8a74506:  95% ▕█████████████████ ▏ 4.4 GB/4.7 GB  5.1 MB/s     48s[K[?25h[?2026l[?2026h[?25l[A[1Gpulling manifest [K
pulling 2bada8a74506:  95% ▕█████████████████ ▏ 4.4 GB/4.7 GB  5.1 MB/s     47s[K[?25h[?2026l[?2026h[?25l[A[1Gpulling manifest [K
pulling 2bada8a74506:  95% ▕█████████████████ ▏ 4.4 GB/4.7 GB  5.1 MB/s     47s[K[?25h[?2026l[?2026h[?25l[A[1Gpulling manifest [K
pulling 2bada8a74506:  95% ▕█████████████████ ▏ 4.4 GB/4.7 GB  5.1 MB/s     47s[K[?25h[?2026l[?2026h[?25l[A[1Gpulling manifest [K
pulling 2bada8a74506:  95% ▕█████████████████ ▏ 4.4 GB/4.7 GB  5.1 MB/s     47s[K[?25h[?2026l[?2026h[?25l[A[1Gpulling manifest [K
pulling 2bada8a74506:  95% ▕█████████████████ ▏ 4.4 GB/4.7 GB  4.8 MB/s     50s[K[?25h[?2026l[?2026h[?25l[A[1Gpulling manifest [K
pulling 2bada8a74506:  95% ▕█████████████████ ▏ 4.4 GB/4.7 GB  4.8 MB/s     50s[K[?25h[?2026l[?2026h[?25l[A[1Gpulling manifest [K
pulling 2bada8a74506:  95% ▕█████████████████ ▏ 4.4 GB/4.7 GB  4.8 MB/s     50s[K[?25h[?2026l[?2026h[?25l[A[1Gpulling manifest [K
pulling 2bada8a74506:  95% ▕█████████████████ ▏ 4.4 GB/4.7 GB  4.8 MB/s     50s[K[?25h[?2026l[?2026h[?25l[A[1Gpulling manifest [K
pulling 2bada8a74506:  95% ▕█████████████████ ▏ 4.4 GB/4.7 GB  4.8 MB/s     50s[K[?25h[?2026l[?2026h[?25l[A[1Gpulling manifest [K
pulling 2bada8a74506:  95% ▕█████████████████ ▏ 4.4 GB/4.7 GB  4.8 MB/s     50s[K[?25h[?2026l[?2026h[?25l[A[1Gpulling manifest [K
pulling 2bada8a74506:  95% ▕█████████████████ ▏ 4.4 GB/4.7 GB  4.8 MB/s     50s[K[?25h[?2026l[?2026h[?25l[A[1Gpulling manifest [K
pulling 2bada8a74506:  95% ▕█████████████████ ▏ 4.4 GB/4.7 GB  4.8 MB/s     49s[K[?25h[?2026l[?2026h[?25l[A[1Gpulling manifest [K
pulling 2bada8a74506:  95% ▕█████████████████ ▏ 4.4 GB/4.7 GB  4.8 MB/s     49s[K[?25h[?2026l[?2026h[?25l[A[1Gpulling manifest [K
pulling 2bada8a74506:  95% ▕█████████████████ ▏ 4.4 GB/4.7 GB  4.8 MB/s     49s[K[?25h[?2026l[?2026h[?25l[A[1Gpulling manifest [K
pulling 2bada8a74506:  95% ▕█████████████████ ▏ 4.4 GB/4.7 GB  4.8 MB/s     49s[K[?25h[?2026l[?2026h[?25l[A[1Gpulling manifest [K
pulling 2bada8a74506:  95% ▕█████████████████ ▏ 4.4 GB/4.7 GB  4.6 MB/s     52s[K[?25h[?2026l[?2026h[?25l[A[1Gpulling manifest [K
pulling 2bada8a74506:  95% ▕█████████████████ ▏ 4.4 GB/4.7 GB  4.6 MB/s     52s[K[?25h[?2026l[?2026h[?25l[A[1Gpulling manifest [K
pulling 2bada8a74506:  95% ▕█████████████████ ▏ 4.4 GB/4.7 GB  4.6 MB/s     52s[K[?25h[?2026l[?2026h[?25l[A[1Gpulling manifest [K
pulling 2bada8a74506:  95% ▕█████████████████ ▏ 4.4 GB/4.7 GB  4.6 MB/s     51s[K[?25h[?2026l[?2026h[?25l[A[1Gpulling manifest [K
pulling 2bada8a74506:  95% ▕█████████████████ ▏ 4.4 GB/4.7 GB  4.6 MB/s     51s[K[?25h[?2026l[?2026h[?25l[A[1Gpulling manifest [K
pulling 2bada8a74506:  95% ▕█████████████████ ▏ 4.4 GB/4.7 GB  4.6 MB/s     51s[K[?25h[?2026l[?2026h[?25l[A[1Gpulling manifest [K
pulling 2bada8a74506:  95% ▕█████████████████ ▏ 4.4 GB/4.7 GB  4.6 MB/s     51s[K[?25h[?2026l[?2026h[?25l[A[1Gpulling manifest [K
pulling 2bada8a74506:  95% ▕█████████████████ ▏ 4.4 GB/4.7 GB  4.6 MB/s     51s[K[?25h[?2026l[?2026h[?25l[A[1Gpulling manifest [K
pulling 2bada8a74506:  95% ▕█████████████████ ▏ 4.4 GB/4.7 GB  4.6 MB/s     51s[K[?25h[?2026l[?2026h[?25l[A[1Gpulling manifest [K
pulling 2bada8a74506:  95% ▕█████████████████ ▏ 4.4 GB/4.7 GB  4.6 MB/s     51s[K[?25h[?2026l[?2026h[?25l[A[1Gpulling manifest [K
pulling 2bada8a74506:  95% ▕█████████████████ ▏ 4.4 GB/4.7 GB  4.6 MB/s     50s[K[?25h[?2026l[?2026h[?25l[A[1Gpulling manifest [K
pulling 2bada8a74506:  95% ▕█████████████████ ▏ 4.5 GB/4.7 GB  4.6 MB/s     50s[K[?25h[?2026l[?2026h[?25l[A[1Gpulling manifest [K
pulling 2bada8a74506:  95% ▕█████████████████ ▏ 4.5 GB/4.7 GB  4.6 MB/s     50s[K[?25h[?2026l[?2026h[?25l[A[1Gpulling manifest [K
pulling 2bada8a74506:  95% ▕█████████████████ ▏ 4.5 GB/4.7 GB  4.6 MB/s     49s[K[?25h[?2026l[?2026h[?25l[A[1Gpulling manifest [K
pulling 2bada8a74506:  95% ▕█████████████████ ▏ 4.5 GB/4.7 GB  4.6 MB/s     49s[K[?25h[?2026l[?2026h[?25l[A[1Gpulling manifest [K
pulling 2bada8a74506:  95% ▕█████████████████ ▏ 4.5 GB/4.7 GB  4.6 MB/s     49s[K[?25h[?2026l[?2026h[?25l[A[1Gpulling manifest [K
pulling 2bada8a74506:  95% ▕█████████████████ ▏ 4.5 GB/4.7 GB  4.6 MB/s     49s[K[?25h[?2026l[?2026h[?25l[A[1Gpulling manifest [K
pulling 2bada8a74506:  95% ▕█████████████████ ▏ 4.5 GB/4.7 GB  4.6 MB/s     49s[K[?25h[?2026l[?2026h[?25l[A[1Gpulling manifest [K
pulling 2bada8a74506:  95% ▕█████████████████ ▏ 4.5 GB/4.7 GB  4.6 MB/s     49s[K[?25h[?2026l[?2026h[?25l[A[1Gpulling manifest [K
pulling 2bada8a74506:  95% ▕█████████████████ ▏ 4.5 GB/4.7 GB  4.6 MB/s     49s[K[?25h[?2026l[?2026h[?25l[A[1Gpulling manifest [K
pulling 2bada8a74506:  95% ▕█████████████████ ▏ 4.5 GB/4.7 GB  4.9 MB/s     46s[K[?25h[?2026l[?2026h[?25l[A[1Gpulling manifest [K
pulling 2bada8a74506:  95% ▕█████████████████ ▏ 4.5 GB/4.7 GB  4.9 MB/s     45s[K[?25h[?2026l[?2026h[?25l[A[1Gpulling manifest [K
pulling 2bada8a74506:  95% ▕█████████████████ ▏ 4.5 GB/4.7 GB  4.9 MB/s     45s[K[?25h[?2026l[?2026h[?25l[A[1Gpulling manifest [K
pulling 2bada8a74506:  95% ▕█████████████████ ▏ 4.5 GB/4.7 GB  4.9 MB/s     45s[K[?25h[?2026l[?2026h[?25l[A[1Gpulling manifest [K
pulling 2bada8a74506:  95% ▕█████████████████ ▏ 4.5 GB/4.7 GB  4.9 MB/s     45s[K[?25h[?2026l[?2026h[?25l[A[1Gpulling manifest [K
pulling 2bada8a74506:  95% ▕█████████████████ ▏ 4.5 GB/4.7 GB  4.9 MB/s     45s[K[?25h[?2026l[?2026h[?25l[A[1Gpulling manifest [K
pulling 2bada8a74506:  95% ▕█████████████████ ▏ 4.5 GB/4.7 GB  4.9 MB/s     45s[K[?25h[?2026l[?2026h[?25l[A[1Gpulling manifest [K
pulling 2bada8a74506:  95% ▕█████████████████ ▏ 4.5 GB/4.7 GB  4.9 MB/s     45s[K[?25h[?2026l[?2026h[?25l[A[1Gpulling manifest [K
pulling 2bada8a74506:  95% ▕█████████████████ ▏ 4.5 GB/4.7 GB  4.9 MB/s     45s[K[?25h[?2026l[?2026h[?25l[A[1Gpulling manifest [K
pulling 2bada8a74506:  95% ▕█████████████████ ▏ 4.5 GB/4.7 GB  4.9 MB/s     45s[K[?25h[?2026l[?2026h[?25l[A[1Gpulling manifest [K
pulling 2bada8a74506:  95% ▕█████████████████ ▏ 4.5 GB/4.7 GB  5.0 MB/s     44s[K[?25h[?2026l[?2026h[?25l[A[1Gpulling manifest [K
pulling 2bada8a74506:  95% ▕█████████████████ ▏ 4.5 GB/4.7 GB  5.0 MB/s     43s[K[?25h[?2026l[?2026h[?25l[A[1Gpulling manifest [K
pulling 2bada8a74506:  95% ▕█████████████████ ▏ 4.5 GB/4.7 GB  5.0 MB/s     43s[K[?25h[?2026l[?2026h[?25l[A[1Gpulling manifest [K
pulling 2bada8a74506:  95% ▕█████████████████ ▏ 4.5 GB/4.7 GB  5.0 MB/s     43s[K[?25h[?2026l[?2026h[?25l[A[1Gpulling manifest [K
pulling 2bada8a74506:  95% ▕█████████████████ ▏ 4.5 GB/4.7 GB  5.0 MB/s     43s[K[?25h[?2026l[?2026h[?25l[A[1Gpulling manifest [K
pulling 2bada8a74506:  95% ▕█████████████████ ▏ 4.5 GB/4.7 GB  5.0 MB/s     43s[K[?25h[?2026l[?2026h[?25l[A[1Gpulling manifest [K
pulling 2bada8a74506:  95% ▕█████████████████ ▏ 4.5 GB/4.7 GB  5.0 MB/s     43s[K[?25h[?2026l[?2026h[?25l[A[1Gpulling manifest [K
pulling 2bada8a74506:  95% ▕█████████████████ ▏ 4.5 GB/4.7 GB  5.0 MB/s     43s[K[?25h[?2026l[?2026h[?25l[A[1Gpulling manifest [K
pulling 2bada8a74506:  95% ▕█████████████████ ▏ 4.5 GB/4.7 GB  5.0 MB/s     43s[K[?25h[?2026l[?2026h[?25l[A[1Gpulling manifest [K
pulling 2bada8a74506:  95% ▕█████████████████ ▏ 4.5 GB/4.7 GB  5.0 MB/s     43s[K[?25h[?2026l[?2026h[?25l[A[1Gpulling manifest [K
pulling 2bada8a74506:  95% ▕█████████████████ ▏ 4.5 GB/4.7 GB  4.9 MB/s     44s[K[?25h[?2026l[?2026h[?25l[A[1Gpulling manifest [K
pulling 2bada8a74506:  95% ▕█████████████████ ▏ 4.5 GB/4.7 GB  4.9 MB/s     44s[K[?25h[?2026l[?2026h[?25l[A[1Gpulling manifest [K
pulling 2bada8a74506:  95% ▕█████████████████ ▏ 4.5 GB/4.7 GB  4.9 MB/s     44s[K[?25h[?2026l[?2026h[?25l[A[1Gpulling manifest [K
pulling 2bada8a74506:  95% ▕█████████████████ ▏ 4.5 GB/4.7 GB  4.9 MB/s     44s[K[?25h[?2026l[?2026h[?25l[A[1Gpulling manifest [K
pulling 2bada8a74506:  95% ▕█████████████████ ▏ 4.5 GB/4.7 GB  4.9 MB/s     44s[K[?25h[?2026l[?2026h[?25l[A[1Gpulling manifest [K
pulling 2bada8a74506:  95% ▕█████████████████ ▏ 4.5 GB/4.7 GB  4.9 MB/s     44s[K[?25h[?2026l[?2026h[?25l[A[1Gpulling manifest [K
pulling 2bada8a74506:  95% ▕█████████████████ ▏ 4.5 GB/4.7 GB  4.9 MB/s     43s[K[?25h[?2026l[?2026h[?25l[A[1Gpulling manifest [K
pulling 2bada8a74506:  95% ▕█████████████████ ▏ 4.5 GB/4.7 GB  4.9 MB/s     43s[K[?25h[?2026l[?2026h[?25l[A[1Gpulling manifest [K
pulling 2bada8a74506:  95% ▕█████████████████ ▏ 4.5 GB/4.7 GB  4.9 MB/s     43s[K[?25h[?2026l[?2026h[?25l[A[1Gpulling manifest [K
pulling 2bada8a74506:  95% ▕█████████████████ ▏ 4.5 GB/4.7 GB  4.9 MB/s     43s[K[?25h[?2026l[?2026h[?25l[A[1Gpulling manifest [K
pulling 2bada8a74506:  95% ▕█████████████████ ▏ 4.5 GB/4.7 GB  4.9 MB/s     43s[K[?25h[?2026l[?2026h[?25l[A[1Gpulling manifest [K
pulling 2bada8a74506:  95% ▕█████████████████ ▏ 4.5 GB/4.7 GB  4.8 MB/s     43s[K[?25h[?2026l[?2026h[?25l[A[1Gpulling manifest [K
pulling 2bada8a74506:  95% ▕█████████████████ ▏ 4.5 GB/4.7 GB  4.8 MB/s     43s[K[?25h[?2026l[?2026h[?25l[A[1Gpulling manifest [K
pulling 2bada8a74506:  95% ▕█████████████████ ▏ 4.5 GB/4.7 GB  4.8 MB/s     43s[K[?25h[?2026l[?2026h[?25l[A[1Gpulling manifest [K
pulling 2bada8a74506:  96% ▕█████████████████ ▏ 4.5 GB/4.7 GB  4.8 MB/s     43s[K[?25h[?2026l[?2026h[?25l[A[1Gpulling manifest [K
pulling 2bada8a74506:  96% ▕█████████████████ ▏ 4.5 GB/4.7 GB  4.8 MB/s     43s[K[?25h[?2026l[?2026h[?25l[A[1Gpulling manifest [K
pulling 2bada8a74506:  96% ▕█████████████████ ▏ 4.5 GB/4.7 GB  4.8 MB/s     43s[K[?25h[?2026l[?2026h[?25l[A[1Gpulling manifest [K
pulling 2bada8a74506:  96% ▕█████████████████ ▏ 4.5 GB/4.7 GB  4.8 MB/s     43s[K[?25h[?2026l[?2026h[?25l[A[1Gpulling manifest [K
pulling 2bada8a74506:  96% ▕█████████████████ ▏ 4.5 GB/4.7 GB  4.8 MB/s     43s[K[?25h[?2026l[?2026h[?25l[A[1Gpulling manifest [K
pulling 2bada8a74506:  96% ▕█████████████████ ▏ 4.5 GB/4.7 GB  4.8 MB/s     42s[K[?25h[?2026l[?2026h[?25l[A[1Gpulling manifest [K
pulling 2bada8a74506:  96% ▕█████████████████ ▏ 4.5 GB/4.7 GB  4.8 MB/s     42s[K[?25h[?2026l[?2026h[?25l[A[1Gpulling manifest [K
pulling 2bada8a74506:  96% ▕█████████████████ ▏ 4.5 GB/4.7 GB  4.9 MB/s     42s[K[?25h[?2026l[?2026h[?25l[A[1Gpulling manifest [K
pulling 2bada8a74506:  96% ▕█████████████████ ▏ 4.5 GB/4.7 GB  4.9 MB/s     42s[K[?25h[?2026l[?2026h[?25l[A[1Gpulling manifest [K
pulling 2bada8a74506:  96% ▕█████████████████ ▏ 4.5 GB/4.7 GB  4.9 MB/s     41s[K[?25h[?2026l[?2026h[?25l[A[1Gpulling manifest [K
pulling 2bada8a74506:  96% ▕█████████████████ ▏ 4.5 GB/4.7 GB  4.9 MB/s     41s[K[?25h[?2026l[?2026h[?25l[A[1Gpulling manifest [K
pulling 2bada8a74506:  96% ▕█████████████████ ▏ 4.5 GB/4.7 GB  4.9 MB/s     41s[K[?25h[?2026l[?2026h[?25l[A[1Gpulling manifest [K
pulling 2bada8a74506:  96% ▕█████████████████ ▏ 4.5 GB/4.7 GB  4.9 MB/s     41s[K[?25h[?2026l[?2026h[?25l[A[1Gpulling manifest [K
pulling 2bada8a74506:  96% ▕█████████████████ ▏ 4.5 GB/4.7 GB  4.9 MB/s     41s[K[?25h[?2026l[?2026h[?25l[A[1Gpulling manifest [K
pulling 2bada8a74506:  96% ▕█████████████████ ▏ 4.5 GB/4.7 GB  4.9 MB/s     41s[K[?25h[?2026l[?2026h[?25l[A[1Gpulling manifest [K
pulling 2bada8a74506:  96% ▕█████████████████ ▏ 4.5 GB/4.7 GB  4.9 MB/s     41s[K[?25h[?2026l[?2026h[?25l[A[1Gpulling manifest [K
pulling 2bada8a74506:  96% ▕█████████████████ ▏ 4.5 GB/4.7 GB  4.9 MB/s     41s[K[?25h[?2026l[?2026h[?25l[A[1Gpulling manifest [K
pulling 2bada8a74506:  96% ▕█████████████████ ▏ 4.5 GB/4.7 GB  4.8 MB/s     42s[K[?25h[?2026l[?2026h[?25l[A[1Gpulling manifest [K
pulling 2bada8a74506:  96% ▕█████████████████ ▏ 4.5 GB/4.7 GB  4.8 MB/s     41s[K[?25h[?2026l[?2026h[?25l[A[1Gpulling manifest [K
pulling 2bada8a74506:  96% ▕█████████████████ ▏ 4.5 GB/4.7 GB  4.8 MB/s     41s[K[?25h[?2026l[?2026h[?25l[A[1Gpulling manifest [K
pulling 2bada8a74506:  96% ▕█████████████████ ▏ 4.5 GB/4.7 GB  4.8 MB/s     41s[K[?25h[?2026l[?2026h[?25l[A[1Gpulling manifest [K
pulling 2bada8a74506:  96% ▕█████████████████ ▏ 4.5 GB/4.7 GB  4.8 MB/s     41s[K[?25h[?2026l[?2026h[?25l[A[1Gpulling manifest [K
pulling 2bada8a74506:  96% ▕█████████████████ ▏ 4.5 GB/4.7 GB  4.8 MB/s     41s[K[?25h[?2026l[?2026h[?25l[A[1Gpulling manifest [K
pulling 2bada8a74506:  96% ▕█████████████████ ▏ 4.5 GB/4.7 GB  4.8 MB/s     41s[K[?25h[?2026l[?2026h[?25l[A[1Gpulling manifest [K
pulling 2bada8a74506:  96% ▕█████████████████ ▏ 4.5 GB/4.7 GB  4.8 MB/s     41s[K[?25h[?2026l[?2026h[?25l[A[1Gpulling manifest [K
pulling 2bada8a74506:  96% ▕█████████████████ ▏ 4.5 GB/4.7 GB  4.8 MB/s     41s[K[?25h[?2026l[?2026h[?25l[A[1Gpulling manifest [K
pulling 2bada8a74506:  96% ▕█████████████████ ▏ 4.5 GB/4.7 GB  4.8 MB/s     41s[K[?25h[?2026l[?2026h[?25l[A[1Gpulling manifest [K
pulling 2bada8a74506:  96% ▕█████████████████ ▏ 4.5 GB/4.7 GB  4.7 MB/s     42s[K[?25h[?2026l[?2026h[?25l[A[1Gpulling manifest [K
pulling 2bada8a74506:  96% ▕█████████████████ ▏ 4.5 GB/4.7 GB  4.7 MB/s     42s[K[?25h[?2026l[?2026h[?25l[A[1Gpulling manifest [K
pulling 2bada8a74506:  96% ▕█████████████████ ▏ 4.5 GB/4.7 GB  4.7 MB/s     41s[K[?25h[?2026l[?2026h[?25l[A[1Gpulling manifest [K
pulling 2bada8a74506:  96% ▕█████████████████ ▏ 4.5 GB/4.7 GB  4.7 MB/s     41s[K[?25h[?2026l[?2026h[?25l[A[1Gpulling manifest [K
pulling 2bada8a74506:  96% ▕█████████████████ ▏ 4.5 GB/4.7 GB  4.7 MB/s     41s[K[?25h[?2026l[?2026h[?25l[A[1Gpulling manifest [K
pulling 2bada8a74506:  96% ▕█████████████████ ▏ 4.5 GB/4.7 GB  4.7 MB/s     41s[K[?25h[?2026l[?2026h[?25l[A[1Gpulling manifest [K
pulling 2bada8a74506:  96% ▕█████████████████ ▏ 4.5 GB/4.7 GB  4.7 MB/s     41s[K[?25h[?2026l[?2026h[?25l[A[1Gpulling manifest [K
pulling 2bada8a74506:  96% ▕█████████████████ ▏ 4.5 GB/4.7 GB  4.7 MB/s     41s[K[?25h[?2026l[?2026h[?25l[A[1Gpulling manifest [K
pulling 2bada8a74506:  96% ▕█████████████████ ▏ 4.5 GB/4.7 GB  4.7 MB/s     41s[K[?25h[?2026l[?2026h[?25l[A[1Gpulling manifest [K
pulling 2bada8a74506:  96% ▕█████████████████ ▏ 4.5 GB/4.7 GB  4.7 MB/s     41s[K[?25h[?2026l[?2026h[?25l[A[1Gpulling manifest [K
pulling 2bada8a74506:  96% ▕█████████████████ ▏ 4.5 GB/4.7 GB  4.7 MB/s     41s[K[?25h[?2026l[?2026h[?25l[A[1Gpulling manifest [K
pulling 2bada8a74506:  96% ▕█████████████████ ▏ 4.5 GB/4.7 GB  4.7 MB/s     41s[K[?25h[?2026l[?2026h[?25l[A[1Gpulling manifest [K
pulling 2bada8a74506:  96% ▕█████████████████ ▏ 4.5 GB/4.7 GB  4.7 MB/s     41s[K[?25h[?2026l[?2026h[?25l[A[1Gpulling manifest [K
pulling 2bada8a74506:  96% ▕█████████████████ ▏ 4.5 GB/4.7 GB  4.7 MB/s     41s[K[?25h[?2026l[?2026h[?25l[A[1Gpulling manifest [K
pulling 2bada8a74506:  96% ▕█████████████████ ▏ 4.5 GB/4.7 GB  4.7 MB/s     41s[K[?25h[?2026l[?2026h[?25l[A[1Gpulling manifest [K
pulling 2bada8a74506:  96% ▕█████████████████ ▏ 4.5 GB/4.7 GB  4.7 MB/s     41s[K[?25h[?2026l[?2026h[?25l[A[1Gpulling manifest [K
pulling 2bada8a74506:  96% ▕█████████████████ ▏ 4.5 GB/4.7 GB  4.7 MB/s     40s[K[?25h[?2026l[?2026h[?25l[A[1Gpulling manifest [K
pulling 2bada8a74506:  96% ▕█████████████████ ▏ 4.5 GB/4.7 GB  4.7 MB/s     40s[K[?25h[?2026l[?2026h[?25l[A[1Gpulling manifest [K
pulling 2bada8a74506:  96% ▕█████████████████ ▏ 4.5 GB/4.7 GB  4.7 MB/s     40s[K[?25h[?2026l[?2026h[?25l[A[1Gpulling manifest [K
pulling 2bada8a74506:  96% ▕█████████████████ ▏ 4.5 GB/4.7 GB  4.7 MB/s     40s[K[?25h[?2026l[?2026h[?25l[A[1Gpulling manifest [K
pulling 2bada8a74506:  96% ▕█████████████████ ▏ 4.5 GB/4.7 GB  4.7 MB/s     40s[K[?25h[?2026l[?2026h[?25l[A[1Gpulling manifest [K
pulling 2bada8a74506:  96% ▕█████████████████ ▏ 4.5 GB/4.7 GB  5.0 MB/s     37s[K[?25h[?2026l[?2026h[?25l[A[1Gpulling manifest [K
pulling 2bada8a74506:  96% ▕█████████████████ ▏ 4.5 GB/4.7 GB  5.0 MB/s     37s[K[?25h[?2026l[?2026h[?25l[A[1Gpulling manifest [K
pulling 2bada8a74506:  96% ▕█████████████████ ▏ 4.5 GB/4.7 GB  5.0 MB/s     37s[K[?25h[?2026l[?2026h[?25l[A[1Gpulling manifest [K
pulling 2bada8a74506:  96% ▕█████████████████ ▏ 4.5 GB/4.7 GB  5.0 MB/s     37s[K[?25h[?2026l[?2026h[?25l[A[1Gpulling manifest [K
pulling 2bada8a74506:  96% ▕█████████████████ ▏ 4.5 GB/4.7 GB  5.0 MB/s     37s[K[?25h[?2026l[?2026h[?25l[A[1Gpulling manifest [K
pulling 2bada8a74506:  96% ▕█████████████████ ▏ 4.5 GB/4.7 GB  5.0 MB/s     37s[K[?25h[?2026l[?2026h[?25l[A[1Gpulling manifest [K
pulling 2bada8a74506:  96% ▕█████████████████ ▏ 4.5 GB/4.7 GB  5.0 MB/s     37s[K[?25h[?2026l[?2026h[?25l[A[1Gpulling manifest [K
pulling 2bada8a74506:  96% ▕█████████████████ ▏ 4.5 GB/4.7 GB  5.0 MB/s     37s[K[?25h[?2026l[?2026h[?25l[A[1Gpulling manifest [K
pulling 2bada8a74506:  96% ▕█████████████████ ▏ 4.5 GB/4.7 GB  5.0 MB/s     37s[K[?25h[?2026l[?2026h[?25l[A[1Gpulling manifest [K
pulling 2bada8a74506:  96% ▕█████████████████ ▏ 4.5 GB/4.7 GB  5.0 MB/s     37s[K[?25h[?2026l[?2026h[?25l[A[1Gpulling manifest [K
pulling 2bada8a74506:  96% ▕█████████████████ ▏ 4.5 GB/4.7 GB  4.8 MB/s     38s[K[?25h[?2026l[?2026h[?25l[A[1Gpulling manifest [K
pulling 2bada8a74506:  96% ▕█████████████████ ▏ 4.5 GB/4.7 GB  4.8 MB/s     38s[K[?25h[?2026l[?2026h[?25l[A[1Gpulling manifest [K
pulling 2bada8a74506:  96% ▕█████████████████ ▏ 4.5 GB/4.7 GB  4.8 MB/s     38s[K[?25h[?2026l[?2026h[?25l[A[1Gpulling manifest [K
pulling 2bada8a74506:  96% ▕█████████████████ ▏ 4.5 GB/4.7 GB  4.8 MB/s     38s[K[?25h[?2026l[?2026h[?25l[A[1Gpulling manifest [K
pulling 2bada8a74506:  96% ▕█████████████████ ▏ 4.5 GB/4.7 GB  4.8 MB/s     38s[K[?25h[?2026l[?2026h[?25l[A[1Gpulling manifest [K
pulling 2bada8a74506:  96% ▕█████████████████ ▏ 4.5 GB/4.7 GB  4.8 MB/s     38s[K[?25h[?2026l[?2026h[?25l[A[1Gpulling manifest [K
pulling 2bada8a74506:  96% ▕█████████████████ ▏ 4.5 GB/4.7 GB  4.8 MB/s     37s[K[?25h[?2026l[?2026h[?25l[A[1Gpulling manifest [K
pulling 2bada8a74506:  96% ▕█████████████████ ▏ 4.5 GB/4.7 GB  4.8 MB/s     37s[K[?25h[?2026l[?2026h[?25l[A[1Gpulling manifest [K
pulling 2bada8a74506:  96% ▕█████████████████ ▏ 4.5 GB/4.7 GB  4.8 MB/s     37s[K[?25h[?2026l[?2026h[?25l[A[1Gpulling manifest [K
pulling 2bada8a74506:  96% ▕█████████████████ ▏ 4.5 GB/4.7 GB  4.8 MB/s     37s[K[?25h[?2026l[?2026h[?25l[A[1Gpulling manifest [K
pulling 2bada8a74506:  96% ▕█████████████████ ▏ 4.5 GB/4.7 GB  4.7 MB/s     38s[K[?25h[?2026l[?2026h[?25l[A[1Gpulling manifest [K
pulling 2bada8a74506:  96% ▕█████████████████ ▏ 4.5 GB/4.7 GB  4.7 MB/s     38s[K[?25h[?2026l[?2026h[?25l[A[1Gpulling manifest [K
pulling 2bada8a74506:  96% ▕█████████████████ ▏ 4.5 GB/4.7 GB  4.7 MB/s     38s[K[?25h[?2026l[?2026h[?25l[A[1Gpulling manifest [K
pulling 2bada8a74506:  96% ▕█████████████████ ▏ 4.5 GB/4.7 GB  4.7 MB/s     38s[K[?25h[?2026l[?2026h[?25l[A[1Gpulling manifest [K
pulling 2bada8a74506:  96% ▕█████████████████ ▏ 4.5 GB/4.7 GB  4.7 MB/s     37s[K[?25h[?2026l[?2026h[?25l[A[1Gpulling manifest [K
pulling 2bada8a74506:  96% ▕█████████████████ ▏ 4.5 GB/4.7 GB  4.7 MB/s     37s[K[?25h[?2026l[?2026h[?25l[A[1Gpulling manifest [K
pulling 2bada8a74506:  96% ▕█████████████████ ▏ 4.5 GB/4.7 GB  4.7 MB/s     37s[K[?25h[?2026l[?2026h[?25l[A[1Gpulling manifest [K
pulling 2bada8a74506:  96% ▕█████████████████ ▏ 4.5 GB/4.7 GB  4.7 MB/s     37s[K[?25h[?2026l[?2026h[?25l[A[1Gpulling manifest [K
pulling 2bada8a74506:  96% ▕█████████████████ ▏ 4.5 GB/4.7 GB  4.7 MB/s     37s[K[?25h[?2026l[?2026h[?25l[A[1Gpulling manifest [K
pulling 2bada8a74506:  96% ▕█████████████████ ▏ 4.5 GB/4.7 GB  4.7 MB/s     37s[K[?25h[?2026l[?2026h[?25l[A[1Gpulling manifest [K
pulling 2bada8a74506:  96% ▕█████████████████ ▏ 4.5 GB/4.7 GB  4.7 MB/s     37s[K[?25h[?2026l[?2026h[?25l[A[1Gpulling manifest [K
pulling 2bada8a74506:  96% ▕█████████████████ ▏ 4.5 GB/4.7 GB  4.7 MB/s     37s[K[?25h[?2026l[?2026h[?25l[A[1Gpulling manifest [K
pulling 2bada8a74506:  96% ▕█████████████████ ▏ 4.5 GB/4.7 GB  4.7 MB/s     37s[K[?25h[?2026l[?2026h[?25l[A[1Gpulling manifest [K
pulling 2bada8a74506:  96% ▕█████████████████ ▏ 4.5 GB/4.7 GB  4.7 MB/s     37s[K[?25h[?2026l[?2026h[?25l[A[1Gpulling manifest [K
pulling 2bada8a74506:  96% ▕█████████████████ ▏ 4.5 GB/4.7 GB  4.7 MB/s     37s[K[?25h[?2026l[?2026h[?25l[A[1Gpulling manifest [K
pulling 2bada8a74506:  96% ▕█████████████████ ▏ 4.5 GB/4.7 GB  4.7 MB/s     37s[K[?25h[?2026l[?2026h[?25l[A[1Gpulling manifest [K
pulling 2bada8a74506:  96% ▕█████████████████ ▏ 4.5 GB/4.7 GB  4.7 MB/s     37s[K[?25h[?2026l[?2026h[?25l[A[1Gpulling manifest [K
pulling 2bada8a74506:  96% ▕█████████████████ ▏ 4.5 GB/4.7 GB  4.7 MB/s     37s[K[?25h[?2026l[?2026h[?25l[A[1Gpulling manifest [K
pulling 2bada8a74506:  96% ▕█████████████████ ▏ 4.5 GB/4.7 GB  4.7 MB/s     37s[K[?25h[?2026l[?2026h[?25l[A[1Gpulling manifest [K
pulling 2bada8a74506:  96% ▕█████████████████ ▏ 4.5 GB/4.7 GB  4.7 MB/s     37s[K[?25h[?2026l[?2026h[?25l[A[1Gpulling manifest [K
pulling 2bada8a74506:  96% ▕█████████████████ ▏ 4.5 GB/4.7 GB  4.4 MB/s     38s[K[?25h[?2026l[?2026h[?25l[A[1Gpulling manifest [K
pulling 2bada8a74506:  96% ▕█████████████████ ▏ 4.5 GB/4.7 GB  4.4 MB/s     38s[K[?25h[?2026l[?2026h[?25l[A[1Gpulling manifest [K
pulling 2bada8a74506:  96% ▕█████████████████ ▏ 4.5 GB/4.7 GB  4.4 MB/s     38s[K[?25h[?2026l[?2026h[?25l[A[1Gpulling manifest [K
pulling 2bada8a74506:  96% ▕█████████████████ ▏ 4.5 GB/4.7 GB  4.4 MB/s     38s[K[?25h[?2026l[?2026h[?25l[A[1Gpulling manifest [K
pulling 2bada8a74506:  96% ▕█████████████████ ▏ 4.5 GB/4.7 GB  4.4 MB/s     38s[K[?25h[?2026l[?2026h[?25l[A[1Gpulling manifest [K
pulling 2bada8a74506:  96% ▕█████████████████ ▏ 4.5 GB/4.7 GB  4.4 MB/s     38s[K[?25h[?2026l[?2026h[?25l[A[1Gpulling manifest [K
pulling 2bada8a74506:  96% ▕█████████████████ ▏ 4.5 GB/4.7 GB  4.4 MB/s     38s[K[?25h[?2026l[?2026h[?25l[A[1Gpulling manifest [K
pulling 2bada8a74506:  96% ▕█████████████████ ▏ 4.5 GB/4.7 GB  4.4 MB/s     38s[K[?25h[?2026l[?2026h[?25l[A[1Gpulling manifest [K
pulling 2bada8a74506:  96% ▕█████████████████ ▏ 4.5 GB/4.7 GB  4.4 MB/s     38s[K[?25h[?2026l[?2026h[?25l[A[1Gpulling manifest [K
pulling 2bada8a74506:  96% ▕█████████████████ ▏ 4.5 GB/4.7 GB  4.4 MB/s     38s[K[?25h[?2026l[?2026h[?25l[A[1Gpulling manifest [K
pulling 2bada8a74506:  96% ▕█████████████████ ▏ 4.5 GB/4.7 GB  4.4 MB/s     38s[K[?25h[?2026l[?2026h[?25l[A[1Gpulling manifest [K
pulling 2bada8a74506:  96% ▕█████████████████ ▏ 4.5 GB/4.7 GB  4.2 MB/s     39s[K[?25h[?2026l[?2026h[?25l[A[1Gpulling manifest [K
pulling 2bada8a74506:  96% ▕█████████████████ ▏ 4.5 GB/4.7 GB  4.2 MB/s     39s[K[?25h[?2026l[?2026h[?25l[A[1Gpulling manifest [K
pulling 2bada8a74506:  96% ▕█████████████████ ▏ 4.5 GB/4.7 GB  4.2 MB/s     39s[K[?25h[?2026l[?2026h[?25l[A[1Gpulling manifest [K
pulling 2bada8a74506:  96% ▕█████████████████ ▏ 4.5 GB/4.7 GB  4.2 MB/s     39s[K[?25h[?2026l[?2026h[?25l[A[1Gpulling manifest [K
pulling 2bada8a74506:  96% ▕█████████████████ ▏ 4.5 GB/4.7 GB  4.2 MB/s     39s[K[?25h[?2026l[?2026h[?25l[A[1Gpulling manifest [K
pulling 2bada8a74506:  96% ▕█████████████████ ▏ 4.5 GB/4.7 GB  4.2 MB/s     39s[K[?25h[?2026l[?2026h[?25l[A[1Gpulling manifest [K
pulling 2bada8a74506:  96% ▕█████████████████ ▏ 4.5 GB/4.7 GB  4.2 MB/s     39s[K[?25h[?2026l[?2026h[?25l[A[1Gpulling manifest [K
pulling 2bada8a74506:  96% ▕█████████████████ ▏ 4.5 GB/4.7 GB  4.2 MB/s     39s[K[?25h[?2026l[?2026h[?25l[A[1Gpulling manifest [K
pulling 2bada8a74506:  96% ▕█████████████████ ▏ 4.5 GB/4.7 GB  4.2 MB/s     39s[K[?25h[?2026l[?2026h[?25l[A[1Gpulling manifest [K
pulling 2bada8a74506:  96% ▕█████████████████ ▏ 4.5 GB/4.7 GB  4.2 MB/s     39s[K[?25h[?2026l[?2026h[?25l[A[1Gpulling manifest [K
pulling 2bada8a74506:  96% ▕█████████████████ ▏ 4.5 GB/4.7 GB  3.9 MB/s     42s[K[?25h[?2026l[?2026h[?25l[A[1Gpulling manifest [K
pulling 2bada8a74506:  96% ▕█████████████████ ▏ 4.5 GB/4.7 GB  3.9 MB/s     42s[K[?25h[?2026l[?2026h[?25l[A[1Gpulling manifest [K
pulling 2bada8a74506:  96% ▕█████████████████ ▏ 4.5 GB/4.7 GB  3.9 MB/s     42s[K[?25h[?2026l[?2026h[?25l[A[1Gpulling manifest [K
pulling 2bada8a74506:  96% ▕█████████████████ ▏ 4.5 GB/4.7 GB  3.9 MB/s     42s[K[?25h[?2026l[?2026h[?25l[A[1Gpulling manifest [K
pulling 2bada8a74506:  96% ▕█████████████████ ▏ 4.5 GB/4.7 GB  3.9 MB/s     42s[K[?25h[?2026l[?2026h[?25l[A[1Gpulling manifest [K
pulling 2bada8a74506:  96% ▕█████████████████ ▏ 4.5 GB/4.7 GB  3.9 MB/s     42s[K[?25h[?2026l[?2026h[?25l[A[1Gpulling manifest [K
pulling 2bada8a74506:  97% ▕█████████████████ ▏ 4.5 GB/4.7 GB  3.9 MB/s     41s[K[?25h[?2026l[?2026h[?25l[A[1Gpulling manifest [K
pulling 2bada8a74506:  97% ▕█████████████████ ▏ 4.5 GB/4.7 GB  3.9 MB/s     41s[K[?25h[?2026l[?2026h[?25l[A[1Gpulling manifest [K
pulling 2bada8a74506:  97% ▕█████████████████ ▏ 4.5 GB/4.7 GB  3.9 MB/s     41s[K[?25h[?2026l[?2026h[?25l[A[1Gpulling manifest [K
pulling 2bada8a74506:  97% ▕█████████████████ ▏ 4.5 GB/4.7 GB  3.9 MB/s     41s[K[?25h[?2026l[?2026h[?25l[A[1Gpulling manifest [K
pulling 2bada8a74506:  97% ▕█████████████████ ▏ 4.5 GB/4.7 GB  4.3 MB/s     37s[K[?25h[?2026l[?2026h[?25l[A[1Gpulling manifest [K
pulling 2bada8a74506:  97% ▕█████████████████ ▏ 4.5 GB/4.7 GB  4.3 MB/s     37s[K[?25h[?2026l[?2026h[?25l[A[1Gpulling manifest [K
pulling 2bada8a74506:  97% ▕█████████████████ ▏ 4.5 GB/4.7 GB  4.3 MB/s     37s[K[?25h[?2026l[?2026h[?25l[A[1Gpulling manifest [K
pulling 2bada8a74506:  97% ▕█████████████████ ▏ 4.5 GB/4.7 GB  4.3 MB/s     37s[K[?25h[?2026l[?2026h[?25l[A[1Gpulling manifest [K
pulling 2bada8a74506:  97% ▕█████████████████ ▏ 4.5 GB/4.7 GB  4.3 MB/s     37s[K[?25h[?2026l[?2026h[?25l[A[1Gpulling manifest [K
pulling 2bada8a74506:  97% ▕█████████████████ ▏ 4.5 GB/4.7 GB  4.3 MB/s     37s[K[?25h[?2026l[?2026h[?25l[A[1Gpulling manifest [K
pulling 2bada8a74506:  97% ▕█████████████████ ▏ 4.5 GB/4.7 GB  4.3 MB/s     37s[K[?25h[?2026l[?2026h[?25l[A[1Gpulling manifest [K
pulling 2bada8a74506:  97% ▕█████████████████ ▏ 4.5 GB/4.7 GB  4.3 MB/s     36s[K[?25h[?2026l[?2026h[?25l[A[1Gpulling manifest [K
pulling 2bada8a74506:  97% ▕█████████████████ ▏ 4.5 GB/4.7 GB  4.3 MB/s     36s[K[?25h[?2026l[?2026h[?25l[A[1Gpulling manifest [K
pulling 2bada8a74506:  97% ▕█████████████████ ▏ 4.5 GB/4.7 GB  4.3 MB/s     36s[K[?25h[?2026l[?2026h[?25l[A[1Gpulling manifest [K
pulling 2bada8a74506:  97% ▕█████████████████ ▏ 4.5 GB/4.7 GB  4.4 MB/s     35s[K[?25h[?2026l[?2026h[?25l[A[1Gpulling manifest [K
pulling 2bada8a74506:  97% ▕█████████████████ ▏ 4.5 GB/4.7 GB  4.4 MB/s     35s[K[?25h[?2026l[?2026h[?25l[A[1Gpulling manifest [K
pulling 2bada8a74506:  97% ▕█████████████████ ▏ 4.5 GB/4.7 GB  4.4 MB/s     34s[K[?25h[?2026l[?2026h[?25l[A[1Gpulling manifest [K
pulling 2bada8a74506:  97% ▕█████████████████ ▏ 4.5 GB/4.7 GB  4.4 MB/s     34s[K[?25h[?2026l[?2026h[?25l[A[1Gpulling manifest [K
pulling 2bada8a74506:  97% ▕█████████████████ ▏ 4.5 GB/4.7 GB  4.4 MB/s     34s[K[?25h[?2026l[?2026h[?25l[A[1Gpulling manifest [K
pulling 2bada8a74506:  97% ▕█████████████████ ▏ 4.5 GB/4.7 GB  4.4 MB/s     34s[K[?25h[?2026l[?2026h[?25l[A[1Gpulling manifest [K
pulling 2bada8a74506:  97% ▕█████████████████ ▏ 4.5 GB/4.7 GB  4.4 MB/s     34s[K[?25h[?2026l[?2026h[?25l[A[1Gpulling manifest [K
pulling 2bada8a74506:  97% ▕█████████████████ ▏ 4.5 GB/4.7 GB  4.4 MB/s     34s[K[?25h[?2026l[?2026h[?25l[A[1Gpulling manifest [K
pulling 2bada8a74506:  97% ▕█████████████████ ▏ 4.5 GB/4.7 GB  4.4 MB/s     34s[K[?25h[?2026l[?2026h[?25l[A[1Gpulling manifest [K
pulling 2bada8a74506:  97% ▕█████████████████ ▏ 4.5 GB/4.7 GB  4.4 MB/s     33s[K[?25h[?2026l[?2026h[?25l[A[1Gpulling manifest [K
pulling 2bada8a74506:  97% ▕█████████████████ ▏ 4.5 GB/4.7 GB  4.3 MB/s     34s[K[?25h[?2026l[?2026h[?25l[A[1Gpulling manifest [K
pulling 2bada8a74506:  97% ▕█████████████████ ▏ 4.5 GB/4.7 GB  4.3 MB/s     34s[K[?25h[?2026l[?2026h[?25l[A[1Gpulling manifest [K
pulling 2bada8a74506:  97% ▕█████████████████ ▏ 4.5 GB/4.7 GB  4.3 MB/s     34s[K[?25h[?2026l[?2026h[?25l[A[1Gpulling manifest [K
pulling 2bada8a74506:  97% ▕█████████████████ ▏ 4.5 GB/4.7 GB  4.3 MB/s     34s[K[?25h[?2026l[?2026h[?25l[A[1Gpulling manifest [K
pulling 2bada8a74506:  97% ▕█████████████████ ▏ 4.5 GB/4.7 GB  4.3 MB/s     34s[K[?25h[?2026l[?2026h[?25l[A[1Gpulling manifest [K
pulling 2bada8a74506:  97% ▕█████████████████ ▏ 4.5 GB/4.7 GB  4.3 MB/s     34s[K[?25h[?2026l[?2026h[?25l[A[1Gpulling manifest [K
pulling 2bada8a74506:  97% ▕█████████████████ ▏ 4.5 GB/4.7 GB  4.3 MB/s     33s[K[?25h[?2026l[?2026h[?25l[A[1Gpulling manifest [K
pulling 2bada8a74506:  97% ▕█████████████████ ▏ 4.5 GB/4.7 GB  4.3 MB/s     33s[K[?25h[?2026l[?2026h[?25l[A[1Gpulling manifest [K
pulling 2bada8a74506:  97% ▕█████████████████ ▏ 4.5 GB/4.7 GB  4.3 MB/s     33s[K[?25h[?2026l[?2026h[?25l[A[1Gpulling manifest [K
pulling 2bada8a74506:  97% ▕█████████████████ ▏ 4.5 GB/4.7 GB  4.3 MB/s     33s[K[?25h[?2026l[?2026h[?25l[A[1Gpulling manifest [K
pulling 2bada8a74506:  97% ▕█████████████████ ▏ 4.5 GB/4.7 GB  4.3 MB/s     33s[K[?25h[?2026l[?2026h[?25l[A[1Gpulling manifest [K
pulling 2bada8a74506:  97% ▕█████████████████ ▏ 4.5 GB/4.7 GB  4.2 MB/s     35s[K[?25h[?2026l[?2026h[?25l[A[1Gpulling manifest [K
pulling 2bada8a74506:  97% ▕█████████████████ ▏ 4.5 GB/4.7 GB  4.2 MB/s     35s[K[?25h[?2026l[?2026h[?25l[A[1Gpulling manifest [K
pulling 2bada8a74506:  97% ▕█████████████████ ▏ 4.5 GB/4.7 GB  4.2 MB/s     35s[K[?25h[?2026l[?2026h[?25l[A[1Gpulling manifest [K
pulling 2bada8a74506:  97% ▕█████████████████ ▏ 4.5 GB/4.7 GB  4.2 MB/s     35s[K[?25h[?2026l[?2026h[?25l[A[1Gpulling manifest [K
pulling 2bada8a74506:  97% ▕█████████████████ ▏ 4.5 GB/4.7 GB  4.2 MB/s     34s[K[?25h[?2026l[?2026h[?25l[A[1Gpulling manifest [K
pulling 2bada8a74506:  97% ▕█████████████████ ▏ 4.5 GB/4.7 GB  4.2 MB/s     34s[K[?25h[?2026l[?2026h[?25l[A[1Gpulling manifest [K
pulling 2bada8a74506:  97% ▕█████████████████ ▏ 4.5 GB/4.7 GB  4.2 MB/s     34s[K[?25h[?2026l[?2026h[?25l[A[1Gpulling manifest [K
pulling 2bada8a74506:  97% ▕█████████████████ ▏ 4.5 GB/4.7 GB  4.2 MB/s     34s[K[?25h[?2026l[?2026h[?25l[A[1Gpulling manifest [K
pulling 2bada8a74506:  97% ▕█████████████████ ▏ 4.5 GB/4.7 GB  4.2 MB/s     34s[K[?25h[?2026l[?2026h[?25l[A[1Gpulling manifest [K
pulling 2bada8a74506:  97% ▕█████████████████ ▏ 4.5 GB/4.7 GB  4.2 MB/s     34s[K[?25h[?2026l[?2026h[?25l[A[1Gpulling manifest [K
pulling 2bada8a74506:  97% ▕█████████████████ ▏ 4.5 GB/4.7 GB  4.1 MB/s     35s[K[?25h[?2026l[?2026h[?25l[A[1Gpulling manifest [K
pulling 2bada8a74506:  97% ▕█████████████████ ▏ 4.5 GB/4.7 GB  4.1 MB/s     35s[K[?25h[?2026l[?2026h[?25l[A[1Gpulling manifest [K
pulling 2bada8a74506:  97% ▕█████████████████ ▏ 4.5 GB/4.7 GB  4.1 MB/s     35s[K[?25h[?2026l[?2026h[?25l[A[1Gpulling manifest [K
pulling 2bada8a74506:  97% ▕█████████████████ ▏ 4.5 GB/4.7 GB  4.1 MB/s     34s[K[?25h[?2026l[?2026h[?25l[A[1Gpulling manifest [K
pulling 2bada8a74506:  97% ▕█████████████████ ▏ 4.5 GB/4.7 GB  4.1 MB/s     34s[K[?25h[?2026l[?2026h[?25l[A[1Gpulling manifest [K
pulling 2bada8a74506:  97% ▕█████████████████ ▏ 4.5 GB/4.7 GB  4.1 MB/s     34s[K[?25h[?2026l[?2026h[?25l[A[1Gpulling manifest [K
pulling 2bada8a74506:  97% ▕█████████████████ ▏ 4.5 GB/4.7 GB  4.1 MB/s     34s[K[?25h[?2026l[?2026h[?25l[A[1Gpulling manifest [K
pulling 2bada8a74506:  97% ▕█████████████████ ▏ 4.5 GB/4.7 GB  4.1 MB/s     34s[K[?25h[?2026l[?2026h[?25l[A[1Gpulling manifest [K
pulling 2bada8a74506:  97% ▕█████████████████ ▏ 4.5 GB/4.7 GB  4.1 MB/s     34s[K[?25h[?2026l[?2026h[?25l[A[1Gpulling manifest [K
pulling 2bada8a74506:  97% ▕█████████████████ ▏ 4.5 GB/4.7 GB  4.1 MB/s     34s[K[?25h[?2026l[?2026h[?25l[A[1Gpulling manifest [K
pulling 2bada8a74506:  97% ▕█████████████████ ▏ 4.5 GB/4.7 GB  4.2 MB/s     32s[K[?25h[?2026l[?2026h[?25l[A[1Gpulling manifest [K
pulling 2bada8a74506:  97% ▕█████████████████ ▏ 4.5 GB/4.7 GB  4.2 MB/s     32s[K[?25h[?2026l[?2026h[?25l[A[1Gpulling manifest [K
pulling 2bada8a74506:  97% ▕█████████████████ ▏ 4.5 GB/4.7 GB  4.2 MB/s     32s[K[?25h[?2026l[?2026h[?25l[A[1Gpulling manifest [K
pulling 2bada8a74506:  97% ▕█████████████████ ▏ 4.5 GB/4.7 GB  4.2 MB/s     32s[K[?25h[?2026l[?2026h[?25l[A[1Gpulling manifest [K
pulling 2bada8a74506:  97% ▕█████████████████ ▏ 4.5 GB/4.7 GB  4.2 MB/s     32s[K[?25h[?2026l[?2026h[?25l[A[1Gpulling manifest [K
pulling 2bada8a74506:  97% ▕█████████████████ ▏ 4.5 GB/4.7 GB  4.2 MB/s     31s[K[?25h[?2026l[?2026h[?25l[A[1Gpulling manifest [K
pulling 2bada8a74506:  97% ▕█████████████████ ▏ 4.5 GB/4.7 GB  4.2 MB/s     31s[K[?25h[?2026l[?2026h[?25l[A[1Gpulling manifest [K
pulling 2bada8a74506:  97% ▕█████████████████ ▏ 4.6 GB/4.7 GB  4.2 MB/s     31s[K[?25h[?2026l[?2026h[?25l[A[1Gpulling manifest [K
pulling 2bada8a74506:  97% ▕█████████████████ ▏ 4.6 GB/4.7 GB  4.2 MB/s     31s[K[?25h[?2026l[?2026h[?25l[A[1Gpulling manifest [K
pulling 2bada8a74506:  97% ▕█████████████████ ▏ 4.6 GB/4.7 GB  4.2 MB/s     31s[K[?25h[?2026l[?2026h[?25l[A[1Gpulling manifest [K
pulling 2bada8a74506:  97% ▕█████████████████ ▏ 4.6 GB/4.7 GB  4.5 MB/s     28s[K[?25h[?2026l[?2026h[?25l[A[1Gpulling manifest [K
pulling 2bada8a74506:  97% ▕█████████████████ ▏ 4.6 GB/4.7 GB  4.5 MB/s     28s[K[?25h[?2026l[?2026h[?25l[A[1Gpulling manifest [K
pulling 2bada8a74506:  97% ▕█████████████████ ▏ 4.6 GB/4.7 GB  4.5 MB/s     28s[K[?25h[?2026l[?2026h[?25l[A[1Gpulling manifest [K
pulling 2bada8a74506:  97% ▕█████████████████ ▏ 4.6 GB/4.7 GB  4.5 MB/s     28s[K[?25h[?2026l[?2026h[?25l[A[1Gpulling manifest [K
pulling 2bada8a74506:  97% ▕█████████████████ ▏ 4.6 GB/4.7 GB  4.5 MB/s     28s[K[?25h[?2026l[?2026h[?25l[A[1Gpulling manifest [K
pulling 2bada8a74506:  97% ▕█████████████████ ▏ 4.6 GB/4.7 GB  4.5 MB/s     28s[K[?25h[?2026l[?2026h[?25l[A[1Gpulling manifest [K
pulling 2bada8a74506:  97% ▕█████████████████ ▏ 4.6 GB/4.7 GB  4.5 MB/s     28s[K[?25h[?2026l[?2026h[?25l[A[1Gpulling manifest [K
pulling 2bada8a74506:  97% ▕█████████████████ ▏ 4.6 GB/4.7 GB  4.5 MB/s     28s[K[?25h[?2026l[?2026h[?25l[A[1Gpulling manifest [K
pulling 2bada8a74506:  97% ▕█████████████████ ▏ 4.6 GB/4.7 GB  4.5 MB/s     28s[K[?25h[?2026l[?2026h[?25l[A[1Gpulling manifest [K
pulling 2bada8a74506:  97% ▕█████████████████ ▏ 4.6 GB/4.7 GB  4.5 MB/s     27s[K[?25h[?2026l[?2026h[?25l[A[1Gpulling manifest [K
pulling 2bada8a74506:  97% ▕█████████████████ ▏ 4.6 GB/4.7 GB  4.7 MB/s     26s[K[?25h[?2026l[?2026h[?25l[A[1Gpulling manifest [K
pulling 2bada8a74506:  97% ▕█████████████████ ▏ 4.6 GB/4.7 GB  4.7 MB/s     26s[K[?25h[?2026l[?2026h[?25l[A[1Gpulling manifest [K
pulling 2bada8a74506:  97% ▕█████████████████ ▏ 4.6 GB/4.7 GB  4.7 MB/s     26s[K[?25h[?2026l[?2026h[?25l[A[1Gpulling manifest [K
pulling 2bada8a74506:  97% ▕█████████████████ ▏ 4.6 GB/4.7 GB  4.7 MB/s     26s[K[?25h[?2026l[?2026h[?25l[A[1Gpulling manifest [K
pulling 2bada8a74506:  97% ▕█████████████████ ▏ 4.6 GB/4.7 GB  4.7 MB/s     26s[K[?25h[?2026l[?2026h[?25l[A[1Gpulling manifest [K
pulling 2bada8a74506:  97% ▕█████████████████ ▏ 4.6 GB/4.7 GB  4.7 MB/s     26s[K[?25h[?2026l[?2026h[?25l[A[1Gpulling manifest [K
pulling 2bada8a74506:  97% ▕█████████████████ ▏ 4.6 GB/4.7 GB  4.7 MB/s     26s[K[?25h[?2026l[?2026h[?25l[A[1Gpulling manifest [K
pulling 2bada8a74506:  97% ▕█████████████████ ▏ 4.6 GB/4.7 GB  4.7 MB/s     26s[K[?25h[?2026l[?2026h[?25l[A[1Gpulling manifest [K
pulling 2bada8a74506:  97% ▕█████████████████ ▏ 4.6 GB/4.7 GB  4.7 MB/s     26s[K[?25h[?2026l[?2026h[?25l[A[1Gpulling manifest [K
pulling 2bada8a74506:  97% ▕█████████████████ ▏ 4.6 GB/4.7 GB  4.7 MB/s     26s[K[?25h[?2026l[?2026h[?25l[A[1Gpulling manifest [K
pulling 2bada8a74506:  97% ▕█████████████████ ▏ 4.6 GB/4.7 GB  4.7 MB/s     26s[K[?25h[?2026l[?2026h[?25l[A[1Gpulling manifest [K
pulling 2bada8a74506:  97% ▕█████████████████ ▏ 4.6 GB/4.7 GB  4.9 MB/s     25s[K[?25h[?2026l[?2026h[?25l[A[1Gpulling manifest [K
pulling 2bada8a74506:  97% ▕█████████████████ ▏ 4.6 GB/4.7 GB  4.9 MB/s     25s[K[?25h[?2026l[?2026h[?25l[A[1Gpulling manifest [K
pulling 2bada8a74506:  97% ▕█████████████████ ▏ 4.6 GB/4.7 GB  4.9 MB/s     25s[K[?25h[?2026l[?2026h[?25l[A[1Gpulling manifest [K
pulling 2bada8a74506:  97% ▕█████████████████ ▏ 4.6 GB/4.7 GB  4.9 MB/s     25s[K[?25h[?2026l[?2026h[?25l[A[1Gpulling manifest [K
pulling 2bada8a74506:  97% ▕█████████████████ ▏ 4.6 GB/4.7 GB  4.9 MB/s     24s[K[?25h[?2026l[?2026h[?25l[A[1Gpulling manifest [K
pulling 2bada8a74506:  97% ▕█████████████████ ▏ 4.6 GB/4.7 GB  4.9 MB/s     24s[K[?25h[?2026l[?2026h[?25l[A[1Gpulling manifest [K
pulling 2bada8a74506:  97% ▕█████████████████ ▏ 4.6 GB/4.7 GB  4.9 MB/s     24s[K[?25h[?2026l[?2026h[?25l[A[1Gpulling manifest [K
pulling 2bada8a74506:  97% ▕█████████████████ ▏ 4.6 GB/4.7 GB  4.9 MB/s     24s[K[?25h[?2026l[?2026h[?25l[A[1Gpulling manifest [K
pulling 2bada8a74506:  97% ▕█████████████████ ▏ 4.6 GB/4.7 GB  4.9 MB/s     24s[K[?25h[?2026l[?2026h[?25l[A[1Gpulling manifest [K
pulling 2bada8a74506:  97% ▕█████████████████ ▏ 4.6 GB/4.7 GB  4.9 MB/s     24s[K[?25h[?2026l[?2026h[?25l[A[1Gpulling manifest [K
pulling 2bada8a74506:  97% ▕█████████████████ ▏ 4.6 GB/4.7 GB  4.7 MB/s     25s[K[?25h[?2026l[?2026h[?25l[A[1Gpulling manifest [K
pulling 2bada8a74506:  97% ▕█████████████████ ▏ 4.6 GB/4.7 GB  4.7 MB/s     24s[K[?25h[?2026l[?2026h[?25l[A[1Gpulling manifest [K
pulling 2bada8a74506:  98% ▕█████████████████ ▏ 4.6 GB/4.7 GB  4.7 MB/s     24s[K[?25h[?2026l[?2026h[?25l[A[1Gpulling manifest [K
pulling 2bada8a74506:  98% ▕█████████████████ ▏ 4.6 GB/4.7 GB  4.7 MB/s     24s[K[?25h[?2026l[?2026h[?25l[A[1Gpulling manifest [K
pulling 2bada8a74506:  98% ▕█████████████████ ▏ 4.6 GB/4.7 GB  4.7 MB/s     24s[K[?25h[?2026l[?2026h[?25l[A[1Gpulling manifest [K
pulling 2bada8a74506:  98% ▕█████████████████ ▏ 4.6 GB/4.7 GB  4.7 MB/s     24s[K[?25h[?2026l[?2026h[?25l[A[1Gpulling manifest [K
pulling 2bada8a74506:  98% ▕█████████████████ ▏ 4.6 GB/4.7 GB  4.7 MB/s     24s[K[?25h[?2026l[?2026h[?25l[A[1Gpulling manifest [K
pulling 2bada8a74506:  98% ▕█████████████████ ▏ 4.6 GB/4.7 GB  4.7 MB/s     24s[K[?25h[?2026l[?2026h[?25l[A[1Gpulling manifest [K
pulling 2bada8a74506:  98% ▕█████████████████ ▏ 4.6 GB/4.7 GB  4.7 MB/s     23s[K[?25h[?2026l[?2026h[?25l[A[1Gpulling manifest [K
pulling 2bada8a74506:  98% ▕█████████████████ ▏ 4.6 GB/4.7 GB  4.7 MB/s     23s[K[?25h[?2026l[?2026h[?25l[A[1Gpulling manifest [K
pulling 2bada8a74506:  98% ▕█████████████████ ▏ 4.6 GB/4.7 GB  5.0 MB/s     22s[K[?25h[?2026l[?2026h[?25l[A[1Gpulling manifest [K
pulling 2bada8a74506:  98% ▕█████████████████ ▏ 4.6 GB/4.7 GB  5.0 MB/s     22s[K[?25h[?2026l[?2026h[?25l[A[1Gpulling manifest [K
pulling 2bada8a74506:  98% ▕█████████████████ ▏ 4.6 GB/4.7 GB  5.0 MB/s     22s[K[?25h[?2026l[?2026h[?25l[A[1Gpulling manifest [K
pulling 2bada8a74506:  98% ▕█████████████████ ▏ 4.6 GB/4.7 GB  5.0 MB/s     22s[K[?25h[?2026l[?2026h[?25l[A[1Gpulling manifest [K
pulling 2bada8a74506:  98% ▕█████████████████ ▏ 4.6 GB/4.7 GB  5.0 MB/s     22s[K[?25h[?2026l[?2026h[?25l[A[1Gpulling manifest [K
pulling 2bada8a74506:  98% ▕█████████████████ ▏ 4.6 GB/4.7 GB  5.0 MB/s     21s[K[?25h[?2026l[?2026h[?25l[A[1Gpulling manifest [K
pulling 2bada8a74506:  98% ▕█████████████████ ▏ 4.6 GB/4.7 GB  5.0 MB/s     21s[K[?25h[?2026l[?2026h[?25l[A[1Gpulling manifest [K
pulling 2bada8a74506:  98% ▕█████████████████ ▏ 4.6 GB/4.7 GB  5.0 MB/s     21s[K[?25h[?2026l[?2026h[?25l[A[1Gpulling manifest [K
pulling 2bada8a74506:  98% ▕█████████████████ ▏ 4.6 GB/4.7 GB  5.0 MB/s     21s[K[?25h[?2026l[?2026h[?25l[A[1Gpulling manifest [K
pulling 2bada8a74506:  98% ▕█████████████████ ▏ 4.6 GB/4.7 GB  5.0 MB/s     21s[K[?25h[?2026l[?2026h[?25l[A[1Gpulling manifest [K
pulling 2bada8a74506:  98% ▕█████████████████ ▏ 4.6 GB/4.7 GB  4.8 MB/s     22s[K[?25h[?2026l[?2026h[?25l[A[1Gpulling manifest [K
pulling 2bada8a74506:  98% ▕█████████████████ ▏ 4.6 GB/4.7 GB  4.8 MB/s     22s[K[?25h[?2026l[?2026h[?25l[A[1Gpulling manifest [K
pulling 2bada8a74506:  98% ▕█████████████████ ▏ 4.6 GB/4.7 GB  4.8 MB/s     21s[K[?25h[?2026l[?2026h[?25l[A[1Gpulling manifest [K
pulling 2bada8a74506:  98% ▕█████████████████ ▏ 4.6 GB/4.7 GB  4.8 MB/s     21s[K[?25h[?2026l[?2026h[?25l[A[1Gpulling manifest [K
pulling 2bada8a74506:  98% ▕█████████████████ ▏ 4.6 GB/4.7 GB  4.8 MB/s     21s[K[?25h[?2026l[?2026h[?25l[A[1Gpulling manifest [K
pulling 2bada8a74506:  98% ▕█████████████████ ▏ 4.6 GB/4.7 GB  4.8 MB/s     21s[K[?25h[?2026l[?2026h[?25l[A[1Gpulling manifest [K
pulling 2bada8a74506:  98% ▕█████████████████ ▏ 4.6 GB/4.7 GB  4.8 MB/s     21s[K[?25h[?2026l[?2026h[?25l[A[1Gpulling manifest [K
pulling 2bada8a74506:  98% ▕█████████████████ ▏ 4.6 GB/4.7 GB  4.8 MB/s     21s[K[?25h[?2026l[?2026h[?25l[A[1Gpulling manifest [K
pulling 2bada8a74506:  98% ▕█████████████████ ▏ 4.6 GB/4.7 GB  4.8 MB/s     21s[K[?25h[?2026l[?2026h[?25l[A[1Gpulling manifest [K
pulling 2bada8a74506:  98% ▕█████████████████ ▏ 4.6 GB/4.7 GB  4.8 MB/s     21s[K[?25h[?2026l[?2026h[?25l[A[1Gpulling manifest [K
pulling 2bada8a74506:  98% ▕█████████████████ ▏ 4.6 GB/4.7 GB  5.0 MB/s     20s[K[?25h[?2026l[?2026h[?25l[A[1Gpulling manifest [K
pulling 2bada8a74506:  98% ▕█████████████████ ▏ 4.6 GB/4.7 GB  5.0 MB/s     20s[K[?25h[?2026l[?2026h[?25l[A[1Gpulling manifest [K
pulling 2bada8a74506:  98% ▕█████████████████ ▏ 4.6 GB/4.7 GB  5.0 MB/s     20s[K[?25h[?2026l[?2026h[?25l[A[1Gpulling manifest [K
pulling 2bada8a74506:  98% ▕█████████████████ ▏ 4.6 GB/4.7 GB  5.0 MB/s     20s[K[?25h[?2026l[?2026h[?25l[A[1Gpulling manifest [K
pulling 2bada8a74506:  98% ▕█████████████████ ▏ 4.6 GB/4.7 GB  5.0 MB/s     20s[K[?25h[?2026l[?2026h[?25l[A[1Gpulling manifest [K
pulling 2bada8a74506:  98% ▕█████████████████ ▏ 4.6 GB/4.7 GB  5.0 MB/s     20s[K[?25h[?2026l[?2026h[?25l[A[1Gpulling manifest [K
pulling 2bada8a74506:  98% ▕█████████████████ ▏ 4.6 GB/4.7 GB  5.0 MB/s     19s[K[?25h[?2026l[?2026h[?25l[A[1Gpulling manifest [K
pulling 2bada8a74506:  98% ▕█████████████████ ▏ 4.6 GB/4.7 GB  5.0 MB/s     19s[K[?25h[?2026l[?2026h[?25l[A[1Gpulling manifest [K
pulling 2bada8a74506:  98% ▕█████████████████ ▏ 4.6 GB/4.7 GB  5.0 MB/s     19s[K[?25h[?2026l[?2026h[?25l[A[1Gpulling manifest [K
pulling 2bada8a74506:  98% ▕█████████████████ ▏ 4.6 GB/4.7 GB  5.0 MB/s     19s[K[?25h[?2026l[?2026h[?25l[A[1Gpulling manifest [K
pulling 2bada8a74506:  98% ▕█████████████████ ▏ 4.6 GB/4.7 GB  5.0 MB/s     19s[K[?25h[?2026l[?2026h[?25l[A[1Gpulling manifest [K
pulling 2bada8a74506:  98% ▕█████████████████ ▏ 4.6 GB/4.7 GB  5.1 MB/s     18s[K[?25h[?2026l[?2026h[?25l[A[1Gpulling manifest [K
pulling 2bada8a74506:  98% ▕█████████████████ ▏ 4.6 GB/4.7 GB  5.1 MB/s     18s[K[?25h[?2026l[?2026h[?25l[A[1Gpulling manifest [K
pulling 2bada8a74506:  98% ▕█████████████████ ▏ 4.6 GB/4.7 GB  5.1 MB/s     18s[K[?25h[?2026l[?2026h[?25l[A[1Gpulling manifest [K
pulling 2bada8a74506:  98% ▕█████████████████ ▏ 4.6 GB/4.7 GB  5.1 MB/s     18s[K[?25h[?2026l[?2026h[?25l[A[1Gpulling manifest [K
pulling 2bada8a74506:  98% ▕█████████████████ ▏ 4.6 GB/4.7 GB  5.1 MB/s     18s[K[?25h[?2026l[?2026h[?25l[A[1Gpulling manifest [K
pulling 2bada8a74506:  98% ▕█████████████████ ▏ 4.6 GB/4.7 GB  5.1 MB/s     18s[K[?25h[?2026l[?2026h[?25l[A[1Gpulling manifest [K
pulling 2bada8a74506:  98% ▕█████████████████ ▏ 4.6 GB/4.7 GB  5.1 MB/s     18s[K[?25h[?2026l[?2026h[?25l[A[1Gpulling manifest [K
pulling 2bada8a74506:  98% ▕█████████████████ ▏ 4.6 GB/4.7 GB  5.1 MB/s     18s[K[?25h[?2026l[?2026h[?25l[A[1Gpulling manifest [K
pulling 2bada8a74506:  98% ▕█████████████████ ▏ 4.6 GB/4.7 GB  5.1 MB/s     18s[K[?25h[?2026l[?2026h[?25l[A[1Gpulling manifest [K
pulling 2bada8a74506:  98% ▕█████████████████ ▏ 4.6 GB/4.7 GB  5.1 MB/s     17s[K[?25h[?2026l[?2026h[?25l[A[1Gpulling manifest [K
pulling 2bada8a74506:  98% ▕█████████████████ ▏ 4.6 GB/4.7 GB  5.0 MB/s     18s[K[?25h[?2026l[?2026h[?25l[A[1Gpulling manifest [K
pulling 2bada8a74506:  98% ▕█████████████████ ▏ 4.6 GB/4.7 GB  5.0 MB/s     18s[K[?25h[?2026l[?2026h[?25l[A[1Gpulling manifest [K
pulling 2bada8a74506:  98% ▕█████████████████ ▏ 4.6 GB/4.7 GB  5.0 MB/s     18s[K[?25h[?2026l[?2026h[?25l[A[1Gpulling manifest [K
pulling 2bada8a74506:  98% ▕█████████████████ ▏ 4.6 GB/4.7 GB  5.0 MB/s     18s[K[?25h[?2026l[?2026h[?25l[A[1Gpulling manifest [K
pulling 2bada8a74506:  98% ▕█████████████████ ▏ 4.6 GB/4.7 GB  5.0 MB/s     18s[K[?25h[?2026l[?2026h[?25l[A[1Gpulling manifest [K
pulling 2bada8a74506:  98% ▕█████████████████ ▏ 4.6 GB/4.7 GB  5.0 MB/s     18s[K[?25h[?2026l[?2026h[?25l[A[1Gpulling manifest [K
pulling 2bada8a74506:  98% ▕█████████████████ ▏ 4.6 GB/4.7 GB  5.0 MB/s     17s[K[?25h[?2026l[?2026h[?25l[A[1Gpulling manifest [K
pulling 2bada8a74506:  98% ▕█████████████████ ▏ 4.6 GB/4.7 GB  5.0 MB/s     17s[K[?25h[?2026l[?2026h[?25l[A[1Gpulling manifest [K
pulling 2bada8a74506:  98% ▕█████████████████ ▏ 4.6 GB/4.7 GB  5.0 MB/s     17s[K[?25h[?2026l[?2026h[?25l[A[1Gpulling manifest [K
pulling 2bada8a74506:  98% ▕█████████████████ ▏ 4.6 GB/4.7 GB  5.0 MB/s     17s[K[?25h[?2026l[?2026h[?25l[A[1Gpulling manifest [K
pulling 2bada8a74506:  98% ▕█████████████████ ▏ 4.6 GB/4.7 GB  4.9 MB/s     17s[K[?25h[?2026l[?2026h[?25l[A[1Gpulling manifest [K
pulling 2bada8a74506:  98% ▕█████████████████ ▏ 4.6 GB/4.7 GB  4.9 MB/s     17s[K[?25h[?2026l[?2026h[?25l[A[1Gpulling manifest [K
pulling 2bada8a74506:  98% ▕█████████████████ ▏ 4.6 GB/4.7 GB  4.9 MB/s     17s[K[?25h[?2026l[?2026h[?25l[A[1Gpulling manifest [K
pulling 2bada8a74506:  98% ▕█████████████████ ▏ 4.6 GB/4.7 GB  4.9 MB/s     17s[K[?25h[?2026l[?2026h[?25l[A[1Gpulling manifest [K
pulling 2bada8a74506:  98% ▕█████████████████ ▏ 4.6 GB/4.7 GB  4.9 MB/s     17s[K[?25h[?2026l[?2026h[?25l[A[1Gpulling manifest [K
pulling 2bada8a74506:  98% ▕█████████████████ ▏ 4.6 GB/4.7 GB  4.9 MB/s     17s[K[?25h[?2026l[?2026h[?25l[A[1Gpulling manifest [K
pulling 2bada8a74506:  98% ▕█████████████████ ▏ 4.6 GB/4.7 GB  4.9 MB/s     17s[K[?25h[?2026l[?2026h[?25l[A[1Gpulling manifest [K
pulling 2bada8a74506:  98% ▕█████████████████ ▏ 4.6 GB/4.7 GB  4.9 MB/s     17s[K[?25h[?2026l[?2026h[?25l[A[1Gpulling manifest [K
pulling 2bada8a74506:  98% ▕█████████████████ ▏ 4.6 GB/4.7 GB  4.9 MB/s     17s[K[?25h[?2026l[?2026h[?25l[A[1Gpulling manifest [K
pulling 2bada8a74506:  98% ▕█████████████████ ▏ 4.6 GB/4.7 GB  4.9 MB/s     16s[K[?25h[?2026l[?2026h[?25l[A[1Gpulling manifest [K
pulling 2bada8a74506:  98% ▕█████████████████ ▏ 4.6 GB/4.7 GB  4.9 MB/s     16s[K[?25h[?2026l[?2026h[?25l[A[1Gpulling manifest [K
pulling 2bada8a74506:  98% ▕█████████████████ ▏ 4.6 GB/4.7 GB  4.9 MB/s     16s[K[?25h[?2026l[?2026h[?25l[A[1Gpulling manifest [K
pulling 2bada8a74506:  98% ▕█████████████████ ▏ 4.6 GB/4.7 GB  4.9 MB/s     16s[K[?25h[?2026l[?2026h[?25l[A[1Gpulling manifest [K
pulling 2bada8a74506:  98% ▕█████████████████ ▏ 4.6 GB/4.7 GB  4.9 MB/s     16s[K[?25h[?2026l[?2026h[?25l[A[1Gpulling manifest [K
pulling 2bada8a74506:  98% ▕█████████████████ ▏ 4.6 GB/4.7 GB  4.9 MB/s     16s[K[?25h[?2026l[?2026h[?25l[A[1Gpulling manifest [K
pulling 2bada8a74506:  98% ▕█████████████████ ▏ 4.6 GB/4.7 GB  4.9 MB/s     16s[K[?25h[?2026l[?2026h[?25l[A[1Gpulling manifest [K
pulling 2bada8a74506:  98% ▕█████████████████ ▏ 4.6 GB/4.7 GB  4.9 MB/s     16s[K[?25h[?2026l[?2026h[?25l[A[1Gpulling manifest [K
pulling 2bada8a74506:  98% ▕█████████████████ ▏ 4.6 GB/4.7 GB  4.9 MB/s     16s[K[?25h[?2026l[?2026h[?25l[A[1Gpulling manifest [K
pulling 2bada8a74506:  98% ▕█████████████████ ▏ 4.6 GB/4.7 GB  4.9 MB/s     16s[K[?25h[?2026l[?2026h[?25l[A[1Gpulling manifest [K
pulling 2bada8a74506:  98% ▕█████████████████ ▏ 4.6 GB/4.7 GB  4.9 MB/s     16s[K[?25h[?2026l[?2026h[?25l[A[1Gpulling manifest [K
pulling 2bada8a74506:  98% ▕█████████████████ ▏ 4.6 GB/4.7 GB  5.0 MB/s     15s[K[?25h[?2026l[?2026h[?25l[A[1Gpulling manifest [K
pulling 2bada8a74506:  98% ▕█████████████████ ▏ 4.6 GB/4.7 GB  5.0 MB/s     15s[K[?25h[?2026l[?2026h[?25l[A[1Gpulling manifest [K
pulling 2bada8a74506:  98% ▕█████████████████ ▏ 4.6 GB/4.7 GB  5.0 MB/s     15s[K[?25h[?2026l[?2026h[?25l[A[1Gpulling manifest [K
pulling 2bada8a74506:  98% ▕█████████████████ ▏ 4.6 GB/4.7 GB  5.0 MB/s     15s[K[?25h[?2026l[?2026h[?25l[A[1Gpulling manifest [K
pulling 2bada8a74506:  98% ▕█████████████████ ▏ 4.6 GB/4.7 GB  5.0 MB/s     15s[K[?25h[?2026l[?2026h[?25l[A[1Gpulling manifest [K
pulling 2bada8a74506:  98% ▕█████████████████ ▏ 4.6 GB/4.7 GB  5.0 MB/s     15s[K[?25h[?2026l[?2026h[?25l[A[1Gpulling manifest [K
pulling 2bada8a74506:  98% ▕█████████████████ ▏ 4.6 GB/4.7 GB  5.0 MB/s     15s[K[?25h[?2026l[?2026h[?25l[A[1Gpulling manifest [K
pulling 2bada8a74506:  98% ▕█████████████████ ▏ 4.6 GB/4.7 GB  5.0 MB/s     15s[K[?25h[?2026l[?2026h[?25l[A[1Gpulling manifest [K
pulling 2bada8a74506:  98% ▕█████████████████ ▏ 4.6 GB/4.7 GB  5.0 MB/s     15s[K[?25h[?2026l[?2026h[?25l[A[1Gpulling manifest [K
pulling 2bada8a74506:  98% ▕█████████████████ ▏ 4.6 GB/4.7 GB  5.0 MB/s     15s[K[?25h[?2026l[?2026h[?25l[A[1Gpulling manifest [K
pulling 2bada8a74506:  98% ▕█████████████████ ▏ 4.6 GB/4.7 GB  5.0 MB/s     14s[K[?25h[?2026l[?2026h[?25l[A[1Gpulling manifest [K
pulling 2bada8a74506:  98% ▕█████████████████ ▏ 4.6 GB/4.7 GB  5.0 MB/s     14s[K[?25h[?2026l[?2026h[?25l[A[1Gpulling manifest [K
pulling 2bada8a74506:  98% ▕█████████████████ ▏ 4.6 GB/4.7 GB  5.0 MB/s     14s[K[?25h[?2026l[?2026h[?25l[A[1Gpulling manifest [K
pulling 2bada8a74506:  98% ▕█████████████████ ▏ 4.6 GB/4.7 GB  5.0 MB/s     14s[K[?25h[?2026l[?2026h[?25l[A[1Gpulling manifest [K
pulling 2bada8a74506:  98% ▕█████████████████ ▏ 4.6 GB/4.7 GB  5.0 MB/s     14s[K[?25h[?2026l[?2026h[?25l[A[1Gpulling manifest [K
pulling 2bada8a74506:  98% ▕█████████████████ ▏ 4.6 GB/4.7 GB  5.0 MB/s     14s[K[?25h[?2026l[?2026h[?25l[A[1Gpulling manifest [K
pulling 2bada8a74506:  98% ▕█████████████████ ▏ 4.6 GB/4.7 GB  5.0 MB/s     14s[K[?25h[?2026l[?2026h[?25l[A[1Gpulling manifest [K
pulling 2bada8a74506:  98% ▕█████████████████ ▏ 4.6 GB/4.7 GB  5.0 MB/s     14s[K[?25h[?2026l[?2026h[?25l[A[1Gpulling manifest [K
pulling 2bada8a74506:  98% ▕█████████████████ ▏ 4.6 GB/4.7 GB  5.0 MB/s     14s[K[?25h[?2026l[?2026h[?25l[A[1Gpulling manifest [K
pulling 2bada8a74506:  99% ▕█████████████████ ▏ 4.6 GB/4.7 GB  5.0 MB/s     14s[K[?25h[?2026l[?2026h[?25l[A[1Gpulling manifest [K
pulling 2bada8a74506:  99% ▕█████████████████ ▏ 4.6 GB/4.7 GB  5.0 MB/s     13s[K[?25h[?2026l[?2026h[?25l[A[1Gpulling manifest [K
pulling 2bada8a74506:  99% ▕█████████████████ ▏ 4.6 GB/4.7 GB  4.8 MB/s     14s[K[?25h[?2026l[?2026h[?25l[A[1Gpulling manifest [K
pulling 2bada8a74506:  99% ▕█████████████████ ▏ 4.6 GB/4.7 GB  4.8 MB/s     14s[K[?25h[?2026l[?2026h[?25l[A[1Gpulling manifest [K
pulling 2bada8a74506:  99% ▕█████████████████ ▏ 4.6 GB/4.7 GB  4.8 MB/s     13s[K[?25h[?2026l[?2026h[?25l[A[1Gpulling manifest [K
pulling 2bada8a74506:  99% ▕█████████████████ ▏ 4.6 GB/4.7 GB  4.8 MB/s     13s[K[?25h[?2026l[?2026h[?25l[A[1Gpulling manifest [K
pulling 2bada8a74506:  99% ▕█████████████████ ▏ 4.6 GB/4.7 GB  4.8 MB/s     13s[K[?25h[?2026l[?2026h[?25l[A[1Gpulling manifest [K
pulling 2bada8a74506:  99% ▕█████████████████ ▏ 4.6 GB/4.7 GB  4.8 MB/s     13s[K[?25h[?2026l[?2026h[?25l[A[1Gpulling manifest [K
pulling 2bada8a74506:  99% ▕█████████████████ ▏ 4.6 GB/4.7 GB  4.8 MB/s     13s[K[?25h[?2026l[?2026h[?25l[A[1Gpulling manifest [K
pulling 2bada8a74506:  99% ▕█████████████████ ▏ 4.6 GB/4.7 GB  4.8 MB/s     13s[K[?25h[?2026l[?2026h[?25l[A[1Gpulling manifest [K
pulling 2bada8a74506:  99% ▕█████████████████ ▏ 4.6 GB/4.7 GB  4.8 MB/s     13s[K[?25h[?2026l[?2026h[?25l[A[1Gpulling manifest [K
pulling 2bada8a74506:  99% ▕█████████████████ ▏ 4.6 GB/4.7 GB  4.8 MB/s     13s[K[?25h[?2026l[?2026h[?25l[A[1Gpulling manifest [K
pulling 2bada8a74506:  99% ▕█████████████████ ▏ 4.6 GB/4.7 GB  4.9 MB/s     12s[K[?25h[?2026l[?2026h[?25l[A[1Gpulling manifest [K
pulling 2bada8a74506:  99% ▕█████████████████ ▏ 4.6 GB/4.7 GB  4.9 MB/s     12s[K[?25h[?2026l[?2026h[?25l[A[1Gpulling manifest [K
pulling 2bada8a74506:  99% ▕█████████████████ ▏ 4.6 GB/4.7 GB  4.9 MB/s     12s[K[?25h[?2026l[?2026h[?25l[A[1Gpulling manifest [K
pulling 2bada8a74506:  99% ▕█████████████████ ▏ 4.6 GB/4.7 GB  4.9 MB/s     12s[K[?25h[?2026l[?2026h[?25l[A[1Gpulling manifest [K
pulling 2bada8a74506:  99% ▕█████████████████ ▏ 4.6 GB/4.7 GB  4.9 MB/s     12s[K[?25h[?2026l[?2026h[?25l[A[1Gpulling manifest [K
pulling 2bada8a74506:  99% ▕█████████████████ ▏ 4.6 GB/4.7 GB  4.9 MB/s     12s[K[?25h[?2026l[?2026h[?25l[A[1Gpulling manifest [K
pulling 2bada8a74506:  99% ▕█████████████████ ▏ 4.6 GB/4.7 GB  4.9 MB/s     12s[K[?25h[?2026l[?2026h[?25l[A[1Gpulling manifest [K
pulling 2bada8a74506:  99% ▕█████████████████ ▏ 4.6 GB/4.7 GB  4.9 MB/s     12s[K[?25h[?2026l[?2026h[?25l[A[1Gpulling manifest [K
pulling 2bada8a74506:  99% ▕█████████████████ ▏ 4.6 GB/4.7 GB  4.9 MB/s     12s[K[?25h[?2026l[?2026h[?25l[A[1Gpulling manifest [K
pulling 2bada8a74506:  99% ▕█████████████████ ▏ 4.6 GB/4.7 GB  4.9 MB/s     11s[K[?25h[?2026l[?2026h[?25l[A[1Gpulling manifest [K
pulling 2bada8a74506:  99% ▕█████████████████ ▏ 4.6 GB/4.7 GB  4.9 MB/s     11s[K[?25h[?2026l[?2026h[?25l[A[1Gpulling manifest [K
pulling 2bada8a74506:  99% ▕█████████████████ ▏ 4.6 GB/4.7 GB  4.9 MB/s     11s[K[?25h[?2026l[?2026h[?25l[A[1Gpulling manifest [K
pulling 2bada8a74506:  99% ▕█████████████████ ▏ 4.6 GB/4.7 GB  4.9 MB/s     11s[K[?25h[?2026l[?2026h[?25l[A[1Gpulling manifest [K
pulling 2bada8a74506:  99% ▕█████████████████ ▏ 4.6 GB/4.7 GB  4.9 MB/s     11s[K[?25h[?2026l[?2026h[?25l[A[1Gpulling manifest [K
pulling 2bada8a74506:  99% ▕█████████████████ ▏ 4.6 GB/4.7 GB  4.9 MB/s     11s[K[?25h[?2026l[?2026h[?25l[A[1Gpulling manifest [K
pulling 2bada8a74506:  99% ▕█████████████████ ▏ 4.6 GB/4.7 GB  4.9 MB/s     11s[K[?25h[?2026l[?2026h[?25l[A[1Gpulling manifest [K
pulling 2bada8a74506:  99% ▕█████████████████ ▏ 4.6 GB/4.7 GB  4.9 MB/s     11s[K[?25h[?2026l[?2026h[?25l[A[1Gpulling manifest [K
pulling 2bada8a74506:  99% ▕█████████████████ ▏ 4.6 GB/4.7 GB  4.9 MB/s     11s[K[?25h[?2026l[?2026h[?25l[A[1Gpulling manifest [K
pulling 2bada8a74506:  99% ▕█████████████████ ▏ 4.6 GB/4.7 GB  4.9 MB/s     11s[K[?25h[?2026l[?2026h[?25l[A[1Gpulling manifest [K
pulling 2bada8a74506:  99% ▕█████████████████ ▏ 4.6 GB/4.7 GB  4.9 MB/s     11s[K[?25h[?2026l[?2026h[?25l[A[1Gpulling manifest [K
pulling 2bada8a74506:  99% ▕█████████████████ ▏ 4.6 GB/4.7 GB  4.8 MB/s     11s[K[?25h[?2026l[?2026h[?25l[A[1Gpulling manifest [K
pulling 2bada8a74506:  99% ▕█████████████████ ▏ 4.6 GB/4.7 GB  4.8 MB/s     11s[K[?25h[?2026l[?2026h[?25l[A[1Gpulling manifest [K
pulling 2bada8a74506:  99% ▕█████████████████ ▏ 4.6 GB/4.7 GB  4.8 MB/s     10s[K[?25h[?2026l[?2026h[?25l[A[1Gpulling manifest [K
pulling 2bada8a74506:  99% ▕█████████████████ ▏ 4.6 GB/4.7 GB  4.8 MB/s     10s[K[?25h[?2026l[?2026h[?25l[A[1Gpulling manifest [K
pulling 2bada8a74506:  99% ▕█████████████████ ▏ 4.6 GB/4.7 GB  4.8 MB/s     10s[K[?25h[?2026l[?2026h[?25l[A[1Gpulling manifest [K
pulling 2bada8a74506:  99% ▕█████████████████ ▏ 4.6 GB/4.7 GB  4.8 MB/s     10s[K[?25h[?2026l[?2026h[?25l[A[1Gpulling manifest [K
pulling 2bada8a74506:  99% ▕█████████████████ ▏ 4.6 GB/4.7 GB  4.8 MB/s     10s[K[?25h[?2026l[?2026h[?25l[A[1Gpulling manifest [K
pulling 2bada8a74506:  99% ▕█████████████████ ▏ 4.6 GB/4.7 GB  4.8 MB/s     10s[K[?25h[?2026l[?2026h[?25l[A[1Gpulling manifest [K
pulling 2bada8a74506:  99% ▕█████████████████ ▏ 4.6 GB/4.7 GB  4.8 MB/s     10s[K[?25h[?2026l[?2026h[?25l[A[1Gpulling manifest [K
pulling 2bada8a74506:  99% ▕█████████████████ ▏ 4.6 GB/4.7 GB  4.8 MB/s     10s[K[?25h[?2026l[?2026h[?25l[A[1Gpulling manifest [K
pulling 2bada8a74506:  99% ▕█████████████████ ▏ 4.6 GB/4.7 GB  4.8 MB/s     10s[K[?25h[?2026l[?2026h[?25l[A[1Gpulling manifest [K
pulling 2bada8a74506:  99% ▕█████████████████ ▏ 4.6 GB/4.7 GB  4.9 MB/s      9s[K[?25h[?2026l[?2026h[?25l[A[1Gpulling manifest [K
pulling 2bada8a74506:  99% ▕█████████████████ ▏ 4.6 GB/4.7 GB  4.9 MB/s      9s[K[?25h[?2026l[?2026h[?25l[A[1Gpulling manifest [K
pulling 2bada8a74506:  99% ▕█████████████████ ▏ 4.6 GB/4.7 GB  4.9 MB/s      9s[K[?25h[?2026l[?2026h[?25l[A[1Gpulling manifest [K
pulling 2bada8a74506:  99% ▕█████████████████ ▏ 4.6 GB/4.7 GB  4.9 MB/s      9s[K[?25h[?2026l[?2026h[?25l[A[1Gpulling manifest [K
pulling 2bada8a74506:  99% ▕█████████████████ ▏ 4.6 GB/4.7 GB  4.9 MB/s      9s[K[?25h[?2026l[?2026h[?25l[A[1Gpulling manifest [K
pulling 2bada8a74506:  99% ▕█████████████████ ▏ 4.6 GB/4.7 GB  4.9 MB/s      9s[K[?25h[?2026l[?2026h[?25l[A[1Gpulling manifest [K
pulling 2bada8a74506:  99% ▕█████████████████ ▏ 4.6 GB/4.7 GB  4.9 MB/s      9s[K[?25h[?2026l[?2026h[?25l[A[1Gpulling manifest [K
pulling 2bada8a74506:  99% ▕█████████████████ ▏ 4.6 GB/4.7 GB  4.9 MB/s      9s[K[?25h[?2026l[?2026h[?25l[A[1Gpulling manifest [K
pulling 2bada8a74506:  99% ▕█████████████████ ▏ 4.6 GB/4.7 GB  4.9 MB/s      9s[K[?25h[?2026l[?2026h[?25l[A[1Gpulling manifest [K
pulling 2bada8a74506:  99% ▕█████████████████ ▏ 4.6 GB/4.7 GB  4.9 MB/s      9s[K[?25h[?2026l[?2026h[?25l[A[1Gpulling manifest [K
pulling 2bada8a74506:  99% ▕█████████████████ ▏ 4.6 GB/4.7 GB  4.9 MB/s      8s[K[?25h[?2026l[?2026h[?25l[A[1Gpulling manifest [K
pulling 2bada8a74506:  99% ▕█████████████████ ▏ 4.6 GB/4.7 GB  4.9 MB/s      8s[K[?25h[?2026l[?2026h[?25l[A[1Gpulling manifest [K
pulling 2bada8a74506:  99% ▕█████████████████ ▏ 4.6 GB/4.7 GB  4.9 MB/s      8s[K[?25h[?2026l[?2026h[?25l[A[1Gpulling manifest [K
pulling 2bada8a74506:  99% ▕█████████████████ ▏ 4.6 GB/4.7 GB  4.9 MB/s      8s[K[?25h[?2026l[?2026h[?25l[A[1Gpulling manifest [K
pulling 2bada8a74506:  99% ▕█████████████████ ▏ 4.6 GB/4.7 GB  4.9 MB/s      8s[K[?25h[?2026l[?2026h[?25l[A[1Gpulling manifest [K
pulling 2bada8a74506:  99% ▕█████████████████ ▏ 4.6 GB/4.7 GB  4.9 MB/s      8s[K[?25h[?2026l[?2026h[?25l[A[1Gpulling manifest [K
pulling 2bada8a74506:  99% ▕█████████████████ ▏ 4.6 GB/4.7 GB  4.9 MB/s      8s[K[?25h[?2026l[?2026h[?25l[A[1Gpulling manifest [K
pulling 2bada8a74506:  99% ▕█████████████████ ▏ 4.6 GB/4.7 GB  4.9 MB/s      8s[K[?25h[?2026l[?2026h[?25l[A[1Gpulling manifest [K
pulling 2bada8a74506:  99% ▕█████████████████ ▏ 4.6 GB/4.7 GB  4.9 MB/s      8s[K[?25h[?2026l[?2026h[?25l[A[1Gpulling manifest [K
pulling 2bada8a74506:  99% ▕█████████████████ ▏ 4.6 GB/4.7 GB  4.9 MB/s      8s[K[?25h[?2026l[?2026h[?25l[A[1Gpulling manifest [K
pulling 2bada8a74506:  99% ▕█████████████████ ▏ 4.6 GB/4.7 GB  4.9 MB/s      7s[K[?25h[?2026l[?2026h[?25l[A[1Gpulling manifest [K
pulling 2bada8a74506:  99% ▕█████████████████ ▏ 4.6 GB/4.7 GB  4.9 MB/s      7s[K[?25h[?2026l[?2026h[?25l[A[1Gpulling manifest [K
pulling 2bada8a74506:  99% ▕█████████████████ ▏ 4.6 GB/4.7 GB  4.9 MB/s      7s[K[?25h[?2026l[?2026h[?25l[A[1Gpulling manifest [K
pulling 2bada8a74506:  99% ▕█████████████████ ▏ 4.6 GB/4.7 GB  4.9 MB/s      7s[K[?25h[?2026l[?2026h[?25l[A[1Gpulling manifest [K
pulling 2bada8a74506:  99% ▕█████████████████ ▏ 4.6 GB/4.7 GB  4.9 MB/s      7s[K[?25h[?2026l[?2026h[?25l[A[1Gpulling manifest [K
pulling 2bada8a74506:  99% ▕█████████████████ ▏ 4.6 GB/4.7 GB  4.9 MB/s      7s[K[?25h[?2026l[?2026h[?25l[A[1Gpulling manifest [K
pulling 2bada8a74506:  99% ▕█████████████████ ▏ 4.6 GB/4.7 GB  4.9 MB/s      7s[K[?25h[?2026l[?2026h[?25l[A[1Gpulling manifest [K
pulling 2bada8a74506:  99% ▕█████████████████ ▏ 4.6 GB/4.7 GB  4.9 MB/s      7s[K[?25h[?2026l[?2026h[?25l[A[1Gpulling manifest [K
pulling 2bada8a74506:  99% ▕█████████████████ ▏ 4.6 GB/4.7 GB  4.9 MB/s      7s[K[?25h[?2026l[?2026h[?25l[A[1Gpulling manifest [K
pulling 2bada8a74506:  99% ▕█████████████████ ▏ 4.6 GB/4.7 GB  4.9 MB/s      7s[K[?25h[?2026l[?2026h[?25l[A[1Gpulling manifest [K
pulling 2bada8a74506:  99% ▕█████████████████ ▏ 4.6 GB/4.7 GB  5.0 MB/s      6s[K[?25h[?2026l[?2026h[?25l[A[1Gpulling manifest [K
pulling 2bada8a74506:  99% ▕█████████████████ ▏ 4.6 GB/4.7 GB  5.0 MB/s      6s[K[?25h[?2026l[?2026h[?25l[A[1Gpulling manifest [K
pulling 2bada8a74506:  99% ▕█████████████████ ▏ 4.6 GB/4.7 GB  5.0 MB/s      6s[K[?25h[?2026l[?2026h[?25l[A[1Gpulling manifest [K
pulling 2bada8a74506:  99% ▕█████████████████ ▏ 4.6 GB/4.7 GB  5.0 MB/s      6s[K[?25h[?2026l[?2026h[?25l[A[1Gpulling manifest [K
pulling 2bada8a74506:  99% ▕█████████████████ ▏ 4.6 GB/4.7 GB  5.0 MB/s      6s[K[?25h[?2026l[?2026h[?25l[A[1Gpulling manifest [K
pulling 2bada8a74506:  99% ▕█████████████████ ▏ 4.7 GB/4.7 GB  5.0 MB/s      6s[K[?25h[?2026l[?2026h[?25l[A[1Gpulling manifest [K
pulling 2bada8a74506:  99% ▕█████████████████ ▏ 4.7 GB/4.7 GB  5.0 MB/s      6s[K[?25h[?2026l[?2026h[?25l[A[1Gpulling manifest [K
pulling 2bada8a74506:  99% ▕█████████████████ ▏ 4.7 GB/4.7 GB  5.0 MB/s      6s[K[?25h[?2026l[?2026h[?25l[A[1Gpulling manifest [K
pulling 2bada8a74506:  99% ▕█████████████████ ▏ 4.7 GB/4.7 GB  5.0 MB/s      6s[K[?25h[?2026l[?2026h[?25l[A[1Gpulling manifest [K
pulling 2bada8a74506:  99% ▕█████████████████ ▏ 4.7 GB/4.7 GB  5.0 MB/s      6s[K[?25h[?2026l[?2026h[?25l[A[1Gpulling manifest [K
pulling 2bada8a74506:  99% ▕█████████████████ ▏ 4.7 GB/4.7 GB  4.8 MB/s      6s[K[?25h[?2026l[?2026h[?25l[A[1Gpulling manifest [K
pulling 2bada8a74506:  99% ▕█████████████████ ▏ 4.7 GB/4.7 GB  4.8 MB/s      6s[K[?25h[?2026l[?2026h[?25l[A[1Gpulling manifest [K
pulling 2bada8a74506:  99% ▕█████████████████ ▏ 4.7 GB/4.7 GB  4.8 MB/s      6s[K[?25h[?2026l[?2026h[?25l[A[1Gpulling manifest [K
pulling 2bada8a74506:  99% ▕█████████████████ ▏ 4.7 GB/4.7 GB  4.8 MB/s      5s[K[?25h[?2026l[?2026h[?25l[A[1Gpulling manifest [K
pulling 2bada8a74506:  99% ▕█████████████████ ▏ 4.7 GB/4.7 GB  4.8 MB/s      5s[K[?25h[?2026l[?2026h[?25l[A[1Gpulling manifest [K
pulling 2bada8a74506:  99% ▕█████████████████ ▏ 4.7 GB/4.7 GB  4.8 MB/s      5s[K[?25h[?2026l[?2026h[?25l[A[1Gpulling manifest [K
pulling 2bada8a74506:  99% ▕█████████████████ ▏ 4.7 GB/4.7 GB  4.8 MB/s      5s[K[?25h[?2026l[?2026h[?25l[A[1Gpulling manifest [K
pulling 2bada8a74506:  99% ▕█████████████████ ▏ 4.7 GB/4.7 GB  4.8 MB/s      5s[K[?25h[?2026l[?2026h[?25l[A[1Gpulling manifest [K
pulling 2bada8a74506:  99% ▕█████████████████ ▏ 4.7 GB/4.7 GB  4.8 MB/s      5s[K[?25h[?2026l[?2026h[?25l[A[1Gpulling manifest [K
pulling 2bada8a74506:  99% ▕█████████████████ ▏ 4.7 GB/4.7 GB  4.8 MB/s      5s[K[?25h[?2026l[?2026h[?25l[A[1Gpulling manifest [K
pulling 2bada8a74506:  99% ▕█████████████████ ▏ 4.7 GB/4.7 GB  4.8 MB/s      5s[K[?25h[?2026l[?2026h[?25l[A[1Gpulling manifest [K
pulling 2bada8a74506:  99% ▕█████████████████ ▏ 4.7 GB/4.7 GB  4.8 MB/s      5s[K[?25h[?2026l[?2026h[?25l[A[1Gpulling manifest [K
pulling 2bada8a74506:  99% ▕█████████████████ ▏ 4.7 GB/4.7 GB  4.8 MB/s      5s[K[?25h[?2026l[?2026h[?25l[A[1Gpulling manifest [K
pulling 2bada8a74506:  99% ▕█████████████████ ▏ 4.7 GB/4.7 GB  4.8 MB/s      4s[K[?25h[?2026l[?2026h[?25l[A[1Gpulling manifest [K
pulling 2bada8a74506:  99% ▕█████████████████ ▏ 4.7 GB/4.7 GB  4.8 MB/s      4s[K[?25h[?2026l[?2026h[?25l[A[1Gpulling manifest [K
pulling 2bada8a74506: 100% ▕█████████████████ ▏ 4.7 GB/4.7 GB  4.8 MB/s      4s[K[?25h[?2026l[?2026h[?25l[A[1Gpulling manifest [K
pulling 2bada8a74506: 100% ▕█████████████████ ▏ 4.7 GB/4.7 GB  4.8 MB/s      4s[K[?25h[?2026l[?2026h[?25l[A[1Gpulling manifest [K
pulling 2bada8a74506: 100% ▕█████████████████ ▏ 4.7 GB/4.7 GB  4.8 MB/s      4s[K[?25h[?2026l[?2026h[?25l[A[1Gpulling manifest [K
pulling 2bada8a74506: 100% ▕█████████████████ ▏ 4.7 GB/4.7 GB  4.8 MB/s      4s[K[?25h[?2026l[?2026h[?25l[A[1Gpulling manifest [K
pulling 2bada8a74506: 100% ▕█████████████████ ▏ 4.7 GB/4.7 GB  4.8 MB/s      4s[K[?25h[?2026l[?2026h[?25l[A[1Gpulling manifest [K
pulling 2bada8a74506: 100% ▕█████████████████ ▏ 4.7 GB/4.7 GB  4.8 MB/s      4s[K[?25h[?2026l[?2026h[?25l[A[1Gpulling manifest [K
pulling 2bada8a74506: 100% ▕█████████████████ ▏ 4.7 GB/4.7 GB  4.7 MB/s      4s[K[?25h[?2026l[?2026h[?25l[A[1Gpulling manifest [K
pulling 2bada8a74506: 100% ▕█████████████████ ▏ 4.7 GB/4.7 GB  4.7 MB/s      4s[K[?25h[?2026l[?2026h[?25l[A[1Gpulling manifest [K
pulling 2bada8a74506: 100% ▕█████████████████ ▏ 4.7 GB/4.7 GB  4.7 MB/s      4s[K[?25h[?2026l[?2026h[?25l[A[1Gpulling manifest [K
pulling 2bada8a74506: 100% ▕█████████████████ ▏ 4.7 GB/4.7 GB  4.7 MB/s      3s[K[?25h[?2026l[?2026h[?25l[A[1Gpulling manifest [K
pulling 2bada8a74506: 100% ▕█████████████████ ▏ 4.7 GB/4.7 GB  4.7 MB/s      3s[K[?25h[?2026l[?2026h[?25l[A[1Gpulling manifest [K
pulling 2bada8a74506: 100% ▕█████████████████ ▏ 4.7 GB/4.7 GB  4.7 MB/s      3s[K[?25h[?2026l[?2026h[?25l[A[1Gpulling manifest [K
pulling 2bada8a74506: 100% ▕█████████████████ ▏ 4.7 GB/4.7 GB  4.7 MB/s      3s[K[?25h[?2026l[?2026h[?25l[A[1Gpulling manifest [K
pulling 2bada8a74506: 100% ▕█████████████████ ▏ 4.7 GB/4.7 GB  4.7 MB/s      3s[K[?25h[?2026l[?2026h[?25l[A[1Gpulling manifest [K
pulling 2bada8a74506: 100% ▕█████████████████ ▏ 4.7 GB/4.7 GB  4.7 MB/s      3s[K[?25h[?2026l[?2026h[?25l[A[1Gpulling manifest [K
pulling 2bada8a74506: 100% ▕█████████████████ ▏ 4.7 GB/4.7 GB  4.7 MB/s      3s[K[?25h[?2026l[?2026h[?25l[A[1Gpulling manifest [K
pulling 2bada8a74506: 100% ▕█████████████████ ▏ 4.7 GB/4.7 GB  4.7 MB/s      3s[K[?25h[?2026l[?2026h[?25l[A[1Gpulling manifest [K
pulling 2bada8a74506: 100% ▕█████████████████ ▏ 4.7 GB/4.7 GB  4.7 MB/s      3s[K[?25h[?2026l[?2026h[?25l[A[1Gpulling manifest [K
pulling 2bada8a74506: 100% ▕█████████████████ ▏ 4.7 GB/4.7 GB  4.7 MB/s      3s[K[?25h[?2026l[?2026h[?25l[A[1Gpulling manifest [K
pulling 2bada8a74506: 100% ▕█████████████████ ▏ 4.7 GB/4.7 GB  4.7 MB/s      2s[K[?25h[?2026l[?2026h[?25l[A[1Gpulling manifest [K
pulling 2bada8a74506: 100% ▕█████████████████ ▏ 4.7 GB/4.7 GB  4.7 MB/s      2s[K[?25h[?2026l[?2026h[?25l[A[1Gpulling manifest [K
pulling 2bada8a74506: 100% ▕█████████████████ ▏ 4.7 GB/4.7 GB  4.7 MB/s      2s[K[?25h[?2026l[?2026h[?25l[A[1Gpulling manifest [K
pulling 2bada8a74506: 100% ▕█████████████████ ▏ 4.7 GB/4.7 GB  4.7 MB/s      2s[K[?25h[?2026l[?2026h[?25l[A[1Gpulling manifest [K
pulling 2bada8a74506: 100% ▕█████████████████ ▏ 4.7 GB/4.7 GB  4.7 MB/s      2s[K[?25h[?2026l[?2026h[?25l[A[1Gpulling manifest [K
pulling 2bada8a74506: 100% ▕█████████████████ ▏ 4.7 GB/4.7 GB  4.7 MB/s      2s[K[?25h[?2026l[?2026h[?25l[A[1Gpulling manifest [K
pulling 2bada8a74506: 100% ▕█████████████████ ▏ 4.7 GB/4.7 GB  4.7 MB/s      2s[K[?25h[?2026l[?2026h[?25l[A[1Gpulling manifest [K
pulling 2bada8a74506: 100% ▕█████████████████ ▏ 4.7 GB/4.7 GB  4.7 MB/s      2s[K[?25h[?2026l[?2026h[?25l[A[1Gpulling manifest [K
pulling 2bada8a74506: 100% ▕█████████████████ ▏ 4.7 GB/4.7 GB  4.7 MB/s      2s[K[?25h[?2026l[?2026h[?25l[A[1Gpulling manifest [K
pulling 2bada8a74506: 100% ▕█████████████████ ▏ 4.7 GB/4.7 GB  4.7 MB/s      2s[K[?25h[?2026l[?2026h[?25l[A[1Gpulling manifest [K
pulling 2bada8a74506: 100% ▕█████████████████ ▏ 4.7 GB/4.7 GB  4.7 MB/s      2s[K[?25h[?2026l[?2026h[?25l[A[1Gpulling manifest [K
pulling 2bada8a74506: 100% ▕█████████████████ ▏ 4.7 GB/4.7 GB  4.7 MB/s      2s[K[?25h[?2026l[?2026h[?25l[A[1Gpulling manifest [K
pulling 2bada8a74506: 100% ▕█████████████████ ▏ 4.7 GB/4.7 GB  4.7 MB/s      1s[K[?25h[?2026l[?2026h[?25l[A[1Gpulling manifest [K
pulling 2bada8a74506: 100% ▕█████████████████ ▏ 4.7 GB/4.7 GB  4.7 MB/s      1s[K[?25h[?2026l[?2026h[?25l[A[1Gpulling manifest [K
pulling 2bada8a74506: 100% ▕█████████████████ ▏ 4.7 GB/4.7 GB  4.7 MB/s      1s[K[?25h[?2026l[?2026h[?25l[A[1Gpulling manifest [K
pulling 2bada8a74506: 100% ▕█████████████████ ▏ 4.7 GB/4.7 GB  4.7 MB/s      1s[K[?25h[?2026l[?2026h[?25l[A[1Gpulling manifest [K
pulling 2bada8a74506: 100% ▕█████████████████ ▏ 4.7 GB/4.7 GB  4.7 MB/s      1s[K[?25h[?2026l[?2026h[?25l[A[1Gpulling manifest [K
pulling 2bada8a74506: 100% ▕█████████████████ ▏ 4.7 GB/4.7 GB  4.7 MB/s      1s[K[?25h[?2026l[?2026h[?25l[A[1Gpulling manifest [K
pulling 2bada8a74506: 100% ▕█████████████████ ▏ 4.7 GB/4.7 GB  4.7 MB/s      1s[K[?25h[?2026l[?2026h[?25l[A[1Gpulling manifest [K
pulling 2bada8a74506: 100% ▕█████████████████ ▏ 4.7 GB/4.7 GB  4.7 MB/s      1s[K[?25h[?2026l[?2026h[?25l[A[1Gpulling manifest [K
pulling 2bada8a74506: 100% ▕█████████████████ ▏ 4.7 GB/4.7 GB  4.7 MB/s      1s[K[?25h[?2026l[?2026h[?25l[A[1Gpulling manifest [K
pulling 2bada8a74506: 100% ▕█████████████████ ▏ 4.7 GB/4.7 GB  4.7 MB/s      1s[K[?25h[?2026l[?2026h[?25l[A[1Gpulling manifest [K
pulling 2bada8a74506: 100% ▕█████████████████ ▏ 4.7 GB/4.7 GB  4.7 MB/s      0s[K[?25h[?2026l[?2026h[?25l[A[1Gpulling manifest [K
pulling 2bada8a74506: 100% ▕█████████████████ ▏ 4.7 GB/4.7 GB  4.7 MB/s      0s[K[?25h[?2026l[?2026h[?25l[A[1Gpulling manifest [K
pulling 2bada8a74506: 100% ▕█████████████████ ▏ 4.7 GB/4.7 GB  4.7 MB/s      0s[K[?25h[?2026l[?2026h[?25l[A[1Gpulling manifest [K
pulling 2bada8a74506: 100% ▕█████████████████ ▏ 4.7 GB/4.7 GB  4.7 MB/s      0s[K[?25h[?2026l[?2026h[?25l[A[1Gpulling manifest [K
pulling 2bada8a74506: 100% ▕█████████████████ ▏ 4.7 GB/4.7 GB  4.7 MB/s      0s[K[?25h[?2026l[?2026h[?25l[A[1Gpulling manifest [K
pulling 2bada8a74506: 100% ▕█████████████████ ▏ 4.7 GB/4.7 GB  4.7 MB/s      0s[K[?25h[?2026l[?2026h[?25l[A[1Gpulling manifest [K
pulling 2bada8a74506: 100% ▕█████████████████ ▏ 4.7 GB/4.7 GB  4.6 MB/s      0s[K[?25h[?2026l[?2026h[?25l[A[1Gpulling manifest [K
pulling 2bada8a74506: 100% ▕█████████████████ ▏ 4.7 GB/4.7 GB  4.6 MB/s      0s[K[?25h[?2026l[?2026h[?25l[A[1Gpulling manifest [K
pulling 2bada8a74506: 100% ▕█████████████████ ▏ 4.7 GB/4.7 GB  4.6 MB/s      0s[K[?25h[?2026l[?2026h[?25l[A[1Gpulling manifest [K
pulling 2bada8a74506: 100% ▕█████████████████ ▏ 4.7 GB/4.7 GB  4.6 MB/s      0s[K[?25h[?2026l[?2026h[?25l[A[1Gpulling manifest [K
pulling 2bada8a74506: 100% ▕█████████████████ ▏ 4.7 GB/4.7 GB  4.6 MB/s      0s[K[?25h[?2026l[?2026h[?25l[A[1Gpulling manifest [K
pulling 2bada8a74506: 100% ▕█████████████████ ▏ 4.7 GB/4.7 GB  4.6 MB/s      0s[K[?25h[?2026l[?2026h[?25l[A[1Gpulling manifest [K
pulling 2bada8a74506: 100% ▕█████████████████ ▏ 4.7 GB/4.7 GB  4.6 MB/s      0s[K[?25h[?2026l[?2026h[?25l[A[1Gpulling manifest [K
pulling 2bada8a74506: 100% ▕██████████████████▏ 4.7 GB                         [K[?25h[?2026l[?2026h[?25l[A[1Gpulling manifest [K
pulling 2bada8a74506: 100% ▕██████████████████▏ 4.7 GB                         [K
pulling 66b9ea09bd5b: 100% ▕██████████████████▏   68 B                         [K
pulling eb4402837c78: 100% ▕██████████████████▏ 1.5 KB                         [K[?25h[?2026l[?2026h[?25l[A[A[A[1Gpulling manifest [K
pulling 2bada8a74506: 100% ▕██████████████████▏ 4.7 GB                         [K
pulling 66b9ea09bd5b: 100% ▕██████████████████▏   68 B                         [K
pulling eb4402837c78: 100% ▕██████████████████▏ 1.5 KB                         [K[?25h[?2026l[?2026h[?25l[A[A[A[1Gpulling manifest [K
pulling 2bada8a74506: 100% ▕██████████████████▏ 4.7 GB                         [K
pulling 66b9ea09bd5b: 100% ▕██████████████████▏   68 B                         [K
pulling eb4402837c78: 100% ▕██████████████████▏ 1.5 KB                         [K[?25h[?2026l[?2026h[?25l[A[A[A[1Gpulling manifest [K
pulling 2bada8a74506: 100% ▕██████████████████▏ 4.7 GB                         [K
pulling 66b9ea09bd5b: 100% ▕██████████████████▏   68 B                         [K
pulling eb4402837c78: 100% ▕██████████████████▏ 1.5 KB                         [K[?25h[?2026l[?2026h[?25l[A[A[A[1Gpulling manifest [K
pulling 2bada8a74506: 100% ▕██████████████████▏ 4.7 GB                         [K
pulling 66b9ea09bd5b: 100% ▕██████████████████▏   68 B                         [K
pulling eb4402837c78: 100% ▕██████████████████▏ 1.5 KB                         [K[?25h[?2026l[?2026h[?25l[A[A[A[1Gpulling manifest [K
pulling 2bada8a74506: 100% ▕██████████████████▏ 4.7 GB                         [K
pulling 66b9ea09bd5b: 100% ▕██████████████████▏   68 B                         [K
pulling eb4402837c78: 100% ▕██████████████████▏ 1.5 KB                         [K[?25h[?2026l[?2026h[?25l[A[A[A[1Gpulling manifest [K
pulling 2bada8a74506: 100% ▕██████████████████▏ 4.7 GB                         [K
pulling 66b9ea09bd5b: 100% ▕██████████████████▏   68 B                         [K
pulling eb4402837c78: 100% ▕██████████████████▏ 1.5 KB                         [K[?25h[?2026l[?2026h[?25l[A[A[A[1Gpulling manifest [K
pulling 2bada8a74506: 100% ▕██████████████████▏ 4.7 GB                         [K
pulling 66b9ea09bd5b: 100% ▕██████████████████▏   68 B                         [K
pulling eb4402837c78: 100% ▕██████████████████▏ 1.5 KB                         [K[?25h[?2026l[?2026h[?25l[A[A[A[1Gpulling manifest [K
pulling 2bada8a74506: 100% ▕██████████████████▏ 4.7 GB                         [K
pulling 66b9ea09bd5b: 100% ▕██████████████████▏   68 B                         [K
pulling eb4402837c78: 100% ▕██████████████████▏ 1.5 KB                         [K[?25h[?2026l[?2026h[?25l[A[A[A[1Gpulling manifest [K
pulling 2bada8a74506: 100% ▕██████████████████▏ 4.7 GB                         [K
pulling 66b9ea09bd5b: 100% ▕██████████████████▏   68 B                         [K
pulling eb4402837c78: 100% ▕██████████████████▏ 1.5 KB                         [K[?25h[?2026l[?2026h[?25l[A[A[A[1Gpulling manifest [K
pulling 2bada8a74506: 100% ▕██████████████████▏ 4.7 GB                         [K
pulling 66b9ea09bd5b: 100% ▕██████████████████▏   68 B                         [K
pulling eb4402837c78: 100% ▕██████████████████▏ 1.5 KB                         [K[?25h[?2026l[?2026h[?25l[A[A[A[1Gpulling manifest [K
pulling 2bada8a74506: 100% ▕██████████████████▏ 4.7 GB                         [K
pulling 66b9ea09bd5b: 100% ▕██████████████████▏   68 B                         [K
pulling eb4402837c78: 100% ▕██████████████████▏ 1.5 KB                         [K[?25h[?2026l[?2026h[?25l[A[A[A[1Gpulling manifest [K
pulling 2bada8a74506: 100% ▕██████████████████▏ 4.7 GB                         [K
pulling 66b9ea09bd5b: 100% ▕██████████████████▏   68 B                         [K
pulling eb4402837c78: 100% ▕██████████████████▏ 1.5 KB                         [K[?25h[?2026l[?2026h[?25l[A[A[A[1Gpulling manifest [K
pulling 2bada8a74506: 100% ▕██████████████████▏ 4.7 GB                         [K
pulling 66b9ea09bd5b: 100% ▕██████████████████▏   68 B                         [K
pulling eb4402837c78: 100% ▕██████████████████▏ 1.5 KB                         [K
pulling 832dd9e00a68:  72% ▕████████████      ▏ 8.2 KB/ 11 KB                  [K[?25h[?2026l[?2026h[?25l[A[A[A[A[1Gpulling manifest [K
pulling 2bada8a74506: 100% ▕██████████████████▏ 4.7 GB                         [K
pulling 66b9ea09bd5b: 100% ▕██████████████████▏   68 B                         [K
pulling eb4402837c78: 100% ▕██████████████████▏ 1.5 KB                         [K
pulling 832dd9e00a68:  72% ▕████████████      ▏ 8.2 KB/ 11 KB                  [K[?25h[?2026l[?2026h[?25l[A[A[A[A[1Gpulling manifest [K
pulling 2bada8a74506: 100% ▕██████████████████▏ 4.7 GB                         [K
pulling 66b9ea09bd5b: 100% ▕██████████████████▏   68 B                         [K
pulling eb4402837c78: 100% ▕██████████████████▏ 1.5 KB                         [K
pulling 832dd9e00a68:  72% ▕████████████      ▏ 8.2 KB/ 11 KB                  [K[?25h[?2026l[?2026h[?25l[A[A[A[A[1Gpulling manifest [K
pulling 2bada8a74506: 100% ▕██████████████████▏ 4.7 GB                         [K
pulling 66b9ea09bd5b: 100% ▕██████████████████▏   68 B                         [K
pulling eb4402837c78: 100% ▕██████████████████▏ 1.5 KB                         [K
pulling 832dd9e00a68:  72% ▕████████████      ▏ 8.2 KB/ 11 KB                  [K[?25h[?2026l[?2026h[?25l[A[A[A[A[1Gpulling manifest [K
pulling 2bada8a74506: 100% ▕██████████████████▏ 4.7 GB                         [K
pulling 66b9ea09bd5b: 100% ▕██████████████████▏   68 B                         [K
pulling eb4402837c78: 100% ▕██████████████████▏ 1.5 KB                         [K
pulling 832dd9e00a68:  72% ▕████████████      ▏ 8.2 KB/ 11 KB                  [K[?25h[?2026l[?2026h[?25l[A[A[A[A[1Gpulling manifest [K
pulling 2bada8a74506: 100% ▕██████████████████▏ 4.7 GB                         [K
pulling 66b9ea09bd5b: 100% ▕██████████████████▏   68 B                         [K
pulling eb4402837c78: 100% ▕██████████████████▏ 1.5 KB                         [K
pulling 832dd9e00a68:  72% ▕████████████      ▏ 8.2 KB/ 11 KB                  [K[?25h[?2026l[?2026h[?25l[A[A[A[A[1Gpulling manifest [K
pulling 2bada8a74506: 100% ▕██████████████████▏ 4.7 GB                         [K
pulling 66b9ea09bd5b: 100% ▕██████████████████▏   68 B                         [K
pulling eb4402837c78: 100% ▕██████████████████▏ 1.5 KB                         [K
pulling 832dd9e00a68:  72% ▕████████████      ▏ 8.2 KB/ 11 KB                  [K[?25h[?2026l[?2026h[?25l[A[A[A[A[1Gpulling manifest [K
pulling 2bada8a74506: 100% ▕██████████████████▏ 4.7 GB                         [K
pulling 66b9ea09bd5b: 100% ▕██████████████████▏   68 B                         [K
pulling eb4402837c78: 100% ▕██████████████████▏ 1.5 KB                         [K
pulling 832dd9e00a68:  72% ▕████████████      ▏ 8.2 KB/ 11 KB                  [K[?25h[?2026l[?2026h[?25l[A[A[A[A[1Gpulling manifest [K
pulling 2bada8a74506: 100% ▕██████████████████▏ 4.7 GB                         [K
pulling 66b9ea09bd5b: 100% ▕██████████████████▏   68 B                         [K
pulling eb4402837c78: 100% ▕██████████████████▏ 1.5 KB                         [K
pulling 832dd9e00a68:  72% ▕████████████      ▏ 8.2 KB/ 11 KB                  [K[?25h[?2026l[?2026h[?25l[A[A[A[A[1Gpulling manifest [K
pulling 2bada8a74506: 100% ▕██████████████████▏ 4.7 GB                         [K
pulling 66b9ea09bd5b: 100% ▕██████████████████▏   68 B                         [K
pulling eb4402837c78: 100% ▕██████████████████▏ 1.5 KB                         [K
pulling 832dd9e00a68:  72% ▕████████████      ▏ 8.2 KB/ 11 KB                  [K[?25h[?2026l[?2026h[?25l[A[A[A[A[1Gpulling manifest [K
pulling 2bada8a74506: 100% ▕██████████████████▏ 4.7 GB                         [K
pulling 66b9ea09bd5b: 100% ▕██████████████████▏   68 B                         [K
pulling eb4402837c78: 100% ▕██████████████████▏ 1.5 KB                         [K
pulling 832dd9e00a68:  72% ▕████████████      ▏ 8.2 KB/ 11 KB                  [K[?25h[?2026l[?2026h[?25l[A[A[A[A[1Gpulling manifest [K
pulling 2bada8a74506: 100% ▕██████████████████▏ 4.7 GB                         [K
pulling 66b9ea09bd5b: 100% ▕██████████████████▏   68 B                         [K
pulling eb4402837c78: 100% ▕██████████████████▏ 1.5 KB                         [K
pulling 832dd9e00a68:  72% ▕████████████      ▏ 8.2 KB/ 11 KB                  [K
verifying sha256 digest ⠋ [K[?25h[?2026l[?2026h[?25l[A[A[A[A[A[1Gpulling manifest [K
pulling 2bada8a74506: 100% ▕██████████████████▏ 4.7 GB                         [K
pulling 66b9ea09bd5b: 100% ▕██████████████████▏   68 B                         [K
pulling eb4402837c78: 100% ▕██████████████████▏ 1.5 KB                         [K
pulling 832dd9e00a68:  72% ▕████████████      ▏ 8.2 KB/ 11 KB                  [K
verifying sha256 digest ⠙ [K[?25h[?2026l[?2026h[?25l[A[A[A[A[A[1Gpulling manifest [K
pulling 2bada8a74506: 100% ▕██████████████████▏ 4.7 GB                         [K
pulling 66b9ea09bd5b: 100% ▕██████████████████▏   68 B                         [K
pulling eb4402837c78: 100% ▕██████████████████▏ 1.5 KB                         [K
pulling 832dd9e00a68:  72% ▕████████████      ▏ 8.2 KB/ 11 KB                  [K
verifying sha256 digest ⠹ [K[?25h[?2026l[?2026h[?25l[A[A[A[A[A[1Gpulling manifest [K
pulling 2bada8a74506: 100% ▕██████████████████▏ 4.7 GB                         [K
pulling 66b9ea09bd5b: 100% ▕██████████████████▏   68 B                         [K
pulling eb4402837c78: 100% ▕██████████████████▏ 1.5 KB                         [K
pulling 832dd9e00a68:  72% ▕████████████      ▏ 8.2 KB/ 11 KB                  [K
verifying sha256 digest ⠸ [K[?25h[?2026l[?2026h[?25l[A[A[A[A[A[1Gpulling manifest [K
pulling 2bada8a74506: 100% ▕██████████████████▏ 4.7 GB                         [K
pulling 66b9ea09bd5b: 100% ▕██████████████████▏   68 B                         [K
pulling eb4402837c78: 100% ▕██████████████████▏ 1.5 KB                         [K
pulling 832dd9e00a68:  72% ▕████████████      ▏ 8.2 KB/ 11 KB                  [K
verifying sha256 digest ⠼ [K[?25h[?2026l[?2026h[?25l[A[A[A[A[A[1Gpulling manifest [K
pulling 2bada8a74506: 100% ▕██████████████████▏ 4.7 GB                         [K
pulling 66b9ea09bd5b: 100% ▕██████████████████▏   68 B                         [K
pulling eb4402837c78: 100% ▕██████████████████▏ 1.5 KB                         [K
pulling 832dd9e00a68:  72% ▕████████████      ▏ 8.2 KB/ 11 KB                  [K
verifying sha256 digest ⠴ [K[?25h[?2026l[?2026h[?25l[A[A[A[A[A[1Gpulling manifest [K
pulling 2bada8a74506: 100% ▕██████████████████▏ 4.7 GB                         [K
pulling 66b9ea09bd5b: 100% ▕██████████████████▏   68 B                         [K
pulling eb4402837c78: 100% ▕██████████████████▏ 1.5 KB                         [K
pulling 832dd9e00a68:  72% ▕████████████      ▏ 8.2 KB/ 11 KB                  [K
verifying sha256 digest ⠦ [K[?25h[?2026l[?2026h[?25l[A[A[A[A[A[1Gpulling manifest [K
pulling 2bada8a74506: 100% ▕██████████████████▏ 4.7 GB                         [K
pulling 66b9ea09bd5b: 100% ▕██████████████████▏   68 B                         [K
pulling eb4402837c78: 100% ▕██████████████████▏ 1.5 KB                         [K
pulling 832dd9e00a68:  72% ▕████████████      ▏ 8.2 KB/ 11 KB                  [K
verifying sha256 digest ⠧ [K[?25h[?2026l[?2026h[?25l[A[A[A[A[A[1Gpulling manifest [K
pulling 2bada8a74506: 100% ▕██████████████████▏ 4.7 GB                         [K
pulling 66b9ea09bd5b: 100% ▕██████████████████▏   68 B                         [K
pulling eb4402837c78: 100% ▕██████████████████▏ 1.5 KB                         [K
pulling 832dd9e00a68:  72% ▕████████████      ▏ 8.2 KB/ 11 KB                  [K
verifying sha256 digest ⠇ [K[?25h[?2026l[?2026h[?25l[A[A[A[A[A[1Gpulling manifest [K
pulling 2bada8a74506: 100% ▕██████████████████▏ 4.7 GB                         [K
pulling 66b9ea09bd5b: 100% ▕██████████████████▏   68 B                         [K
pulling eb4402837c78: 100% ▕██████████████████▏ 1.5 KB                         [K
pulling 832dd9e00a68:  72% ▕████████████      ▏ 8.2 KB/ 11 KB                  [K
verifying sha256 digest ⠏ [K[?25h[?2026l[?2026h[?25l[A[A[A[A[A[1Gpulling manifest [K
pulling 2bada8a74506: 100% ▕██████████████████▏ 4.7 GB                         [K
pulling 66b9ea09bd5b: 100% ▕██████████████████▏   68 B                         [K
pulling eb4402837c78: 100% ▕██████████████████▏ 1.5 KB                         [K
pulling 832dd9e00a68:  72% ▕████████████      ▏ 8.2 KB/ 11 KB                  [K
verifying sha256 digest ⠋ [K[?25h[?2026l[?2026h[?25l[A[A[A[A[A[1Gpulling manifest [K
pulling 2bada8a74506: 100% ▕██████████████████▏ 4.7 GB                         [K
pulling 66b9ea09bd5b: 100% ▕██████████████████▏   68 B                         [K
pulling eb4402837c78: 100% ▕██████████████████▏ 1.5 KB                         [K
pulling 832dd9e00a68:  72% ▕████████████      ▏ 8.2 KB/ 11 KB                  [K
verifying sha256 digest ⠙ [K[?25h[?2026l[?2026h[?25l[A[A[A[A[A[1Gpulling manifest [K
pulling 2bada8a74506: 100% ▕██████████████████▏ 4.7 GB                         [K
pulling 66b9ea09bd5b: 100% ▕██████████████████▏   68 B                         [K
pulling eb4402837c78: 100% ▕██████████████████▏ 1.5 KB                         [K
pulling 832dd9e00a68:  72% ▕████████████      ▏ 8.2 KB/ 11 KB                  [K
verifying sha256 digest ⠹ [K[?25h[?2026l[?2026h[?25l[A[A[A[A[A[1Gpulling manifest [K
pulling 2bada8a74506: 100% ▕██████████████████▏ 4.7 GB                         [K
pulling 66b9ea09bd5b: 100% ▕██████████████████▏   68 B                         [K
pulling eb4402837c78: 100% ▕██████████████████▏ 1.5 KB                         [K
pulling 832dd9e00a68:  72% ▕████████████      ▏ 8.2 KB/ 11 KB                  [K
verifying sha256 digest ⠸ [K[?25h[?2026l[?2026h[?25l[A[A[A[A[A[1Gpulling manifest [K
pulling 2bada8a74506: 100% ▕██████████████████▏ 4.7 GB                         [K
pulling 66b9ea09bd5b: 100% ▕██████████████████▏   68 B                         [K
pulling eb4402837c78: 100% ▕██████████████████▏ 1.5 KB                         [K
pulling 832dd9e00a68:  72% ▕████████████      ▏ 8.2 KB/ 11 KB                  [K
verifying sha256 digest ⠼ [K[?25h[?2026l[?2026h[?25l[A[A[A[A[A[1Gpulling manifest [K
pulling 2bada8a74506: 100% ▕██████████████████▏ 4.7 GB                         [K
pulling 66b9ea09bd5b: 100% ▕██████████████████▏   68 B                         [K
pulling eb4402837c78: 100% ▕██████████████████▏ 1.5 KB                         [K
pulling 832dd9e00a68:  72% ▕████████████      ▏ 8.2 KB/ 11 KB                  [K
verifying sha256 digest ⠴ [K[?25h[?2026l[?2026h[?25l[A[A[A[A[A[1Gpulling manifest [K
pulling 2bada8a74506: 100% ▕██████████████████▏ 4.7 GB                         [K
pulling 66b9ea09bd5b: 100% ▕██████████████████▏   68 B                         [K
pulling eb4402837c78: 100% ▕██████████████████▏ 1.5 KB                         [K
pulling 832dd9e00a68:  72% ▕████████████      ▏ 8.2 KB/ 11 KB                  [K
verifying sha256 digest ⠦ [K[?25h[?2026l[?2026h[?25l[A[A[A[A[A[1Gpulling manifest [K
pulling 2bada8a74506: 100% ▕██████████████████▏ 4.7 GB                         [K
pulling 66b9ea09bd5b: 100% ▕██████████████████▏   68 B                         [K
pulling eb4402837c78: 100% ▕██████████████████▏ 1.5 KB                         [K
pulling 832dd9e00a68:  72% ▕████████████      ▏ 8.2 KB/ 11 KB                  [K
verifying sha256 digest ⠧ [K[?25h[?2026l[?2026h[?25l[A[A[A[A[A[1Gpulling manifest [K
pulling 2bada8a74506: 100% ▕██████████████████▏ 4.7 GB                         [K
pulling 66b9ea09bd5b: 100% ▕██████████████████▏   68 B                         [K
pulling eb4402837c78: 100% ▕██████████████████▏ 1.5 KB                         [K
pulling 832dd9e00a68:  72% ▕████████████      ▏ 8.2 KB/ 11 KB                  [K
verifying sha256 digest ⠇ [K[?25h[?2026l[?2026h[?25l[A[A[A[A[A[1Gpulling manifest [K
pulling 2bada8a74506: 100% ▕██████████████████▏ 4.7 GB                         [K
pulling 66b9ea09bd5b: 100% ▕██████████████████▏   68 B                         [K
pulling eb4402837c78: 100% ▕██████████████████▏ 1.5 KB                         [K
pulling 832dd9e00a68:  72% ▕████████████      ▏ 8.2 KB/ 11 KB                  [K
verifying sha256 digest ⠏ [K[?25h[?2026l[?2026h[?25l[A[A[A[A[A[1Gpulling manifest [K
pulling 2bada8a74506: 100% ▕██████████████████▏ 4.7 GB                         [K
pulling 66b9ea09bd5b: 100% ▕██████████████████▏   68 B                         [K
pulling eb4402837c78: 100% ▕██████████████████▏ 1.5 KB                         [K
pulling 832dd9e00a68:  72% ▕████████████      ▏ 8.2 KB/ 11 KB                  [K
verifying sha256 digest ⠋ [K[?25h[?2026l[?2026h[?25l[A[A[A[A[A[1Gpulling manifest [K
pulling 2bada8a74506: 100% ▕██████████████████▏ 4.7 GB                         [K
pulling 66b9ea09bd5b: 100% ▕██████████████████▏   68 B                         [K
pulling eb4402837c78: 100% ▕██████████████████▏ 1.5 KB                         [K
pulling 832dd9e00a68:  72% ▕████████████      ▏ 8.2 KB/ 11 KB                  [K
verifying sha256 digest ⠙ [K[?25h[?2026l[?2026h[?25l[A[A[A[A[A[1Gpulling manifest [K
pulling 2bada8a74506: 100% ▕██████████████████▏ 4.7 GB                         [K
pulling 66b9ea09bd5b: 100% ▕██████████████████▏   68 B                         [K
pulling eb4402837c78: 100% ▕██████████████████▏ 1.5 KB                         [K
pulling 832dd9e00a68:  72% ▕████████████      ▏ 8.2 KB/ 11 KB                  [K
verifying sha256 digest ⠹ [K[?25h[?2026l[?2026h[?25l[A[A[A[A[A[1Gpulling manifest [K
pulling 2bada8a74506: 100% ▕██████████████████▏ 4.7 GB                         [K
pulling 66b9ea09bd5b: 100% ▕██████████████████▏   68 B                         [K
pulling eb4402837c78: 100% ▕██████████████████▏ 1.5 KB                         [K
pulling 832dd9e00a68:  72% ▕████████████      ▏ 8.2 KB/ 11 KB                  [K
verifying sha256 digest ⠸ [K[?25h[?2026l[?2026h[?25l[A[A[A[A[A[1Gpulling manifest [K
pulling 2bada8a74506: 100% ▕██████████████████▏ 4.7 GB                         [K
pulling 66b9ea09bd5b: 100% ▕██████████████████▏   68 B                         [K
pulling eb4402837c78: 100% ▕██████████████████▏ 1.5 KB                         [K
pulling 832dd9e00a68:  72% ▕████████████      ▏ 8.2 KB/ 11 KB                  [K
verifying sha256 digest ⠼ [K[?25h[?2026l[?2026h[?25l[A[A[A[A[A[1Gpulling manifest [K
pulling 2bada8a74506: 100% ▕██████████████████▏ 4.7 GB                         [K
pulling 66b9ea09bd5b: 100% ▕██████████████████▏   68 B                         [K
pulling eb4402837c78: 100% ▕██████████████████▏ 1.5 KB                         [K
pulling 832dd9e00a68:  72% ▕████████████      ▏ 8.2 KB/ 11 KB                  [K
verifying sha256 digest ⠴ [K[?25h[?2026l[?2026h[?25l[A[A[A[A[A[1Gpulling manifest [K
pulling 2bada8a74506: 100% ▕██████████████████▏ 4.7 GB                         [K
pulling 66b9ea09bd5b: 100% ▕██████████████████▏   68 B                         [K
pulling eb4402837c78: 100% ▕██████████████████▏ 1.5 KB                         [K
pulling 832dd9e00a68:  72% ▕████████████      ▏ 8.2 KB/ 11 KB                  [K
verifying sha256 digest ⠦ [K[?25h[?2026l[?2026h[?25l[A[A[A[A[A[1Gpulling manifest [K
pulling 2bada8a74506: 100% ▕██████████████████▏ 4.7 GB                         [K
pulling 66b9ea09bd5b: 100% ▕██████████████████▏   68 B                         [K
pulling eb4402837c78: 100% ▕██████████████████▏ 1.5 KB                         [K
pulling 832dd9e00a68:  72% ▕████████████      ▏ 8.2 KB/ 11 KB                  [K
verifying sha256 digest ⠧ [K[?25h[?2026l[?2026h[?25l[A[A[A[A[A[1Gpulling manifest [K
pulling 2bada8a74506: 100% ▕██████████████████▏ 4.7 GB                         [K
pulling 66b9ea09bd5b: 100% ▕██████████████████▏   68 B                         [K
pulling eb4402837c78: 100% ▕██████████████████▏ 1.5 KB                         [K
pulling 832dd9e00a68:  72% ▕████████████      ▏ 8.2 KB/ 11 KB                  [K
verifying sha256 digest ⠇ [K[?25h[?2026l[?2026h[?25l[A[A[A[A[A[1Gpulling manifest [K
pulling 2bada8a74506: 100% ▕██████████████████▏ 4.7 GB                         [K
pulling 66b9ea09bd5b: 100% ▕██████████████████▏   68 B                         [K
pulling eb4402837c78: 100% ▕██████████████████▏ 1.5 KB                         [K
pulling 832dd9e00a68:  72% ▕████████████      ▏ 8.2 KB/ 11 KB                  [K
verifying sha256 digest ⠏ [K[?25h[?2026l[?2026h[?25l[A[A[A[A[A[1Gpulling manifest [K
pulling 2bada8a74506: 100% ▕██████████████████▏ 4.7 GB                         [K
pulling 66b9ea09bd5b: 100% ▕██████████████████▏   68 B                         [K
pulling eb4402837c78: 100% ▕██████████████████▏ 1.5 KB                         [K
pulling 832dd9e00a68:  72% ▕████████████      ▏ 8.2 KB/ 11 KB                  [K
verifying sha256 digest ⠋ [K[?25h[?2026l[?2026h[?25l[A[A[A[A[A[1Gpulling manifest [K
pulling 2bada8a74506: 100% ▕██████████████████▏ 4.7 GB                         [K
pulling 66b9ea09bd5b: 100% ▕██████████████████▏   68 B                         [K
pulling eb4402837c78: 100% ▕██████████████████▏ 1.5 KB                         [K
pulling 832dd9e00a68:  72% ▕████████████      ▏ 8.2 KB/ 11 KB                  [K
verifying sha256 digest ⠙ [K[?25h[?2026l[?2026h[?25l[A[A[A[A[A[1Gpulling manifest [K
pulling 2bada8a74506: 100% ▕██████████████████▏ 4.7 GB                         [K
pulling 66b9ea09bd5b: 100% ▕██████████████████▏   68 B                         [K
pulling eb4402837c78: 100% ▕██████████████████▏ 1.5 KB                         [K
pulling 832dd9e00a68:  72% ▕████████████      ▏ 8.2 KB/ 11 KB                  [K
verifying sha256 digest ⠹ [K[?25h[?2026l[?2026h[?25l[A[A[A[A[A[1Gpulling manifest [K
pulling 2bada8a74506: 100% ▕██████████████████▏ 4.7 GB                         [K
pulling 66b9ea09bd5b: 100% ▕██████████████████▏   68 B                         [K
pulling eb4402837c78: 100% ▕██████████████████▏ 1.5 KB                         [K
pulling 832dd9e00a68:  72% ▕████████████      ▏ 8.2 KB/ 11 KB                  [K
verifying sha256 digest ⠸ [K[?25h[?2026l[?2026h[?25l[A[A[A[A[A[1Gpulling manifest [K
pulling 2bada8a74506: 100% ▕██████████████████▏ 4.7 GB                         [K
pulling 66b9ea09bd5b: 100% ▕██████████████████▏   68 B                         [K
pulling eb4402837c78: 100% ▕██████████████████▏ 1.5 KB                         [K
pulling 832dd9e00a68:  72% ▕████████████      ▏ 8.2 KB/ 11 KB                  [K
verifying sha256 digest ⠼ [K[?25h[?2026l[?2026h[?25l[A[A[A[A[A[1Gpulling manifest [K
pulling 2bada8a74506: 100% ▕██████████████████▏ 4.7 GB                         [K
pulling 66b9ea09bd5b: 100% ▕██████████████████▏   68 B                         [K
pulling eb4402837c78: 100% ▕██████████████████▏ 1.5 KB                         [K
pulling 832dd9e00a68:  72% ▕████████████      ▏ 8.2 KB/ 11 KB                  [K
verifying sha256 digest ⠴ [K[?25h[?2026l[?2026h[?25l[A[A[A[A[A[1Gpulling manifest [K
pulling 2bada8a74506: 100% ▕██████████████████▏ 4.7 GB                         [K
pulling 66b9ea09bd5b: 100% ▕██████████████████▏   68 B                         [K
pulling eb4402837c78: 100% ▕██████████████████▏ 1.5 KB                         [K
pulling 832dd9e00a68:  72% ▕████████████      ▏ 8.2 KB/ 11 KB                  [K
verifying sha256 digest ⠦ [K[?25h[?2026l[?2026h[?25l[A[A[A[A[A[1Gpulling manifest [K
pulling 2bada8a74506: 100% ▕██████████████████▏ 4.7 GB                         [K
pulling 66b9ea09bd5b: 100% ▕██████████████████▏   68 B                         [K
pulling eb4402837c78: 100% ▕██████████████████▏ 1.5 KB                         [K
pulling 832dd9e00a68:  72% ▕████████████      ▏ 8.2 KB/ 11 KB                  [K
verifying sha256 digest ⠧ [K[?25h[?2026l[?2026h[?25l[A[A[A[A[A[1Gpulling manifest [K
pulling 2bada8a74506: 100% ▕██████████████████▏ 4.7 GB                         [K
pulling 66b9ea09bd5b: 100% ▕██████████████████▏   68 B                         [K
pulling eb4402837c78: 100% ▕██████████████████▏ 1.5 KB                         [K
pulling 832dd9e00a68:  72% ▕████████████      ▏ 8.2 KB/ 11 KB                  [K
verifying sha256 digest ⠇ [K[?25h[?2026l[?2026h[?25l[A[A[A[A[A[1Gpulling manifest [K
pulling 2bada8a74506: 100% ▕██████████████████▏ 4.7 GB                         [K
pulling 66b9ea09bd5b: 100% ▕██████████████████▏   68 B                         [K
pulling eb4402837c78: 100% ▕██████████████████▏ 1.5 KB                         [K
pulling 832dd9e00a68:  72% ▕████████████      ▏ 8.2 KB/ 11 KB                  [K
verifying sha256 digest ⠏ [K[?25h[?2026l[?2026h[?25l[A[A[A[A[A[1Gpulling manifest [K
pulling 2bada8a74506: 100% ▕██████████████████▏ 4.7 GB                         [K
pulling 66b9ea09bd5b: 100% ▕██████████████████▏   68 B                         [K
pulling eb4402837c78: 100% ▕██████████████████▏ 1.5 KB                         [K
pulling 832dd9e00a68:  72% ▕████████████      ▏ 8.2 KB/ 11 KB                  [K
verifying sha256 digest ⠋ [K[?25h[?2026l[?2026h[?25l[A[A[A[A[A[1Gpulling manifest [K
pulling 2bada8a74506: 100% ▕██████████████████▏ 4.7 GB                         [K
pulling 66b9ea09bd5b: 100% ▕██████████████████▏   68 B                         [K
pulling eb4402837c78: 100% ▕██████████████████▏ 1.5 KB                         [K
pulling 832dd9e00a68:  72% ▕████████████      ▏ 8.2 KB/ 11 KB                  [K
verifying sha256 digest ⠙ [K[?25h[?2026l[?2026h[?25l[A[A[A[A[A[1Gpulling manifest [K
pulling 2bada8a74506: 100% ▕██████████████████▏ 4.7 GB                         [K
pulling 66b9ea09bd5b: 100% ▕██████████████████▏   68 B                         [K
pulling eb4402837c78: 100% ▕██████████████████▏ 1.5 KB                         [K
pulling 832dd9e00a68:  72% ▕████████████      ▏ 8.2 KB/ 11 KB                  [K
verifying sha256 digest ⠹ [K[?25h[?2026l[?2026h[?25l[A[A[A[A[A[1Gpulling manifest [K
pulling 2bada8a74506: 100% ▕██████████████████▏ 4.7 GB                         [K
pulling 66b9ea09bd5b: 100% ▕██████████████████▏   68 B                         [K
pulling eb4402837c78: 100% ▕██████████████████▏ 1.5 KB                         [K
pulling 832dd9e00a68:  72% ▕████████████      ▏ 8.2 KB/ 11 KB                  [K
verifying sha256 digest ⠸ [K[?25h[?2026l[?2026h[?25l[A[A[A[A[A[1Gpulling manifest [K
pulling 2bada8a74506: 100% ▕██████████████████▏ 4.7 GB                         [K
pulling 66b9ea09bd5b: 100% ▕██████████████████▏   68 B                         [K
pulling eb4402837c78: 100% ▕██████████████████▏ 1.5 KB                         [K
pulling 832dd9e00a68:  72% ▕████████████      ▏ 8.2 KB/ 11 KB                  [K
verifying sha256 digest ⠼ [K[?25h[?2026l[?2026h[?25l[A[A[A[A[A[1Gpulling manifest [K
pulling 2bada8a74506: 100% ▕██████████████████▏ 4.7 GB                         [K
pulling 66b9ea09bd5b: 100% ▕██████████████████▏   68 B                         [K
pulling eb4402837c78: 100% ▕██████████████████▏ 1.5 KB                         [K
pulling 832dd9e00a68:  72% ▕████████████      ▏ 8.2 KB/ 11 KB                  [K
verifying sha256 digest ⠴ [K[?25h[?2026l[?2026h[?25l[A[A[A[A[A[1Gpulling manifest [K
pulling 2bada8a74506: 100% ▕██████████████████▏ 4.7 GB                         [K
pulling 66b9ea09bd5b: 100% ▕██████████████████▏   68 B                         [K
pulling eb4402837c78: 100% ▕██████████████████▏ 1.5 KB                         [K
pulling 832dd9e00a68:  72% ▕████████████      ▏ 8.2 KB/ 11 KB                  [K
verifying sha256 digest ⠦ [K[?25h[?2026l[?2026h[?25l[A[A[A[A[A[1Gpulling manifest [K
pulling 2bada8a74506: 100% ▕██████████████████▏ 4.7 GB                         [K
pulling 66b9ea09bd5b: 100% ▕██████████████████▏   68 B                         [K
pulling eb4402837c78: 100% ▕██████████████████▏ 1.5 KB                         [K
pulling 832dd9e00a68:  72% ▕████████████      ▏ 8.2 KB/ 11 KB                  [K
verifying sha256 digest ⠧ [K[?25h[?2026l[?2026h[?25l[A[A[A[A[A[1Gpulling manifest [K
pulling 2bada8a74506: 100% ▕██████████████████▏ 4.7 GB                         [K
pulling 66b9ea09bd5b: 100% ▕██████████████████▏   68 B                         [K
pulling eb4402837c78: 100% ▕██████████████████▏ 1.5 KB                         [K
pulling 832dd9e00a68:  72% ▕████████████      ▏ 8.2 KB/ 11 KB                  [K
verifying sha256 digest ⠇ [K[?25h[?2026l[?2026h[?25l[A[A[A[A[A[1Gpulling manifest [K
pulling 2bada8a74506: 100% ▕██████████████████▏ 4.7 GB                         [K
pulling 66b9ea09bd5b: 100% ▕██████████████████▏   68 B                         [K
pulling eb4402837c78: 100% ▕██████████████████▏ 1.5 KB                         [K
pulling 832dd9e00a68:  72% ▕████████████      ▏ 8.2 KB/ 11 KB                  [K
verifying sha256 digest ⠏ [K[?25h[?2026l[?2026h[?25l[A[A[A[A[A[1Gpulling manifest [K
pulling 2bada8a74506: 100% ▕██████████████████▏ 4.7 GB                         [K
pulling 66b9ea09bd5b: 100% ▕██████████████████▏   68 B                         [K
pulling eb4402837c78: 100% ▕██████████████████▏ 1.5 KB                         [K
pulling 832dd9e00a68:  72% ▕████████████      ▏ 8.2 KB/ 11 KB                  [K
verifying sha256 digest ⠋ [K[?25h[?2026l[?2026h[?25l[A[A[A[A[A[1Gpulling manifest [K
pulling 2bada8a74506: 100% ▕██████████████████▏ 4.7 GB                         [K
pulling 66b9ea09bd5b: 100% ▕██████████████████▏   68 B                         [K
pulling eb4402837c78: 100% ▕██████████████████▏ 1.5 KB                         [K
pulling 832dd9e00a68:  72% ▕████████████      ▏ 8.2 KB/ 11 KB                  [K
verifying sha256 digest ⠙ [K[?25h[?2026l[?2026h[?25l[A[A[A[A[A[1Gpulling manifest [K
pulling 2bada8a74506: 100% ▕██████████████████▏ 4.7 GB                         [K
pulling 66b9ea09bd5b: 100% ▕██████████████████▏   68 B                         [K
pulling eb4402837c78: 100% ▕██████████████████▏ 1.5 KB                         [K
pulling 832dd9e00a68:  72% ▕████████████      ▏ 8.2 KB/ 11 KB                  [K
verifying sha256 digest ⠹ [K[?25h[?2026l[?2026h[?25l[A[A[A[A[A[1Gpulling manifest [K
pulling 2bada8a74506: 100% ▕██████████████████▏ 4.7 GB                         [K
pulling 66b9ea09bd5b: 100% ▕██████████████████▏   68 B                         [K
pulling eb4402837c78: 100% ▕██████████████████▏ 1.5 KB                         [K
pulling 832dd9e00a68:  72% ▕████████████      ▏ 8.2 KB/ 11 KB                  [K
verifying sha256 digest ⠸ [K[?25h[?2026l[?2026h[?25l[A[A[A[A[A[1Gpulling manifest [K
pulling 2bada8a74506: 100% ▕██████████████████▏ 4.7 GB                         [K
pulling 66b9ea09bd5b: 100% ▕██████████████████▏   68 B                         [K
pulling eb4402837c78: 100% ▕██████████████████▏ 1.5 KB                         [K
pulling 832dd9e00a68:  72% ▕████████████      ▏ 8.2 KB/ 11 KB                  [K
verifying sha256 digest ⠼ [K[?25h[?2026l[?2026h[?25l[A[A[A[A[A[1Gpulling manifest [K
pulling 2bada8a74506: 100% ▕██████████████████▏ 4.7 GB                         [K
pulling 66b9ea09bd5b: 100% ▕██████████████████▏   68 B                         [K
pulling eb4402837c78: 100% ▕██████████████████▏ 1.5 KB                         [K
pulling 832dd9e00a68:  72% ▕████████████      ▏ 8.2 KB/ 11 KB                  [K
verifying sha256 digest ⠴ [K[?25h[?2026l[?2026h[?25l[A[A[A[A[A[1Gpulling manifest [K
pulling 2bada8a74506: 100% ▕██████████████████▏ 4.7 GB                         [K
pulling 66b9ea09bd5b: 100% ▕██████████████████▏   68 B                         [K
pulling eb4402837c78: 100% ▕██████████████████▏ 1.5 KB                         [K
pulling 832dd9e00a68:  72% ▕████████████      ▏ 8.2 KB/ 11 KB                  [K
verifying sha256 digest ⠦ [K[?25h[?2026l[?2026h[?25l[A[A[A[A[A[1Gpulling manifest [K
pulling 2bada8a74506: 100% ▕██████████████████▏ 4.7 GB                         [K
pulling 66b9ea09bd5b: 100% ▕██████████████████▏   68 B                         [K
pulling eb4402837c78: 100% ▕██████████████████▏ 1.5 KB                         [K
pulling 832dd9e00a68:  72% ▕████████████      ▏ 8.2 KB/ 11 KB                  [K
verifying sha256 digest ⠧ [K[?25h[?2026l[?2026h[?25l[A[A[A[A[A[1Gpulling manifest [K
pulling 2bada8a74506: 100% ▕██████████████████▏ 4.7 GB                         [K
pulling 66b9ea09bd5b: 100% ▕██████████████████▏   68 B                         [K
pulling eb4402837c78: 100% ▕██████████████████▏ 1.5 KB                         [K
pulling 832dd9e00a68:  72% ▕████████████      ▏ 8.2 KB/ 11 KB                  [K
verifying sha256 digest ⠇ [K[?25h[?2026l[?2026h[?25l[A[A[A[A[A[1Gpulling manifest [K
pulling 2bada8a74506: 100% ▕██████████████████▏ 4.7 GB                         [K
pulling 66b9ea09bd5b: 100% ▕██████████████████▏   68 B                         [K
pulling eb4402837c78: 100% ▕██████████████████▏ 1.5 KB                         [K
pulling 832dd9e00a68:  72% ▕████████████      ▏ 8.2 KB/ 11 KB                  [K
verifying sha256 digest ⠏ [K[?25h[?2026l[?2026h[?25l[A[A[A[A[A[1Gpulling manifest [K
pulling 2bada8a74506: 100% ▕██████████████████▏ 4.7 GB                         [K
pulling 66b9ea09bd5b: 100% ▕██████████████████▏   68 B                         [K
pulling eb4402837c78: 100% ▕██████████████████▏ 1.5 KB                         [K
pulling 832dd9e00a68:  72% ▕████████████      ▏ 8.2 KB/ 11 KB                  [K
verifying sha256 digest ⠋ [K[?25h[?2026l[?2026h[?25l[A[A[A[A[A[1Gpulling manifest [K
pulling 2bada8a74506: 100% ▕██████████████████▏ 4.7 GB                         [K
pulling 66b9ea09bd5b: 100% ▕██████████████████▏   68 B                         [K
pulling eb4402837c78: 100% ▕██████████████████▏ 1.5 KB                         [K
pulling 832dd9e00a68:  72% ▕████████████      ▏ 8.2 KB/ 11 KB                  [K
verifying sha256 digest ⠙ [K[?25h[?2026l[?2026h[?25l[A[A[A[A[A[1Gpulling manifest [K
pulling 2bada8a74506: 100% ▕██████████████████▏ 4.7 GB                         [K
pulling 66b9ea09bd5b: 100% ▕██████████████████▏   68 B                         [K
pulling eb4402837c78: 100% ▕██████████████████▏ 1.5 KB                         [K
pulling 832dd9e00a68:  72% ▕████████████      ▏ 8.2 KB/ 11 KB                  [K
verifying sha256 digest ⠹ [K[?25h[?2026l[?2026h[?25l[A[A[A[A[A[1Gpulling manifest [K
pulling 2bada8a74506: 100% ▕██████████████████▏ 4.7 GB                         [K
pulling 66b9ea09bd5b: 100% ▕██████████████████▏   68 B                         [K
pulling eb4402837c78: 100% ▕██████████████████▏ 1.5 KB                         [K
pulling 832dd9e00a68:  72% ▕████████████      ▏ 8.2 KB/ 11 KB                  [K
verifying sha256 digest ⠸ [K[?25h[?2026l[?2026h[?25l[A[A[A[A[A[1Gpulling manifest [K
pulling 2bada8a74506: 100% ▕██████████████████▏ 4.7 GB                         [K
pulling 66b9ea09bd5b: 100% ▕██████████████████▏   68 B                         [K
pulling eb4402837c78: 100% ▕██████████████████▏ 1.5 KB                         [K
pulling 832dd9e00a68:  72% ▕████████████      ▏ 8.2 KB/ 11 KB                  [K
verifying sha256 digest ⠼ [K[?25h[?2026l[?2026h[?25l[A[A[A[A[A[1Gpulling manifest [K
pulling 2bada8a74506: 100% ▕██████████████████▏ 4.7 GB                         [K
pulling 66b9ea09bd5b: 100% ▕██████████████████▏   68 B                         [K
pulling eb4402837c78: 100% ▕██████████████████▏ 1.5 KB                         [K
pulling 832dd9e00a68:  72% ▕████████████      ▏ 8.2 KB/ 11 KB                  [K
verifying sha256 digest ⠴ [K[?25h[?2026l[?2026h[?25l[A[A[A[A[A[1Gpulling manifest [K
pulling 2bada8a74506: 100% ▕██████████████████▏ 4.7 GB                         [K
pulling 66b9ea09bd5b: 100% ▕██████████████████▏   68 B                         [K
pulling eb4402837c78: 100% ▕██████████████████▏ 1.5 KB                         [K
pulling 832dd9e00a68:  72% ▕████████████      ▏ 8.2 KB/ 11 KB                  [K
verifying sha256 digest ⠦ [K[?25h[?2026l[?2026h[?25l[A[A[A[A[A[1Gpulling manifest [K
pulling 2bada8a74506: 100% ▕██████████████████▏ 4.7 GB                         [K
pulling 66b9ea09bd5b: 100% ▕██████████████████▏   68 B                         [K
pulling eb4402837c78: 100% ▕██████████████████▏ 1.5 KB                         [K
pulling 832dd9e00a68:  72% ▕████████████      ▏ 8.2 KB/ 11 KB                  [K
verifying sha256 digest ⠧ [K[?25h[?2026l[?2026h[?25l[A[A[A[A[A[1Gpulling manifest [K
pulling 2bada8a74506: 100% ▕██████████████████▏ 4.7 GB                         [K
pulling 66b9ea09bd5b: 100% ▕██████████████████▏   68 B                         [K
pulling eb4402837c78: 100% ▕██████████████████▏ 1.5 KB                         [K
pulling 832dd9e00a68:  72% ▕████████████      ▏ 8.2 KB/ 11 KB                  [K
verifying sha256 digest ⠇ [K[?25h[?2026l[?2026h[?25l[A[A[A[A[A[1Gpulling manifest [K
pulling 2bada8a74506: 100% ▕██████████████████▏ 4.7 GB                         [K
pulling 66b9ea09bd5b: 100% ▕██████████████████▏   68 B                         [K
pulling eb4402837c78: 100% ▕██████████████████▏ 1.5 KB                         [K
pulling 832dd9e00a68:  72% ▕████████████      ▏ 8.2 KB/ 11 KB                  [K
verifying sha256 digest ⠏ [K[?25h[?2026l[?2026h[?25l[A[A[A[A[A[1Gpulling manifest [K
pulling 2bada8a74506: 100% ▕██████████████████▏ 4.7 GB                         [K
pulling 66b9ea09bd5b: 100% ▕██████████████████▏   68 B                         [K
pulling eb4402837c78: 100% ▕██████████████████▏ 1.5 KB                         [K
pulling 832dd9e00a68:  72% ▕████████████      ▏ 8.2 KB/ 11 KB                  [K
verifying sha256 digest ⠋ [K[?25h[?2026l[?2026h[?25l[A[A[A[A[A[1Gpulling manifest [K
pulling 2bada8a74506: 100% ▕██████████████████▏ 4.7 GB                         [K
pulling 66b9ea09bd5b: 100% ▕██████████████████▏   68 B                         [K
pulling eb4402837c78: 100% ▕██████████████████▏ 1.5 KB                         [K
pulling 832dd9e00a68:  72% ▕████████████      ▏ 8.2 KB/ 11 KB                  [K
verifying sha256 digest ⠙ [K[?25h[?2026l[?2026h[?25l[A[A[A[A[A[1Gpulling manifest [K
pulling 2bada8a74506: 100% ▕██████████████████▏ 4.7 GB                         [K
pulling 66b9ea09bd5b: 100% ▕██████████████████▏   68 B                         [K
pulling eb4402837c78: 100% ▕██████████████████▏ 1.5 KB                         [K
pulling 832dd9e00a68:  72% ▕████████████      ▏ 8.2 KB/ 11 KB                  [K
verifying sha256 digest ⠹ [K[?25h[?2026l[?2026h[?25l[A[A[A[A[A[1Gpulling manifest [K
pulling 2bada8a74506: 100% ▕██████████████████▏ 4.7 GB                         [K
pulling 66b9ea09bd5b: 100% ▕██████████████████▏   68 B                         [K
pulling eb4402837c78: 100% ▕██████████████████▏ 1.5 KB                         [K
pulling 832dd9e00a68:  72% ▕████████████      ▏ 8.2 KB/ 11 KB                  [K
verifying sha256 digest ⠸ [K[?25h[?2026l[?2026h[?25l[A[A[A[A[A[1Gpulling manifest [K
pulling 2bada8a74506: 100% ▕██████████████████▏ 4.7 GB                         [K
pulling 66b9ea09bd5b: 100% ▕██████████████████▏   68 B                         [K
pulling eb4402837c78: 100% ▕██████████████████▏ 1.5 KB                         [K
pulling 832dd9e00a68:  72% ▕████████████      ▏ 8.2 KB/ 11 KB                  [K
verifying sha256 digest ⠼ [K[?25h[?2026l[?2026h[?25l[A[A[A[A[A[1Gpulling manifest [K
pulling 2bada8a74506: 100% ▕██████████████████▏ 4.7 GB                         [K
pulling 66b9ea09bd5b: 100% ▕██████████████████▏   68 B                         [K
pulling eb4402837c78: 100% ▕██████████████████▏ 1.5 KB                         [K
pulling 832dd9e00a68:  72% ▕████████████      ▏ 8.2 KB/ 11 KB                  [K
verifying sha256 digest ⠴ [K[?25h[?2026l[?2026h[?25l[A[A[A[A[A[1Gpulling manifest [K
pulling 2bada8a74506: 100% ▕██████████████████▏ 4.7 GB                         [K
pulling 66b9ea09bd5b: 100% ▕██████████████████▏   68 B                         [K
pulling eb4402837c78: 100% ▕██████████████████▏ 1.5 KB                         [K
pulling 832dd9e00a68:  72% ▕████████████      ▏ 8.2 KB/ 11 KB                  [K
verifying sha256 digest ⠦ [K[?25h[?2026l[?2026h[?25l[A[A[A[A[A[1Gpulling manifest [K
pulling 2bada8a74506: 100% ▕██████████████████▏ 4.7 GB                         [K
pulling 66b9ea09bd5b: 100% ▕██████████████████▏   68 B                         [K
pulling eb4402837c78: 100% ▕██████████████████▏ 1.5 KB                         [K
pulling 832dd9e00a68:  72% ▕████████████      ▏ 8.2 KB/ 11 KB                  [K
verifying sha256 digest ⠧ [K[?25h[?2026l[?2026h[?25l[A[A[A[A[A[1Gpulling manifest [K
pulling 2bada8a74506: 100% ▕██████████████████▏ 4.7 GB                         [K
pulling 66b9ea09bd5b: 100% ▕██████████████████▏   68 B                         [K
pulling eb4402837c78: 100% ▕██████████████████▏ 1.5 KB                         [K
pulling 832dd9e00a68:  72% ▕████████████      ▏ 8.2 KB/ 11 KB                  [K
verifying sha256 digest ⠇ [K[?25h[?2026l[?2026h[?25l[A[A[A[A[A[1Gpulling manifest [K
pulling 2bada8a74506: 100% ▕██████████████████▏ 4.7 GB                         [K
pulling 66b9ea09bd5b: 100% ▕██████████████████▏   68 B                         [K
pulling eb4402837c78: 100% ▕██████████████████▏ 1.5 KB                         [K
pulling 832dd9e00a68:  72% ▕████████████      ▏ 8.2 KB/ 11 KB                  [K
verifying sha256 digest ⠏ [K[?25h[?2026l[?2026h[?25l[A[A[A[A[A[1Gpulling manifest [K
pulling 2bada8a74506: 100% ▕██████████████████▏ 4.7 GB                         [K
pulling 66b9ea09bd5b: 100% ▕██████████████████▏   68 B                         [K
pulling eb4402837c78: 100% ▕██████████████████▏ 1.5 KB                         [K
pulling 832dd9e00a68:  72% ▕████████████      ▏ 8.2 KB/ 11 KB                  [K
verifying sha256 digest ⠋ [K[?25h[?2026l[?2026h[?25l[A[A[A[A[A[1Gpulling manifest [K
pulling 2bada8a74506: 100% ▕██████████████████▏ 4.7 GB                         [K
pulling 66b9ea09bd5b: 100% ▕██████████████████▏   68 B                         [K
pulling eb4402837c78: 100% ▕██████████████████▏ 1.5 KB                         [K
pulling 832dd9e00a68:  72% ▕████████████      ▏ 8.2 KB/ 11 KB                  [K
verifying sha256 digest ⠙ [K[?25h[?2026l[?2026h[?25l[A[A[A[A[A[1Gpulling manifest [K
pulling 2bada8a74506: 100% ▕██████████████████▏ 4.7 GB                         [K
pulling 66b9ea09bd5b: 100% ▕██████████████████▏   68 B                         [K
pulling eb4402837c78: 100% ▕██████████████████▏ 1.5 KB                         [K
pulling 832dd9e00a68:  72% ▕████████████      ▏ 8.2 KB/ 11 KB                  [K
verifying sha256 digest ⠹ [K[?25h[?2026l[?2026h[?25l[A[A[A[A[A[1Gpulling manifest [K
pulling 2bada8a74506: 100% ▕██████████████████▏ 4.7 GB                         [K
pulling 66b9ea09bd5b: 100% ▕██████████████████▏   68 B                         [K
pulling eb4402837c78: 100% ▕██████████████████▏ 1.5 KB                         [K
pulling 832dd9e00a68:  72% ▕████████████      ▏ 8.2 KB/ 11 KB                  [K
verifying sha256 digest ⠸ [K[?25h[?2026l[?2026h[?25l[A[A[A[A[A[1Gpulling manifest [K
pulling 2bada8a74506: 100% ▕██████████████████▏ 4.7 GB                         [K
pulling 66b9ea09bd5b: 100% ▕██████████████████▏   68 B                         [K
pulling eb4402837c78: 100% ▕██████████████████▏ 1.5 KB                         [K
pulling 832dd9e00a68:  72% ▕████████████      ▏ 8.2 KB/ 11 KB                  [K
verifying sha256 digest ⠼ [K[?25h[?2026l[?2026h[?25l[A[A[A[A[A[1Gpulling manifest [K
pulling 2bada8a74506: 100% ▕██████████████████▏ 4.7 GB                         [K
pulling 66b9ea09bd5b: 100% ▕██████████████████▏   68 B                         [K
pulling eb4402837c78: 100% ▕██████████████████▏ 1.5 KB                         [K
pulling 832dd9e00a68:  72% ▕████████████      ▏ 8.2 KB/ 11 KB                  [K
verifying sha256 digest ⠴ [K[?25h[?2026l[?2026h[?25l[A[A[A[A[A[1Gpulling manifest [K
pulling 2bada8a74506: 100% ▕██████████████████▏ 4.7 GB                         [K
pulling 66b9ea09bd5b: 100% ▕██████████████████▏   68 B                         [K
pulling eb4402837c78: 100% ▕██████████████████▏ 1.5 KB                         [K
pulling 832dd9e00a68:  72% ▕████████████      ▏ 8.2 KB/ 11 KB                  [K
verifying sha256 digest ⠦ [K[?25h[?2026l[?2026h[?25l[A[A[A[A[A[1Gpulling manifest [K
pulling 2bada8a74506: 100% ▕██████████████████▏ 4.7 GB                         [K
pulling 66b9ea09bd5b: 100% ▕██████████████████▏   68 B                         [K
pulling eb4402837c78: 100% ▕██████████████████▏ 1.5 KB                         [K
pulling 832dd9e00a68:  72% ▕████████████      ▏ 8.2 KB/ 11 KB                  [K
verifying sha256 digest ⠧ [K[?25h[?2026l[?2026h[?25l[A[A[A[A[A[1Gpulling manifest [K
pulling 2bada8a74506: 100% ▕██████████████████▏ 4.7 GB                         [K
pulling 66b9ea09bd5b: 100% ▕██████████████████▏   68 B                         [K
pulling eb4402837c78: 100% ▕██████████████████▏ 1.5 KB                         [K
pulling 832dd9e00a68:  72% ▕████████████      ▏ 8.2 KB/ 11 KB                  [K
verifying sha256 digest ⠇ [K[?25h[?2026l[?2026h[?25l[A[A[A[A[A[1Gpulling manifest [K
pulling 2bada8a74506: 100% ▕██████████████████▏ 4.7 GB                         [K
pulling 66b9ea09bd5b: 100% ▕██████████████████▏   68 B                         [K
pulling eb4402837c78: 100% ▕██████████████████▏ 1.5 KB                         [K
pulling 832dd9e00a68:  72% ▕████████████      ▏ 8.2 KB/ 11 KB                  [K
verifying sha256 digest ⠏ [K[?25h[?2026l[?2026h[?25l[A[A[A[A[A[1Gpulling manifest [K
pulling 2bada8a74506: 100% ▕██████████████████▏ 4.7 GB                         [K
pulling 66b9ea09bd5b: 100% ▕██████████████████▏   68 B                         [K
pulling eb4402837c78: 100% ▕██████████████████▏ 1.5 KB                         [K
pulling 832dd9e00a68:  72% ▕████████████      ▏ 8.2 KB/ 11 KB                  [K
verifying sha256 digest ⠋ [K[?25h[?2026l[?2026h[?25l[A[A[A[A[A[1Gpulling manifest [K
pulling 2bada8a74506: 100% ▕██████████████████▏ 4.7 GB                         [K
pulling 66b9ea09bd5b: 100% ▕██████████████████▏   68 B                         [K
pulling eb4402837c78: 100% ▕██████████████████▏ 1.5 KB                         [K
pulling 832dd9e00a68:  72% ▕████████████      ▏ 8.2 KB/ 11 KB                  [K
verifying sha256 digest ⠙ [K[?25h[?2026l[?2026h[?25l[A[A[A[A[A[1Gpulling manifest [K
pulling 2bada8a74506: 100% ▕██████████████████▏ 4.7 GB                         [K
pulling 66b9ea09bd5b: 100% ▕██████████████████▏   68 B                         [K
pulling eb4402837c78: 100% ▕██████████████████▏ 1.5 KB                         [K
pulling 832dd9e00a68:  72% ▕████████████      ▏ 8.2 KB/ 11 KB                  [K
verifying sha256 digest ⠹ [K[?25h[?2026l[?2026h[?25l[A[A[A[A[A[1Gpulling manifest [K
pulling 2bada8a74506: 100% ▕██████████████████▏ 4.7 GB                         [K
pulling 66b9ea09bd5b: 100% ▕██████████████████▏   68 B                         [K
pulling eb4402837c78: 100% ▕██████████████████▏ 1.5 KB                         [K
pulling 832dd9e00a68:  72% ▕████████████      ▏ 8.2 KB/ 11 KB                  [K
verifying sha256 digest ⠸ [K[?25h[?2026l[?2026h[?25l[A[A[A[A[A[1Gpulling manifest [K
pulling 2bada8a74506: 100% ▕██████████████████▏ 4.7 GB                         [K
pulling 66b9ea09bd5b: 100% ▕██████████████████▏   68 B                         [K
pulling eb4402837c78: 100% ▕██████████████████▏ 1.5 KB                         [K
pulling 832dd9e00a68:  72% ▕████████████      ▏ 8.2 KB/ 11 KB                  [K
verifying sha256 digest ⠼ [K[?25h[?2026l[?2026h[?25l[A[A[A[A[A[1Gpulling manifest [K
pulling 2bada8a74506: 100% ▕██████████████████▏ 4.7 GB                         [K
pulling 66b9ea09bd5b: 100% ▕██████████████████▏   68 B                         [K
pulling eb4402837c78: 100% ▕██████████████████▏ 1.5 KB                         [K
pulling 832dd9e00a68:  72% ▕████████████      ▏ 8.2 KB/ 11 KB                  [K
verifying sha256 digest ⠴ [K[?25h[?2026l[?2026h[?25l[A[A[A[A[A[1Gpulling manifest [K
pulling 2bada8a74506: 100% ▕██████████████████▏ 4.7 GB                         [K
pulling 66b9ea09bd5b: 100% ▕██████████████████▏   68 B                         [K
pulling eb4402837c78: 100% ▕██████████████████▏ 1.5 KB                         [K
pulling 832dd9e00a68:  72% ▕████████████      ▏ 8.2 KB/ 11 KB                  [K
verifying sha256 digest ⠦ [K[?25h[?2026l[?2026h[?25l[A[A[A[A[A[1Gpulling manifest [K
pulling 2bada8a74506: 100% ▕██████████████████▏ 4.7 GB                         [K
pulling 66b9ea09bd5b: 100% ▕██████████████████▏   68 B                         [K
pulling eb4402837c78: 100% ▕██████████████████▏ 1.5 KB                         [K
pulling 832dd9e00a68:  72% ▕████████████      ▏ 8.2 KB/ 11 KB                  [K
verifying sha256 digest ⠧ [K[?25h[?2026l[?2026h[?25l[A[A[A[A[A[1Gpulling manifest [K
pulling 2bada8a74506: 100% ▕██████████████████▏ 4.7 GB                         [K
pulling 66b9ea09bd5b: 100% ▕██████████████████▏   68 B                         [K
pulling eb4402837c78: 100% ▕██████████████████▏ 1.5 KB                         [K
pulling 832dd9e00a68:  72% ▕████████████      ▏ 8.2 KB/ 11 KB                  [K
verifying sha256 digest ⠇ [K[?25h[?2026l[?2026h[?25l[A[A[A[A[A[1Gpulling manifest [K
pulling 2bada8a74506: 100% ▕██████████████████▏ 4.7 GB                         [K
pulling 66b9ea09bd5b: 100% ▕██████████████████▏   68 B                         [K
pulling eb4402837c78: 100% ▕██████████████████▏ 1.5 KB                         [K
pulling 832dd9e00a68:  72% ▕████████████      ▏ 8.2 KB/ 11 KB                  [K
verifying sha256 digest ⠏ [K[?25h[?2026l[?2026h[?25l[A[A[A[A[A[1Gpulling manifest [K
pulling 2bada8a74506: 100% ▕██████████████████▏ 4.7 GB                         [K
pulling 66b9ea09bd5b: 100% ▕██████████████████▏   68 B                         [K
pulling eb4402837c78: 100% ▕██████████████████▏ 1.5 KB                         [K
pulling 832dd9e00a68:  72% ▕████████████      ▏ 8.2 KB/ 11 KB                  [K
verifying sha256 digest ⠋ [K[?25h[?2026l[?2026h[?25l[A[A[A[A[A[1Gpulling manifest [K
pulling 2bada8a74506: 100% ▕██████████████████▏ 4.7 GB                         [K
pulling 66b9ea09bd5b: 100% ▕██████████████████▏   68 B                         [K
pulling eb4402837c78: 100% ▕██████████████████▏ 1.5 KB                         [K
pulling 832dd9e00a68:  72% ▕████████████      ▏ 8.2 KB/ 11 KB                  [K
verifying sha256 digest ⠙ [K[?25h[?2026l[?2026h[?25l[A[A[A[A[A[1Gpulling manifest [K
pulling 2bada8a74506: 100% ▕██████████████████▏ 4.7 GB                         [K
pulling 66b9ea09bd5b: 100% ▕██████████████████▏   68 B                         [K
pulling eb4402837c78: 100% ▕██████████████████▏ 1.5 KB                         [K
pulling 832dd9e00a68:  72% ▕████████████      ▏ 8.2 KB/ 11 KB                  [K
verifying sha256 digest ⠹ [K[?25h[?2026l[?2026h[?25l[A[A[A[A[A[1Gpulling manifest [K
pulling 2bada8a74506: 100% ▕██████████████████▏ 4.7 GB                         [K
pulling 66b9ea09bd5b: 100% ▕██████████████████▏   68 B                         [K
pulling eb4402837c78: 100% ▕██████████████████▏ 1.5 KB                         [K
pulling 832dd9e00a68:  72% ▕████████████      ▏ 8.2 KB/ 11 KB                  [K
verifying sha256 digest ⠸ [K[?25h[?2026l[?2026h[?25l[A[A[A[A[A[1Gpulling manifest [K
pulling 2bada8a74506: 100% ▕██████████████████▏ 4.7 GB                         [K
pulling 66b9ea09bd5b: 100% ▕██████████████████▏   68 B                         [K
pulling eb4402837c78: 100% ▕██████████████████▏ 1.5 KB                         [K
pulling 832dd9e00a68:  72% ▕████████████      ▏ 8.2 KB/ 11 KB                  [K
verifying sha256 digest ⠼ [K[?25h[?2026l[?2026h[?25l[A[A[A[A[A[1Gpulling manifest [K
pulling 2bada8a74506: 100% ▕██████████████████▏ 4.7 GB                         [K
pulling 66b9ea09bd5b: 100% ▕██████████████████▏   68 B                         [K
pulling eb4402837c78: 100% ▕██████████████████▏ 1.5 KB                         [K
pulling 832dd9e00a68:  72% ▕████████████      ▏ 8.2 KB/ 11 KB                  [K
verifying sha256 digest ⠴ [K[?25h[?2026l[?2026h[?25l[A[A[A[A[A[1Gpulling manifest [K
pulling 2bada8a74506: 100% ▕██████████████████▏ 4.7 GB                         [K
pulling 66b9ea09bd5b: 100% ▕██████████████████▏   68 B                         [K
pulling eb4402837c78: 100% ▕██████████████████▏ 1.5 KB                         [K
pulling 832dd9e00a68:  72% ▕████████████      ▏ 8.2 KB/ 11 KB                  [K
verifying sha256 digest ⠦ [K[?25h[?2026l[?2026h[?25l[A[A[A[A[A[1Gpulling manifest [K
pulling 2bada8a74506: 100% ▕██████████████████▏ 4.7 GB                         [K
pulling 66b9ea09bd5b: 100% ▕██████████████████▏   68 B                         [K
pulling eb4402837c78: 100% ▕██████████████████▏ 1.5 KB                         [K
pulling 832dd9e00a68:  72% ▕████████████      ▏ 8.2 KB/ 11 KB                  [K
verifying sha256 digest ⠧ [K[?25h[?2026l[?2026h[?25l[A[A[A[A[A[1Gpulling manifest [K
pulling 2bada8a74506: 100% ▕██████████████████▏ 4.7 GB                         [K
pulling 66b9ea09bd5b: 100% ▕██████████████████▏   68 B                         [K
pulling eb4402837c78: 100% ▕██████████████████▏ 1.5 KB                         [K
pulling 832dd9e00a68:  72% ▕████████████      ▏ 8.2 KB/ 11 KB                  [K
verifying sha256 digest ⠇ [K[?25h[?2026l[?2026h[?25l[A[A[A[A[A[1Gpulling manifest [K
pulling 2bada8a74506: 100% ▕██████████████████▏ 4.7 GB                         [K
pulling 66b9ea09bd5b: 100% ▕██████████████████▏   68 B                         [K
pulling eb4402837c78: 100% ▕██████████████████▏ 1.5 KB                         [K
pulling 832dd9e00a68:  72% ▕████████████      ▏ 8.2 KB/ 11 KB                  [K
verifying sha256 digest ⠏ [K[?25h[?2026l[?2026h[?25l[A[A[A[A[A[1Gpulling manifest [K
pulling 2bada8a74506: 100% ▕██████████████████▏ 4.7 GB                         [K
pulling 66b9ea09bd5b: 100% ▕██████████████████▏   68 B                         [K
pulling eb4402837c78: 100% ▕██████████████████▏ 1.5 KB                         [K
pulling 832dd9e00a68:  72% ▕████████████      ▏ 8.2 KB/ 11 KB                  [K
verifying sha256 digest ⠋ [K[?25h[?2026l[?2026h[?25l[A[A[A[A[A[1Gpulling manifest [K
pulling 2bada8a74506: 100% ▕██████████████████▏ 4.7 GB                         [K
pulling 66b9ea09bd5b: 100% ▕██████████████████▏   68 B                         [K
pulling eb4402837c78: 100% ▕██████████████████▏ 1.5 KB                         [K
pulling 832dd9e00a68:  72% ▕████████████      ▏ 8.2 KB/ 11 KB                  [K
verifying sha256 digest ⠙ [K[?25h[?2026l[?2026h[?25l[A[A[A[A[A[1Gpulling manifest [K
pulling 2bada8a74506: 100% ▕██████████████████▏ 4.7 GB                         [K
pulling 66b9ea09bd5b: 100% ▕██████████████████▏   68 B                         [K
pulling eb4402837c78: 100% ▕██████████████████▏ 1.5 KB                         [K
pulling 832dd9e00a68:  72% ▕████████████      ▏ 8.2 KB/ 11 KB                  [K
verifying sha256 digest ⠹ [K[?25h[?2026l[?2026h[?25l[A[A[A[A[A[1Gpulling manifest [K
pulling 2bada8a74506: 100% ▕██████████████████▏ 4.7 GB                         [K
pulling 66b9ea09bd5b: 100% ▕██████████████████▏   68 B                         [K
pulling eb4402837c78: 100% ▕██████████████████▏ 1.5 KB                         [K
pulling 832dd9e00a68:  72% ▕████████████      ▏ 8.2 KB/ 11 KB                  [K
verifying sha256 digest ⠸ [K[?25h[?2026l[?2026h[?25l[A[A[A[A[A[1Gpulling manifest [K
pulling 2bada8a74506: 100% ▕██████████████████▏ 4.7 GB                         [K
pulling 66b9ea09bd5b: 100% ▕██████████████████▏   68 B                         [K
pulling eb4402837c78: 100% ▕██████████████████▏ 1.5 KB                         [K
pulling 832dd9e00a68:  72% ▕████████████      ▏ 8.2 KB/ 11 KB                  [K
verifying sha256 digest ⠼ [K[?25h[?2026l[?2026h[?25l[A[A[A[A[A[1Gpulling manifest [K
pulling 2bada8a74506: 100% ▕██████████████████▏ 4.7 GB                         [K
pulling 66b9ea09bd5b: 100% ▕██████████████████▏   68 B                         [K
pulling eb4402837c78: 100% ▕██████████████████▏ 1.5 KB                         [K
pulling 832dd9e00a68:  72% ▕████████████      ▏ 8.2 KB/ 11 KB                  [K
verifying sha256 digest ⠴ [K[?25h[?2026l[?2026h[?25l[A[A[A[A[A[1Gpulling manifest [K
pulling 2bada8a74506: 100% ▕██████████████████▏ 4.7 GB                         [K
pulling 66b9ea09bd5b: 100% ▕██████████████████▏   68 B                         [K
pulling eb4402837c78: 100% ▕██████████████████▏ 1.5 KB                         [K
pulling 832dd9e00a68:  72% ▕████████████      ▏ 8.2 KB/ 11 KB                  [K
verifying sha256 digest ⠦ [K[?25h[?2026l[?2026h[?25l[A[A[A[A[A[1Gpulling manifest [K
pulling 2bada8a74506: 100% ▕██████████████████▏ 4.7 GB                         [K
pulling 66b9ea09bd5b: 100% ▕██████████████████▏   68 B                         [K
pulling eb4402837c78: 100% ▕██████████████████▏ 1.5 KB                         [K
pulling 832dd9e00a68:  72% ▕████████████      ▏ 8.2 KB/ 11 KB                  [K
verifying sha256 digest ⠧ [K[?25h[?2026l[?2026h[?25l[A[A[A[A[A[1Gpulling manifest [K
pulling 2bada8a74506: 100% ▕██████████████████▏ 4.7 GB                         [K
pulling 66b9ea09bd5b: 100% ▕██████████████████▏   68 B                         [K
pulling eb4402837c78: 100% ▕██████████████████▏ 1.5 KB                         [K
pulling 832dd9e00a68:  72% ▕████████████      ▏ 8.2 KB/ 11 KB                  [K
verifying sha256 digest ⠇ [K[?25h[?2026l[?2026h[?25l[A[A[A[A[A[1Gpulling manifest [K
pulling 2bada8a74506: 100% ▕██████████████████▏ 4.7 GB                         [K
pulling 66b9ea09bd5b: 100% ▕██████████████████▏   68 B                         [K
pulling eb4402837c78: 100% ▕██████████████████▏ 1.5 KB                         [K
pulling 832dd9e00a68:  72% ▕████████████      ▏ 8.2 KB/ 11 KB                  [K
verifying sha256 digest ⠏ [K[?25h[?2026l[?2026h[?25l[A[A[A[A[A[1Gpulling manifest [K
pulling 2bada8a74506: 100% ▕██████████████████▏ 4.7 GB                         [K
pulling 66b9ea09bd5b: 100% ▕██████████████████▏   68 B                         [K
pulling eb4402837c78: 100% ▕██████████████████▏ 1.5 KB                         [K
pulling 832dd9e00a68:  72% ▕████████████      ▏ 8.2 KB/ 11 KB                  [K
verifying sha256 digest ⠋ [K[?25h[?2026l[?2026h[?25l[A[A[A[A[A[1Gpulling manifest [K
pulling 2bada8a74506: 100% ▕██████████████████▏ 4.7 GB                         [K
pulling 66b9ea09bd5b: 100% ▕██████████████████▏   68 B                         [K
pulling eb4402837c78: 100% ▕██████████████████▏ 1.5 KB                         [K
pulling 832dd9e00a68:  72% ▕████████████      ▏ 8.2 KB/ 11 KB                  [K
verifying sha256 digest ⠙ [K[?25h[?2026l[?2026h[?25l[A[A[A[A[A[1Gpulling manifest [K
pulling 2bada8a74506: 100% ▕██████████████████▏ 4.7 GB                         [K
pulling 66b9ea09bd5b: 100% ▕██████████████████▏   68 B                         [K
pulling eb4402837c78: 100% ▕██████████████████▏ 1.5 KB                         [K
pulling 832dd9e00a68:  72% ▕████████████      ▏ 8.2 KB/ 11 KB                  [K
verifying sha256 digest ⠹ [K[?25h[?2026l[?2026h[?25l[A[A[A[A[A[1Gpulling manifest [K
pulling 2bada8a74506: 100% ▕██████████████████▏ 4.7 GB                         [K
pulling 66b9ea09bd5b: 100% ▕██████████████████▏   68 B                         [K
pulling eb4402837c78: 100% ▕██████████████████▏ 1.5 KB                         [K
pulling 832dd9e00a68:  72% ▕████████████      ▏ 8.2 KB/ 11 KB                  [K
verifying sha256 digest ⠸ [K[?25h[?2026l[?2026h[?25l[A[A[A[A[A[1Gpulling manifest [K
pulling 2bada8a74506: 100% ▕██████████████████▏ 4.7 GB                         [K
pulling 66b9ea09bd5b: 100% ▕██████████████████▏   68 B                         [K
pulling eb4402837c78: 100% ▕██████████████████▏ 1.5 KB                         [K
pulling 832dd9e00a68:  72% ▕████████████      ▏ 8.2 KB/ 11 KB                  [K
verifying sha256 digest [K
writing manifest [K
success [K[?25h[?2026l
